Date,AI,Energy,Biotech,Space,VOO
2020-01-03,0.0,0.0,0.0,0.0,0.0
2020-01-06,0.0,0.0,0.0,0.0,0.0
2020-01-07,0.0,-0.005243504212288919,0.0,0.0,-0.0027579190335613735
2020-01-08,0.0,-0.023906735517739364,0.0,0.0,0.0
2020-01-09,0.0,-0.029889385850647487,0.0,0.0,0.0
2020-01-10,-0.011101811677519446,-0.007054003950194843,-0.003196641875478745,-0.0020161751622833624,-0.0028654337425670917
2020-01-13,0.0,0.0,0.0,-0.0020161751622833624,0.0
2020-01-14,-0.00620196666476458,-0.00588775686823495,0.0,0.0,-0.0013280896651205465
2020-01-15,-0.016748277597809502,-0.007017804089810564,0.0,0.0,0.0
2020-01-16,0.0,0.0,0.0,0.0,0.0
2020-01-17,0.0,0.0,-0.011852114694691052,0.0,0.0
2020-01-21,-0.003887142620802253,-0.01928942050361393,-0.01377594018055639,0.0,-0.002065190880125911
2020-01-22,0.0,-0.03367477300283228,-0.008495676830661436,0.0,-0.0018027888610729903
2020-01-23,0.0,-0.04300472159826296,-0.01814117658188641,-0.0010000228881834605,-0.0008193593889106454
2020-01-24,-0.012883322295134003,-0.06267095965673097,-0.03390101478345353,-0.0010000228881834605,-0.009932406429124851
2020-01-27,-0.05061064990210962,-0.08550926832260175,-0.03264758971086634,-0.0010000228881834605,-0.02566694764127242
2020-01-28,-0.033803537804882544,-0.07730655963979205,-0.012406065484575679,0.0,-0.01511151535238997
2020-01-29,-0.049517360881647265,-0.08236646858904606,0.0,-0.002988021223623072,-0.01609527516700182
2020-01-30,-0.06193378733106447,-0.0770759391788175,0.0,-0.002988021223623072,-0.013013840798063447
2020-01-31,-0.08872031720344165,-0.09664227895928434,-0.003768864834979846,-0.003984059960658204,-0.030715240954535594
2020-02-03,-0.07971491442530965,-0.08758139357127015,-0.009678545942742312,-0.002988021223623072,-0.023667494908597098
2020-02-04,-0.03861785717671962,-0.06186741540416507,0.0,-0.003984059960658204,-0.008621167132908392
2020-02-05,-0.023371200004928983,-0.05444971575169755,0.0,-0.003984059960658204,0.0
2020-02-06,-0.02770063423281821,-0.07700013886261903,-0.0003174194080930448,-0.003984059960658204,0.0
2020-02-07,-0.04098023275609697,-0.08815283965963538,-0.007870822601115712,-0.003984059960658204,-0.005083316321811693
2020-02-10,-0.014221791535065309,-0.0939803342995118,-0.013387731518979318,-0.002988021223623072,0.0
2020-02-11,0.0,-0.0682731022844284,-0.01208598717467435,-0.003984059960658204,0.0
2020-02-12,0.0,-0.05286563078240725,0.0,-0.003984059960658204,0.0
2020-02-13,-0.0036276124808168886,-0.06594162431181394,-0.005646395134570548,-0.002988021223623072,-0.0009676790642331179
2020-02-14,0.0,-0.06757671082293715,-0.007074643413818027,-0.003984059960658204,0.0
2020-02-18,-0.008167718802866819,-0.06394318444071478,0.0,-0.002988021223623072,-0.0027391280671472673
2020-02-19,0.0,-0.06595551199016336,0.0,-0.002988021223623072,0.0
2020-02-20,-0.0015940498863467045,-0.0771047725501357,0.0,-0.002988021223623072,-0.003923859472697466
2020-02-21,-0.057402824407499664,-0.08855458051998844,-0.0020001715798657616,-0.002988021223623072,-0.014248474870942496
2020-02-24,-0.1196355035687019,-0.11122506782800445,0.0,-0.002988021223623072,-0.04721487978852079
2020-02-25,-0.1625764067212918,-0.14327088093019513,-0.02071016639921719,-0.003984059960658204,-0.0758398554527917
2020-02-26,-0.16629207961312886,-0.16091597221990406,-0.05809477408172714,-0.002988021223623072,-0.07992415247379592
2020-02-27,-0.214518907001643,-0.17464654592007667,-0.09574529174539015,-0.005976137434728135,-0.12070651294336698
2020-02-28,-0.16409766944629967,-0.12688146524504806,-0.09672022943688585,-0.005976137434728135,-0.12601332247471853
2020-03-02,-0.13961491452641162,-0.123677960392376,-0.06887698512239993,-0.005976137434728135,-0.08700036668352817
2020-03-03,-0.1625972195063402,-0.13358098802532214,-0.0939756051302787,-0.005976137434728135,-0.11218333571378747
2020-03-04,-0.10491063833541514,-0.14142506078841388,-0.045225220806184296,-0.005976137434728135,-0.07538922581374274
2020-03-05,-0.13488804932536946,-0.16661459244897925,-0.05539323498235782,-0.006972081184281054,-0.1063619376015702
2020-03-06,-0.17031759847644734,-0.1859357305430961,-0.06479032574270194,-0.00667334555315624,-0.12134955960163119
2020-03-09,-0.2639389098993894,-0.32297535115604725,-0.11693344642273518,-0.008964158658351207,-0.1891484687991647
2020-03-10,-0.22840393945316462,-0.28896231920218873,-0.05464132022479462,-0.01294821861900941,-0.1475350202216138
2020-03-11,-0.3033340264144153,-0.3110930080114831,-0.08913263020596451,-0.01294821861900941,-0.18980140100333465
2020-03-12,-0.36685870428256706,-0.37440018457699786,-0.17270726462250807,-0.024402379132466123,-0.2681618545845924
2020-03-13,-0.27572755326497245,-0.35996050169033245,-0.10117950904906003,-0.023904359763948446,-0.1997862345231789
2020-03-16,-0.37578879932240017,-0.38396036251940113,-0.19441633224374566,-0.04382465956723891,-0.2937218248436845
2020-03-17,-0.28175187987695616,-0.3752886401635309,-0.14566094186231948,-0.04382465956723891,-0.24748113049158316
2020-03-18,-0.3410690502399649,-0.46827941109641646,-0.15219305916954362,-0.051792779488555096,-0.2886161834705464
2020-03-19,-0.31156518917991993,-0.42452408867984537,-0.15923195773497711,-0.052788818225590006,-0.28800219923685777
2020-03-20,-0.3183289938027757,-0.3828213099766772,-0.19541092484457723,-0.052788818225590006,-0.3190233664054365
2020-03-23,-0.297919148962265,-0.4324965000365735,-0.20250211904289395,-0.052788818225590006,-0.3399301075698652
2020-03-24,-0.22220411982174548,-0.3751837617342716,-0.17021345332458737,-0.04093628021231199,-0.2769833808307707
2020-03-25,-0.216142898484734,-0.3902853786350817,-0.16163928536433014,-0.034860595896369584,-0.2677094423061176
2020-03-26,-0.182766986471249,-0.3674243141322362,-0.11212673208369628,-0.03087653593571149,-0.22369823566233937
2020-03-27,-0.20692181275313193,-0.3651096233041289,-0.11629683757583209,-0.023904359763948224,-0.2475456836465415
2020-03-30,-0.17461686174214586,-0.35319669500143036,-0.07420931899839212,-0.023904359763948224,-0.22321341175794418
2020-03-31,-0.18454449698454245,-0.33226207906243466,-0.08395502697856638,-0.026892380987571407,-0.23474946569434696
2020-04-01,-0.249919214779869,-0.34240442599562737,-0.09604095718821637,0.0,-0.2692281430580026
2020-04-02,-0.24340769183658728,-0.3103732138584965,-0.07873816846436865,-0.014851541241502786,-0.2521343055668699
2020-04-03,-0.2757951964612638,-0.30598530820177505,-0.09079307835708239,-0.024752474312641715,-0.2631854275601243
2020-04-06,-0.20345177941477677,-0.2705504577079533,-0.06964193819126407,-0.02772283921485985,-0.2130670603022623
2020-04-07,-0.2010721888472955,-0.27054269506225836,-0.07215557777847281,-0.02772283921485985,-0.21264700563033168
2020-04-08,-0.17633458805982738,-0.24105654302781077,-0.05049759933972109,-0.022772325467692367,-0.18592367407819732
2020-04-09,-0.18365672575897796,-0.20815746869494023,-0.05562737526872408,-0.028316855541385855,-0.17383835112119395
2020-04-13,-0.18166999468462608,-0.21315000903764758,-0.048149832449692065,-0.024752474312641826,-0.1818520716106785
2020-04-14,-0.15618866145302324,-0.19810688754263084,-0.022421968236749912,-0.022772325467692367,-0.15687356592060164
2020-04-15,-0.17860725045653503,-0.19053601659848318,-0.030094436092509946,-0.022772325467692367,-0.1752277294856559
2020-04-16,-0.15347469606161068,-0.19189576340850623,-0.01940389857245972,-0.022772325467692367,-0.17105937831476425
2020-04-17,-0.15054559344312846,-0.15886762395024678,0.0,-0.025742595946714464,-0.14818130804246987
2020-04-20,-0.1526926919223951,-0.15680491232859817,0.0,-0.025742595946714464,-0.16353021163279213
2020-04-21,-0.17300332106025573,-0.17260539484740123,-0.027685830861131966,-0.025742595946714464,-0.18909028993063726
2020-04-22,-0.14442435666320708,-0.1731888214073074,0.0,-0.025742595946714464,-0.17125325385714574
2020-04-23,-0.13271287651004182,-0.15615929062493705,0.0,-0.01980205498867027,-0.17141471777360673
2020-04-24,-0.10549770124198532,-0.13427549463265798,0.0,-0.016831690086452133,-0.15939421806844445
2020-04-27,-0.07385639875088434,-0.13146424122810219,-0.0033693239977680145,-0.016831690086452133,-0.14724444999523556
2020-04-28,-0.07547416802635842,-0.12212215550544392,-0.02391391892246475,-0.016831690086452133,-0.15118651399782512
2020-04-29,-0.029191806007508703,-0.09682386540609345,-0.03842529368961789,-0.02178220383361973,-0.12931001698585298
2020-04-30,-0.0521465432646091,-0.09495641677320033,-0.032956346118180546,-0.02178220383361973,-0.1369037908421601
2020-05-01,-0.09371157145916276,-0.11330387352653482,-0.03805624340125113,-0.017821811720524994,-0.1604280408965576
2020-05-04,-0.09331227557969635,-0.08757612023999284,-0.026854339468984856,-0.017821811720524994,-0.15777844449692735
2020-05-05,-0.07255447688068584,-0.0963436735761749,-0.013742152065504887,-0.017821811720524994,-0.15002347682104178
2020-05-06,-0.05384214304676638,-0.10639211318969954,-0.01133269809135673,-0.018415922470247037,-0.15574272429223268
2020-05-07,-0.025990412704705146,-0.10018996946695402,-0.027326632852725408,-0.018415922470247037,-0.14575794479176496
2020-05-08,0.0,-0.08038580891320757,-0.019312502481082294,-0.01980205498867027,-0.1314751676167234
2020-05-11,0.0,-0.08389933784925019,0.0,-0.01980205498867027,-0.13134595326805332
2020-05-12,0.0,-0.09238351697058145,-0.008712933672766265,-0.01980205498867027,-0.1488275958633256
2020-05-13,0.0,-0.14326329797186266,-0.013128699086949358,-0.01980205498867027,-0.16391812477568446
2020-05-14,-0.0005417063863657479,-0.1483635883311769,-0.007865888268668075,-0.01980205498867027,-0.15383632647496126
2020-05-15,-0.009657490472291919,-0.1513868303363608,0.0,-0.01980205498867027,-0.15002347682104178
2020-05-18,0.0,-0.12997875701386086,0.0,-0.01980205498867027,-0.12404312777375992
2020-05-19,0.0,-0.13432089831622185,-0.007426107363456502,-0.01980205498867027,-0.13231543901871423
2020-05-20,0.0,-0.09554772614218399,-0.011441796821487937,-0.01980205498867027,-0.11816193021171928
2020-05-21,-0.036719526930155455,-0.11510361802109004,-0.02644173585061127,-0.01980205498867027,-0.1244953239747284
2020-05-22,-0.02826168225391401,-0.09993387836007306,-0.028485220437964753,-0.01980205498867027,-0.12252404888623925
2020-05-26,-0.0315219904212265,-0.08328016490973267,-0.03513273209738366,-0.01980205498867027,-0.11124690982156538
2020-05-27,-0.0438984697216136,-0.07725756674207629,-0.049181146217527005,-0.01980205498867027,-0.09828928197228626
2020-05-28,-0.03947463120570649,-0.0888445986198294,-0.040396123853128074,-0.01980205498867027,-0.10006624936338149
2020-05-29,-0.006641067934347045,-0.07430586919065096,-0.02076299182734931,-0.022772325467692367,-0.09602716656053645
2020-06-01,-0.013128850349130472,-0.07810901977408835,-0.012691579213653825,-0.016831690086452133,-0.09208477844168761
2020-06-02,-0.012690451212793108,-0.0451510899347034,0.0,-0.016831690086452133,-0.08462048903093311
2020-06-03,0.0,-0.03266673260553077,0.0,-0.016831690086452133,-0.07253538215143596
2020-06-04,-0.010602834760655377,-0.058256305249559936,-0.019012807953568744,-0.016831690086452133,-0.07489397616967586
2020-06-05,0.0,-0.03730534532930507,-0.019006736174665195,-0.017821811720524994,-0.05124061980536143
2020-06-08,-0.02486218395701245,-0.024108059562261475,-0.010358379554349484,-0.014356480424466689,-0.03973686945612609
2020-06-09,-0.0026958982859599523,-0.011422606858987105,-0.015696885932950155,-0.017821811720525216,-0.046555303201036624
2020-06-10,0.0,-0.047988136189376696,-0.016125576736337965,-0.017821811720525216,-0.05250045970489392
2020-06-11,-0.06982913125548329,-0.10078320604212732,-0.0649364938236856,-0.017821811720525216,-0.10711070017971136
2020-06-12,-0.05672761445156038,-0.08434723314549175,-0.0702264471682913,-0.017821811720525216,-0.09635052654847054
2020-06-15,-0.026680213426781396,-0.0802987731939877,-0.08357564633079184,-0.017821811720525216,-0.08811035683255408
2020-06-16,-0.021622258367576586,-0.06153273759909794,-0.01043974302165429,-0.01287129797335762,-0.07027305066217993
2020-06-17,-0.020861029137901332,-0.0684333612681286,-0.005734788244976308,-0.01287129797335762,-0.0745385286720801
2020-06-18,-0.002126872019774795,-0.05547345832974493,-0.011141116593805678,-0.01287129797335762,-0.07369895952198413
2020-06-19,-0.010027213968984539,-0.05160755337344902,-0.0030239521691373117,-0.007920784226190136,-0.07915945417957593
2020-06-22,0.0,-0.061169193869179295,0.0,-0.004950513747168039,-0.073052563662375
2020-06-23,-0.01071562547900995,-0.07408067264293727,0.0,-0.002178248710321351,-0.0688516928268097
2020-06-24,-0.03851026049614659,-0.10258741986844366,-0.005262045884218081,-0.0059406353812409,-0.0926666751657148
2020-06-25,-0.009793040466328118,-0.08281780787471371,0.0,-0.0059406353812409,-0.08306948469188069
2020-06-26,-0.044288397075752495,-0.10918200966298497,-0.017888793913027556,-0.0059406353812409,-0.10455790650283059
2020-06-29,-0.04124718163688823,-0.08535633395496689,-0.01740051002480536,0.0,-0.09149056529981048
2020-06-30,-0.03732318296948878,-0.05948855133831654,-0.008732900947049482,-0.006896521916752163,-0.07937499149194793
2020-07-01,-0.07350682879875281,-0.06605075334777566,-0.011389577757764946,0.0,-0.07307373925797656
2020-07-02,-0.06322707401333694,-0.060797657431386765,-0.012401137368591053,0.0,-0.06839630948262576
2020-07-06,-0.0303927551562736,-0.03139428559327395,-0.0085945900777753,-0.0019569919022601745,-0.0539419127483346
2020-07-07,-0.04675478811881284,-0.012735529422321368,-0.010842704683903692,-0.003913890490010452,-0.06375150741070168
2020-07-08,-0.04386206783962188,-0.012211135026793718,-0.007203069092071912,-0.011741671470031245,-0.05680040207702286
2020-07-09,-0.017191044978303704,-0.02819361276205412,-0.018693582415023058,-0.009784772882280968,-0.0616075863948089
2020-07-10,-0.016365112340563703,-0.029103587078285087,-0.025619854049658053,-0.011741671470031245,-0.05218790359226633
2020-07-13,-0.049106619410250074,-0.034954909646340404,-0.03561835162080895,-0.009784772882280968,-0.06076326353957795
2020-07-14,-0.026732316788544375,-0.01969910937602115,-0.020199545825621223,-0.009784772882280968,-0.048192846581296744
2020-07-15,-0.016067313165791686,0.0,-0.004083301217606028,-0.004892386441140428,-0.039747349215173644
2020-07-16,-0.03636920728917126,-0.011937234030914401,-0.02669125151258811,-0.003913890490010452,-0.04254079921451448
2020-07-17,-0.025665827390553564,0.0,-0.018655871350001685,-0.008806276931150991,-0.0400071824163033
2020-07-20,0.0,-0.014166287426532365,-0.023249957409215094,-0.0019569919022603965,-0.03201674427810486
2020-07-21,-0.023950749457742004,-6.008578308003276e-05,-0.03710209072226234,0.0,-0.030003226037165875
2020-07-22,-0.019924913395862776,0.0,-0.03733663761003703,0.0,-0.024481149290325077
2020-07-23,-0.02446755103033249,0.0,-0.04304564877316064,0.0,-0.036142312102781404
2020-07-24,-0.03677390053453389,-0.013947947086896395,-0.05814884830748468,-0.00970877472018672,-0.042378308929899244
2020-07-27,0.0,-0.00806123906363776,-0.045163334172479086,-0.008737878730220361,-0.035394900009052876
2020-07-28,-0.016022315654287134,-0.015621064427965292,-0.045095919023109166,0.0,-0.041371819906312335
2020-07-29,0.0,-0.06992452092122192,-0.049552049919611374,-0.00970877472018672,-0.02977558838445038
2020-07-30,0.0,-0.08066017540033299,-0.07201372583711485,-0.012135922105364738,-0.03331623440001352
2020-07-31,0.0,-0.08224224691782478,-0.08853090455379542,-0.011650474110381559,-0.025228237267794218
2020-08-03,0.0,-0.07425819370766928,-0.06060159557768874,-0.01116502611539838,-0.01908936727968502
2020-08-04,0.0,-0.04477082836561452,-0.0637855353015655,-0.00970877472018672,-0.01496412357126764
2020-08-05,0.0,-0.04668812146206769,-0.06951227892074896,-0.00970877472018672,-0.008825361621911498
2020-08-06,0.0,-0.041957503324890455,-0.0774930113244523,-0.00970877472018672,-0.0021667171927892692
2020-08-07,-0.010304103442146273,-0.03718585879495406,-0.07491676692146665,-0.01456316208028019,-0.001646618635517183
2020-08-10,-0.024436064748421416,-0.025956102050468166,-0.08233267622256857,-0.0213592488305685,0.0
2020-08-11,-0.03365741770250941,-0.04484256747179094,-0.09680254509858166,-0.023300948220763118,-0.008075803645697155
2020-08-12,0.0,-0.032393996475576725,-0.08537805397559184,-0.023300948220763118,0.0
2020-08-13,-0.020829403672863567,-0.029846882003498165,-0.09416179193992158,-0.019417456850636006,-0.0017092093361964489
2020-08-14,-0.04786590663845769,-0.025909167968748203,-0.09490293399132577,-0.02330094822076334,-0.0017092093361964489
2020-08-17,-0.019723195774422275,-0.030290826841429697,-0.08526955154081262,-0.025242740200695835,0.0
2020-08-18,-0.041314288878900984,-0.040083120610396206,-0.07975730824474636,-0.02621363619066197,0.0
2020-08-19,-0.05439548019379814,-0.041273922332307755,-0.09802493530054379,-0.02330094822076334,-0.004242249711435941
2020-08-20,-0.05559667792731615,-0.030559098298768572,-0.1029433051648675,-0.025242740200695835,-0.001092470696237191
2020-08-21,-0.04685217945818887,-0.04328278327246382,-0.10645754128637153,-0.02766988758587363,0.0
2020-08-24,-0.041652493587558403,-0.02392057275412085,-0.11121958519018638,-0.02378639621574652,0.0
2020-08-25,-0.048486256607993106,-0.010240522643252259,-0.11439425172237094,-0.025242740200695835,0.0
2020-08-26,-0.026815079754679783,-0.0218000404136246,-0.11567889481737803,-0.024271844210729476,0.0
2020-08-27,-0.05028565884234737,-0.004990580289393476,-0.11388589699841278,-0.023300948220763118,0.0
2020-08-28,-0.008063981051643854,0.0,-0.11718251585021677,-0.020388352840602142,0.0
2020-08-31,0.0,-0.008282556045967837,-0.1102071497592656,-0.019417456850636006,-0.0035075644635770287
2020-09-01,0.0,0.0,-0.11950625694490691,-0.019417456850636006,0.0
2020-09-02,0.0,-0.006664142705128606,-0.0977186843094413,-0.01456316208028019,0.0
2020-09-03,-0.10309787317660679,-0.03589702231050651,-0.11817015955484123,-0.024271844210729476,-0.034616754422531315
2020-09-04,-0.11938162240104189,-0.04506992341593574,-0.1091624202506134,-0.024271844210729476,-0.04234358748133249
2020-09-08,-0.16061439467960703,-0.08004081143063835,-0.12512918338803036,-0.019417456850636006,-0.06865597947281721
2020-09-09,-0.12833527289715296,-0.06928340506866781,-0.11226805919075555,-0.01456316208028019,-0.05028289630777827
2020-09-10,-0.1564169738025949,-0.0801382575977676,-0.1352995755610279,-0.011650474110381559,-0.06689172234880836
2020-09-11,-0.16341753669658454,-0.06991593260361062,-0.12943259336478086,-0.019417456850636006,-0.06619217117857279
2020-09-14,-0.11879093003333485,-0.05043617464293415,-0.11690742553276223,-0.0213592488305685,-0.05405504943602868
2020-09-15,-0.1010221670628475,-0.0670031927697814,-0.10987447728491984,-0.020388352840602364,-0.04918783667291271
2020-09-16,-0.1271938016789229,-0.047120899208043854,-0.10587594388930566,-0.009708774720186941,-0.053020595984410335
2020-09-17,-0.13699943312478235,-0.0559826111643702,-0.0989176816746824,-0.013592266090314276,-0.06129470591330177
2020-09-18,-0.14273598386322583,-0.07537726204689177,-0.09803345129531549,-0.013592266090314276,-0.07221515093873809
2020-09-21,-0.12783761332251842,-0.08475363931802093,-0.12674975091955198,-0.017475757460441388,-0.08228387167273055
2020-09-22,-0.0983940555899172,-0.06898886752737698,-0.1250290115406193,-0.013592266090314054,-0.07300586433118694
2020-09-23,-0.14018175098294527,-0.11014084678013814,-0.13261683202037566,-0.011650474110381559,-0.09448200431426979
2020-09-24,-0.12288155475946616,-0.10749784165040177,-0.13831540043850155,-0.019417456850636006,-0.09198763998105919
2020-09-25,-0.09776418083526672,-0.10316610828172645,-0.13174527297991145,-0.018446653450407302,-0.07744721494858076
2020-09-28,-0.07904757637194793,-0.10247958415548875,-0.1334047035272572,-0.018446653450407302,-0.061994358262474014
2020-09-29,-0.07476745123595319,-0.10655914925232235,-0.1407942301501982,-0.018446653450407302,-0.06734318276558426
2020-09-30,-0.0689606899668338,-0.13096077377444337,-0.135794718095416,-0.022330144820534636,-0.06016413247155805
2020-10-01,-0.0608422247342556,-0.14105884388396916,-0.1373995794359627,-0.023300948220763118,-0.05420722255723642
2020-10-02,-0.08063749883308824,-0.13920938816218043,-0.14008423833832218,-0.019417456850636006,-0.06300564173752521
2020-10-05,-0.0637296991389873,-0.1282687684681414,-0.11975674000895076,-0.01456316208028019,-0.04663124729346291
2020-10-06,-0.034852631837556824,-0.14913708023699235,-0.13817109636453762,-0.0213592488305685,-0.05995034137773292
2020-10-07,-0.017115393604024587,-0.14496162012858382,-0.12038592045597118,-0.018446653450407524,-0.04382090114008386
2020-10-08,-0.01390770935230512,-0.1294801592386321,-0.10266278624663006,-0.018932101445390703,-0.0353586995673586
2020-10-09,-0.01078688072860401,-0.12813363394101962,-0.09654741516255416,-0.019417456850636228,-0.026774375017705854
2020-10-12,-0.0034912645408005094,-0.12593359550953032,-0.1023869095327401,-0.019417456850636228,-0.011072314609833267
2020-10-13,-0.014945415375401505,-0.1271579156430871,-0.09767662460410587,-0.017475757460441388,-0.017396099349621386
2020-10-14,-0.026806905734884312,-0.1274477270859582,-0.09571577032315415,-0.018446653450407524,-0.02353604196092829
2020-10-15,0.0,-0.12217591177536424,-0.0882088081639637,-0.019417456850636006,-0.024696867904826614
2020-10-16,-0.015365880385474928,-0.1337316845023797,-0.08231309687197697,-0.02048547947549384,-0.02552177977797243
2020-10-19,-0.025198805199992402,-0.13712071545089755,-0.08687322524777175,-0.010679670710153077,-0.04024635047574299
2020-10-20,-0.03547581265915911,-0.11785363666268678,-0.07376337889217677,-0.010679670710153077,-0.03645831225438767
2020-10-21,-0.03822149338286773,-0.11932866669422015,-0.08236058275517921,-0.013592266090314054,-0.03819970293864072
2020-10-22,-0.01440292161676937,-0.11010375450506993,-0.06871003768169459,-0.017475757460441166,-0.03291472234476067
2020-10-23,-0.018930575599542587,-0.123353991374195,-0.06371701507808802,-0.01650486147047503,-0.029615681925798998
2020-10-26,-0.019079746770093053,-0.1397348139608514,-0.06294066812731669,-0.018446653450407524,-0.04748631048982721
2020-10-27,0.0,-0.1373868440198136,-0.09598888949989937,-0.018446653450407524,-0.0506331777875807
2020-10-28,-0.03346720576301909,-0.15052463099481206,-0.06639976243446433,-0.009708774720186941,-0.08332044988202514
2020-10-29,-0.023167399336590844,-0.13638291634879174,-0.06828481912724826,-0.024271844210729476,-0.07366696750537238
2020-10-30,-0.055054293579720026,-0.14115490274626852,-0.061395240242435034,-0.024271844210729476,-0.08408414849830192
2020-11-02,-0.03891420560371606,-0.14670445783299202,-0.05806051497374243,-0.024757292205712655,-0.07342262037258107
2020-11-03,-0.020561854722363382,-0.13031383006291075,-0.05152780438260185,-0.03106802355075544,-0.05707898432535885
2020-11-04,0.0,-0.15758182165795875,0.0,-0.03106802355075544,-0.03584749501187812
2020-11-05,0.0,-0.13804148233846214,-0.01664002951337995,-0.03106802355075544,-0.01696821362515999
2020-11-06,0.0,-0.1306009206697306,-0.032566715514969036,-0.02815533558085681,-0.017090437781024148
2020-11-09,-0.004742415276044687,-0.10544314391797627,-0.032603475442785634,-0.026213636190662193,-0.0048400968080063445
2020-11-10,-0.039084052033966366,-0.1023955880091112,-0.0075077337158236945,-0.02233014482053508,-0.006123450444579737
2020-11-11,0.0,-0.05858096582205008,-0.01050260121418578,-0.02233014482053508,0.0
2020-11-12,-0.029283145269711985,-0.10332164469039562,-0.02140942271270685,-0.018446653450407746,-0.009248288103811286
2020-11-13,0.0,-0.0974273418434699,-0.011447258311253816,-0.018446653450407746,0.0
2020-11-16,0.0,-0.09351082073970363,-0.012595585109540841,-0.020873800835585543,0.0
2020-11-17,0.0,-0.0796569360522218,-0.016739900398717866,-0.020388352840602364,-0.004984864091115426
2020-11-18,0.0,-0.08429341269932888,-0.03297325155433084,-0.013592266090314054,-0.017056790789474308
2020-11-19,0.0,-0.05891791236153787,-0.02464565430190957,-0.018446653450407524,-0.012942803411418069
2020-11-20,-0.014985895875031519,-0.062170290526863736,-0.01989172559570984,-0.013592266090314276,-0.01954957094701193
2020-11-23,0.0,-0.04747710094440094,-0.02069398211737783,-0.017767044775378937,-0.013753506482243272
2020-11-24,0.0,-0.004814919971701581,-0.023819653171925137,-0.019417456850636228,0.0
2020-11-25,0.0,-0.00940183063309219,-0.02562245793253415,-0.018446607155538808,-0.0016474840613037722
2020-11-27,-0.017723524945544078,-0.01346463149572985,-0.014873472247533326,-0.014618747543107435,0.0
2020-11-30,-0.014657664003261961,-0.03635974601298253,-0.031392280317712795,-0.007852930802976443,-0.0044891005324989575
2020-12-01,-0.027044949264822482,-0.04074330969369455,-0.032239295895061026,-0.002691205414657838,0.0
2020-12-02,-0.058745314969284146,-0.022278987212613344,-0.03798815098738395,0.0,0.0
2020-12-03,-0.04405834613062798,-0.01906790359120225,-0.04637700135734468,-0.0004897271716194362,-0.00029709159806667884
2020-12-04,-0.03270302052754881,0.0,-0.01906430756942945,0.0,0.0
2020-12-07,0.0,0.0,-0.03529209383212628,0.0,-0.0018540230262603652
2020-12-08,-0.006357217131527704,0.0,-0.010214741696013219,0.0,0.0
2020-12-09,-0.05010151301711352,-0.030245802045884784,0.0,0.0,-0.0088783143977198
2020-12-10,-0.05306160696522333,0.0,0.0,0.0,-0.009348305005697055
2020-12-11,-0.044557191186821776,0.0,0.0,0.0,-0.010612615766953382
2020-12-14,-0.030085625878440547,-0.01302694068907595,0.0,-0.002415468062415882,-0.015139598018308775
2020-12-15,-0.029000934566621117,0.0,0.0,-0.00043001277078114075,-0.001528564854906822
2020-12-16,-0.04495986973294841,-0.02884900465632656,0.0,0.0,-2.220446049250313e-16
2020-12-17,-0.02097749580565622,-0.042547380048267414,0.0,-0.028444082315791208,0.0
2020-12-18,-0.03234408541756062,-0.041102756222694214,-0.008918275254857666,-0.026557567804829985,-0.004005703508215497
2020-12-21,0.0,-0.048186477517844106,-0.0189227364184974,-0.007399412491931323,-0.007075832565389684
2020-12-22,0.0,-0.052986696106770315,-0.02417127833852517,0.0,-0.009033944085941714
2020-12-23,-0.004189517505340912,-0.033042618991870776,-0.017765236756221547,0.0,-0.008241209125148474
2020-12-24,-0.011446215429913198,-0.0366870000537014,-0.012717696603749329,0.0,-0.004277824842179423
2020-12-28,-0.037473580289307806,-0.02318128906346295,-0.012631612526792235,0.0,0.0
2020-12-29,-0.06396918962013631,-0.022009773326558735,-0.013908468285698028,-0.013648610396293281,-0.002104606908159168
2020-12-30,-0.04555582660434898,-0.017817109813018317,-0.015471109621332468,-0.03242906259829714,-0.0007599647998033365
2020-12-31,-0.068940880007347,-0.023669718028875297,0.0,-0.03626529013592672,0.0
2021-01-04,-0.06971800606096501,-0.03314190519026028,-0.0028087084314167843,-0.04956407443914801,-0.01355870454358754
2021-01-05,-0.03394482582548397,0.0,0.0,-0.041981297239371496,-0.0070700590972714306
2021-01-06,-0.06558285853473234,0.0,0.0,-0.04622110079211583,-0.0010471780035611333
2021-01-07,-0.013147438078348728,0.0,0.0,-0.05073943823351956,0.0
2021-01-08,-0.015611711724626609,-0.0171560303373256,-0.004147640433203259,-0.053625963425535716,0.0
2021-01-11,0.0,0.0,0.0,-0.060873170931003195,-0.006535157748010945
2021-01-12,0.0,-0.015321031623519166,-0.03056686057358815,-0.058185777317842136,-0.0064495924210017375
2021-01-13,-0.00627305849035753,-0.028312266976099565,-0.01860222803349698,-0.024492502879749356,-0.003966597706096087
2021-01-14,-0.017569945674096088,-0.020188505459062145,0.0,0.0,-0.007334143991855058
2021-01-15,-0.0180758288768903,-0.04933443431745521,0.0,-0.005759714435878749,-0.014411121346318168
2021-01-19,0.0,-0.04104657155895708,0.0,0.0,-0.006620723075020041
2021-01-20,0.0,-0.05613368239599248,0.0,-0.004346705517336957,0.0
2021-01-21,0.0,-0.0663258065269684,-0.009063992439941382,0.0,0.0
2021-01-22,0.0,-0.07300675922408395,0.0,-0.006037794856081025,-0.0035680097630148566
2021-01-25,0.0,-0.06703200559843259,0.0,-0.04016596618533619,0.0
2021-01-26,-0.018991154510465513,-0.09001413437395112,-0.01241494060224102,-0.0626007957433159,-0.001499951174801506
2021-01-27,-0.007773757185666308,-0.10989180690821976,-0.05150817552568454,-0.10736694066726782,-0.025726771948607285
2021-01-28,-0.03336965321024876,-0.07682380885570528,-0.019502544754278595,-0.06884501063106208,-0.01754719753629741
2021-01-29,-0.05024923361702649,-0.08871470457946484,-0.026218731544952134,-0.08688085958169456,-0.0372172176134431
2021-02-01,-0.043114077990066835,-0.008285699828487814,-0.0244492024028361,-0.056072124550840985,-0.021396452956688017
2021-02-02,-0.061049206818766355,-0.031100468565176898,-0.033237445548824684,-0.051518405686373,-0.007330127985502477
2021-02-03,-0.058465498625554724,-0.02381267007925658,-0.03439240458302839,-0.024662053249577598,-0.0063398073243775555
2021-02-04,-0.043692980072586485,-0.035769522620491934,-0.02890783321887669,0.0,0.0
2021-02-05,-0.02926853735247803,-0.0049862039069356046,-0.023078608679136914,-0.013160638484377873,0.0
2021-02-08,0.0,0.0,-0.014603975637553668,0.0,0.0
2021-02-09,0.0,0.0,-0.03311413390508067,0.0,-0.0008076651761176334
2021-02-10,-0.008550092289203781,0.0,-0.020091007960715168,-0.025186169936475822,-0.0011975344899761708
2021-02-11,-0.0035019760658867582,-0.01942891033391758,-0.019553190054578562,-0.02968406971783044,0.0
2021-02-12,-0.05406854444608755,-0.019583609578997296,-0.013620742712952882,-0.0517181869745279,0.0
2021-02-16,-0.07939019911401934,0.0,-0.011229959919742405,-0.0399444010593214,-0.0009417376137019762
2021-02-17,-0.10173296592540493,-0.0002837574125462705,-0.0006327765031286514,-0.053306803327941354,-0.0007200071918496143
2021-02-18,-0.13325082535140798,-0.03783067994853684,-0.02344931451031862,-0.05484662100716664,-0.004985325776531657
2021-02-19,-0.07868508337471647,-0.006371635051838687,-0.008017492801069559,-0.0526185286264822,-0.0068130714788717794
2021-02-22,-0.11057653873429718,-0.01733999017215304,-0.010141868976244695,-0.10180322658382157,-0.014623975536017797
2021-02-23,-0.13778458380098413,-0.021011052432961086,-0.01118260389739345,-0.14100568640195477,-0.0133776440918848
2021-02-24,-0.11857557369846983,-0.012788630186889138,-0.002415340828158752,-0.16524854887084617,-0.002465072205365515
2021-02-25,-0.19214446983925504,-0.017554287127560575,-0.018193241862741516,-0.21100212577256106,-0.02639523890790607
2021-02-26,-0.17874087183490672,-0.04647865244839444,-0.020327502297392885,-0.2173490532276584,-0.031740613960301034
2021-03-01,-0.15762678838218858,-0.02959752928566406,-0.004566424765865329,-0.037070658844450155,-0.008115041088191277
2021-03-02,-0.17621233418275783,0.0,-0.023783471745280838,-0.12576332856495087,-0.015787169491940478
2021-03-03,-0.21244774653558796,0.0,-0.03880366174617278,-0.16969526628335163,-0.028776990905306943
2021-03-04,-0.22504417920598985,-0.0013367214390652693,-0.05072844096603757,-0.21223828155814428,-0.04074230265627021
2021-03-05,-0.23470261630319111,-0.019986519495790334,-0.023787530957310565,-0.15894961203889468,-0.02315461270538166
2021-03-08,-0.27776006089184424,-0.02775158207817674,-0.03615099435364233,-0.21263590332539561,-0.02794607282259265
2021-03-09,-0.23273128986148917,-0.029955904415394197,-0.04154375518589304,-0.1967614266287322,-0.014346972388486923
2021-03-10,-0.230984999839411,-0.0011635920698952473,-0.04105907305320455,-0.19317609604535402,-0.008253725381710542
2021-03-11,-0.18772134597253431,0.0,-0.04420141966660074,-0.14722630373433432,0.0
2021-03-12,-0.20653336272997458,0.0,-0.03547161471891225,-0.1377247911543431,0.0
2021-03-15,-0.2022458655605336,0.0,-0.06541370901289056,-0.1407978330013674,0.0
2021-03-16,-0.2093246507933899,-0.005601751257180987,-0.054081637908461766,-0.1770015233168427,-0.001124616382817134
2021-03-17,-0.20661323993719116,0.0,-0.051351683430355344,-0.17093342057872452,0.0
2021-03-18,-0.2496552451909021,-0.05541275707832072,-0.06073629814977499,-0.20963814706147466,-0.014702491675734675
2021-03-19,-0.24138335797125288,-0.05845560432653629,-0.06047875336061759,-0.20099942412329896,-0.01645463109477152
2021-03-22,-0.2415422335361801,-0.05377662727921151,-0.06136053495649563,-0.1322061658035849,-0.008679145531069188
2021-03-23,-0.25984802892027326,-0.08754955216660487,-0.07637686560928703,-0.17127863955121514,-0.015961799549506717
2021-03-24,-0.27727680395898424,-0.08072764059290394,-0.0873016774559483,-0.22492849529334935,-0.021410491649363816
2021-03-25,-0.2734851142772792,-0.07822790673367486,-0.06831488355349113,-0.20552184211721147,-0.015907522151906606
2021-03-26,-0.2537872268611616,-0.07065762998723468,-0.05475259202112648,-0.20065036622612642,0.0
2021-03-29,-0.2742955787402418,-0.07955008950800546,-0.05687363728739525,-0.21676852920890322,-0.0006041876497939747
2021-03-30,-0.27303436017629035,-0.09900829925591947,-0.07018402845923122,-0.24033518534629994,-0.0031591853408597936
2021-03-31,-0.24380570275374447,-0.08447554506105448,-0.06181849637367409,-0.21837686998194672,0.0
2021-04-01,-0.2262632495232635,-0.06817247609611088,0.0,-0.23963646351757373,0.0
2021-04-05,-0.20490176265673343,-0.042506293270011875,0.0,-0.21314965101089867,0.0
2021-04-06,-0.20847186701424492,-0.06121564103086563,-0.008505407705512669,-0.24666094195544652,-0.0005621280918035598
2021-04-07,-0.2112149245098084,-0.0531419955567034,-0.011229884258271428,-0.24703943198658795,0.0
2021-04-08,-0.19552090537143063,-0.04895862908532356,0.0,-0.2683489847197378,0.0
2021-04-09,-0.18678489653130625,-0.05944192100005041,0.0,-0.29514797750395305,0.0
2021-04-12,-0.1659683999385364,-0.0779288907049176,-0.01896419158465734,-0.31432822931123783,0.0
2021-04-13,-0.13575477387849133,-0.07491226034627396,-0.015295061292761702,-0.34818076083587446,0.0
2021-04-14,-0.1546654743677669,-0.07327361792946185,-0.00543024565268968,-0.35884820932917505,-0.0032152321460497957
2021-04-15,-0.1439857364894036,-0.06721932480860815,-0.00021752728532187238,-0.3681230250532964,0.0
2021-04-16,-0.15721455643781534,-0.07609440018511815,0.0,-0.38095074026592235,0.0
2021-04-19,-0.18871120408929187,-0.07747767646364001,0.0,-0.41165122201630033,-0.004926965178289722
2021-04-20,-0.19846037296023844,-0.0928584481240129,0.0,-0.38147219480334094,-0.012225392206271724
2021-04-21,-0.1820909995949055,-0.07668434439847782,0.0,-0.37915563194929125,-0.0029456918271704158
2021-04-22,-0.19015825913370055,-0.09191677838865486,-0.016346006803566127,-0.3527043616659148,-0.012095158012633167
2021-04-23,-0.16951393203102016,-0.07457035022471425,-0.016254747093776833,-0.3195098159352987,-0.0015643525706945383
2021-04-26,-0.15744922262804395,-0.07032132455102513,-0.01871812694756103,-0.3192996997593629,0.0
2021-04-27,-0.1700641002359159,-0.06269715925324704,-0.04075942362505569,-0.3331360115264198,-0.00031246047683231026
2021-04-28,-0.17603357410962317,-0.037051834392561434,-0.04210088854723015,-0.34140375395087474,-0.0007814508938260856
2021-04-29,-0.19038630657842537,-0.03917423026724354,-0.04093843633985306,-0.3499587656921461,0.0
2021-04-30,-0.217720099380445,-0.04241443798685818,-0.04573051758535229,-0.35455252062024845,-0.006604220827506002
2021-05-03,-0.22952368272778767,0.0,-0.036962822894308744,-0.3763231563551077,-0.004350971006891746
2021-05-04,-0.25499259096529026,-0.003889751370385275,-0.04637738786877732,-0.37837048495967995,-0.01041130981755145
2021-05-05,-0.2586444664763543,0.0,-0.02793736364506194,-0.40083770062013013,-0.01023007256385522
2021-05-06,-0.2878326456304344,-0.023918253344007434,-0.040104550831567165,-0.40072905905370604,-0.002175613195263937
2021-05-07,-0.2723423670662656,0.0,-0.02794613290427217,-0.38551964939118555,0.0
2021-05-10,-0.3032236798137522,-0.01657527939376413,-0.04336615085117723,-0.4094126685123919,-0.009793105411184388
2021-05-11,-0.2715074746777911,-0.014116603591268428,-0.032256465231947695,-0.41132518136268414,-0.018477880232190325
2021-05-12,-0.3118844698059786,-0.025285837293928526,-0.03314405039023949,-0.42301060153435366,-0.03942968242143963
2021-05-13,-0.3156531284099099,-0.03678553389322525,-0.030888073685481188,-0.4233014294578755,-0.028013386031273346
2021-05-14,-0.2767252477276425,-0.003134854678976784,-0.017478533345880787,-0.41732847328080536,-0.013091583311746535
2021-05-17,-0.2738532809025823,0.0,-0.018138343840461757,-0.4241385856605694,-0.01546266872520452
2021-05-18,-0.27068739106081663,-0.010486106159021569,-0.02700846782948274,-0.41036630346097636,-0.02396718311393442
2021-05-19,-0.26707010739749815,-0.028929755020400294,-0.03673358341218069,-0.41095536158155666,-0.026544195741143972
2021-05-20,-0.25508980739821785,-0.01735635929113033,-0.026109390165786617,-0.41300238290696967,-0.01615846721708214
2021-05-21,-0.2452629053505635,-0.02527718042164684,-0.03129447542753838,-0.41143597049422065,-0.01690593810730945
2021-05-24,-0.2292318111251198,-0.023719960406001772,-0.02881432787804672,-0.4147546128577707,-0.006984075244499288
2021-05-25,-0.22712260574640142,-0.023166932530729323,-0.04176165579723934,-0.42447022247323285,-0.009071386011282101
2021-05-26,-0.21014216790615936,-0.014433564408563582,-0.03931508422141816,-0.4232908687001541,-0.007267426346925676
2021-05-27,-0.2048208547315401,0.0,-0.04054808462639936,-0.4233919041985895,-0.0068292274671495345
2021-05-28,-0.1935938006408493,-0.010307703914507638,-0.038834390176741174,-0.4260688884154237,-0.004896510351167449
2021-06-01,-0.19097701734184103,0.0,-0.06289849580792806,-0.4299080563629353,-0.00566973273171989
2021-06-02,-0.16444873423520656,0.0,-0.0774531911562425,-0.4161728921448792,-0.00399436110128959
2021-06-03,-0.17298407842281727,-0.0010687080121266623,-0.05956363990763214,-0.3883741417093849,-0.007782710279978011
2021-06-04,-0.15120169370787317,0.0,-0.05923595095594214,-0.3812634809869184,0.0
2021-06-07,-0.14589150047763844,0.0,-0.011664202712143745,-0.39159578060494193,-0.0008492787433855842
2021-06-08,-0.141823670068159,0.0,-0.03093377070800285,-0.2232388733382491,-0.0006949567242646726
2021-06-09,-0.14749247419536404,-0.011451116456916433,-0.007132716894590607,-0.2659313048100662,-0.0022652509539156096
2021-06-10,-0.1490873335437788,-0.006201330922526727,0.0,-0.2994515578471336,0.0
2021-06-11,-0.13598022784522057,-0.007871317741232065,-0.024027376823158253,-0.2867608787197118,0.0
2021-06-14,-0.11774398696176991,-0.056470331201909474,-0.018206454334975475,-0.30791226407245675,0.0
2021-06-15,-0.1360326536601092,-0.03579443568453,-0.027087036546900145,-0.2833834980046245,-0.002096720455539547
2021-06-16,-0.13988619140479774,-0.032642544641356075,-0.01949095230467579,-0.2633484573763173,-0.007568819600007659
2021-06-17,-0.11636131024235263,-0.06807890798550797,-0.019023550356628616,-0.2621736937696041,-0.007926958213855695
2021-06-18,-0.125647830711338,-0.09665570222144393,-0.0376429837191502,-0.27580999048457844,-0.021095717566560368
2021-06-21,-0.12427628384272182,-0.07001914563301481,-0.023962165214569064,-0.3043743471200019,-0.007389624217533197
2021-06-22,-0.11697101891761819,-0.05370711163866371,-0.02487047462560532,-0.3053010914996509,-0.002122271767111994
2021-06-23,-0.0973967694483917,-0.05233685100254648,-0.05119418583651569,-0.3116516438551299,-0.003196267356821214
2021-06-24,-0.08671043042896054,-0.04450795415617914,-0.0135001643637076,-0.308003650582384,0.0
2021-06-25,-0.08784586725505783,-0.04674360472961514,-0.007394673890490533,-0.2716837430495882,0.0
2021-06-28,-0.06061160602889726,-0.06880930883388792,-0.019481664951298994,-0.26337465640747837,0.0
2021-06-29,-0.0642863482826288,-0.07270848284740694,-0.017509196308975072,-0.26827472733516444,0.0
2021-06-30,-0.0704678827889973,-0.06899734492620435,-0.010499301603148825,-0.17078422302561713,0.0
2021-07-01,-0.08649980343413366,-0.06269422611405684,0.0,-0.16779875495289798,0.0
2021-07-02,-0.08328893311270436,-0.06470135827287582,0.0,-0.14568997987154875,0.0
2021-07-06,-0.07341789965710643,-0.07322006989875307,0.0,-0.15030314014339707,-0.0018808901560148916
2021-07-07,-0.10874150483125533,-0.07467501901656193,0.0,-0.17375857223957325,0.0
2021-07-08,-0.11817975309541928,-0.09225522956772447,-0.005265996994543443,-0.1759312298419089,-0.007962528851391593
2021-07-09,-0.10719268352157552,-0.08296118344029191,0.0,-0.15416421259206958,0.0
2021-07-12,-0.10681363530410126,-0.09729066852655688,-0.0028124018909545523,-0.13072600466171547,0.0
2021-07-13,-0.11814571459668144,-0.11898079241809834,-0.010297101116773621,-0.18145525352184444,-0.003384681984437643
2021-07-14,-0.13207650321077968,-0.12730008693827777,-0.007981114718641824,-0.21650295941502862,-0.002015792247686554
2021-07-15,-0.15450356238617635,-0.13242274382835895,-0.016601332617986575,-0.2627971866932173,-0.005226091816132872
2021-07-16,-0.1712248999949041,-0.1435914210598621,-0.012362725637773186,-0.2361604012843539,-0.012966013364426932
2021-07-19,-0.16398484196527496,-0.1672494848870445,-0.013251810383811069,-0.24836207554093603,-0.02772386923519954
2021-07-20,-0.1480555058106261,-0.14564033459134307,-0.008356355771748869,-0.22949809155790724,-0.013986464370019824
2021-07-21,-0.1251205462030357,-0.1277217377888451,-0.008056370518988665,-0.2169497115411939,-0.0056991010623138605
2021-07-22,-0.133651623902595,-0.12812266651552462,0.0,-0.20559175073599478,-0.00358368501269124
2021-07-23,-0.13669162974603977,-0.1354503732477884,0.0,-0.19620984359766713,0.0
2021-07-26,-0.15243720208191325,-0.12063916072937575,-0.005446658547519911,-0.21919966144547498,0.0
2021-07-27,-0.16484880443785432,-0.13265028747009733,0.0,-0.24417908919943332,-0.004440059519697059
2021-07-28,-0.14013592248031714,-0.1135949076043743,0.0,-0.25851293301415923,-0.004982572752244563
2021-07-29,-0.13746377461063408,-0.09557752657156093,-0.005736411046929124,-0.2635702496579345,-0.0006905448444070039
2021-07-30,-0.1446988507740259,-0.11183780135735766,-0.015624482797354733,-0.2654702326527636,-0.005574780002965407
2021-08-02,-0.1372550547007162,-0.1212256253020455,-0.014958500333810298,-0.25385255526867945,-0.007597124534421518
2021-08-03,-0.1447516878886539,-0.11722554685876363,0.0,-0.27245714180903846,0.0
2021-08-04,-0.12708183206923906,-0.13257871024005963,0.0,-0.2589718462224627,-0.00478316558330627
2021-08-05,-0.11992365316217601,-0.1271588297503169,0.0,-0.2556129679901735,0.0
2021-08-06,-0.1364555431324872,-0.126931818621963,0.0,-0.2717740295877801,0.0
2021-08-09,-0.12479512131283033,-0.13692508631253864,-0.006088149663550646,-0.26759188500670483,-0.0009585347759315521
2021-08-10,-0.14275944998239143,-0.10296598726085615,-0.009914979598969476,-0.26261017793259334,0.0
2021-08-11,-0.15572672224526807,-0.11323763723705471,-0.0249042996533263,-0.2565328677674634,0.0
2021-08-12,-0.1229864981074944,-0.11053755949941046,-0.022471448225506063,-0.28933655266740754,0.0
2021-08-13,-0.12118401755156016,-0.12670859749684527,-0.022133899752607045,-0.29214001757747776,0.0
2021-08-16,-0.13447692048424897,-0.14519893355887448,-0.01913138133431358,-0.32286978470620076,0.0
2021-08-17,-0.15158852058918182,-0.14994537694991095,-0.0036000498251709256,-0.3590409956875614,-0.006594737936730599
2021-08-18,-0.1444182266294305,-0.15114818218263548,-0.012159347715275048,-0.3463412930399371,-0.01727738753738972
2021-08-19,-0.15037947075455704,-0.17654745544481532,-0.014335795252173655,-0.36494450347198426,-0.015890330675152997
2021-08-20,-0.13530748640998003,-0.1616720568954917,-0.0056356211962910185,-0.33902649146561237,-0.008103600711926728
2021-08-23,-0.1043326320968565,-0.13160137250772375,-0.00473323503462586,-0.2871172602975033,0.0
2021-08-24,-0.09894022907546851,-0.11798164066764605,-0.0174113799393244,-0.2640891895181112,0.0
2021-08-25,-0.10126054069471424,-0.10821634689235626,-0.01556985641240416,-0.30034406838212435,0.0
2021-08-26,-0.10447300261731352,-0.11362324390690859,-0.019631845806030945,-0.25533292382365647,-0.0058403629367261845
2021-08-27,-0.07408624795923668,-0.0865084875366352,-0.009878525601552779,-0.24377796080113867,0.0
2021-08-30,-0.07549447032987378,-0.08801799456293036,-0.004225300651802377,-0.20833351735279815,0.0
2021-08-31,-0.07291122568473962,-0.07959854641277442,-0.0036836000733234675,-0.20865374758145683,-0.0017079685078877915
2021-09-01,-0.07535082645811875,-0.05932777996961869,-0.010314908383589616,-0.2071977898414773,-0.0006497166727886805
2021-09-02,-0.07610964156875943,-0.01325570011356536,-0.0071898160268515365,-0.1450695703541709,0.0
2021-09-03,-0.07044316853422139,0.0,-0.010796861579171924,-0.07629245623829417,-0.0003842375506207807
2021-09-07,-0.07043676483718575,0.0,-0.026427653217832026,-0.06635600194888425,-0.004079615466881958
2021-09-08,-0.09341249492805104,0.0,-0.02040622593352348,-0.04178953892670012,-0.0050394232600654565
2021-09-09,-0.08144327956745856,-0.011259361130922518,-0.048067651064905625,0.0,-0.009502726019210095
2021-09-10,-0.07966022743075107,0.0,-0.050481009301279745,-0.05741105053114648,-0.01715752725527897
2021-09-13,-0.0871651790488055,0.0,-0.05497879843321085,-0.12785365112990688,-0.014854067159975837
2021-09-14,-0.08543733448169699,-0.01546790877526838,-0.06724131434182623,-0.14075345120138827,-0.019965259831603577
2021-09-15,-0.07150942722968368,0.0,-0.07535681426993068,-0.15895531102932836,-0.01178244639677839
2021-09-16,-0.05365748720180197,-0.021699763635531943,-0.07870864047066661,-0.12451258076109462,-0.0134860462734262
2021-09-17,-0.06471571474333926,-0.07399024211900118,-0.091945166856927,-0.09013870208915697,-0.023156679700190752
2021-09-20,-0.10540768737812878,-0.10653848635528318,-0.09246919263254527,-0.15703343322027385,-0.039114250693148445
2021-09-21,-0.10234067035919236,-0.09841972818698352,-0.09461725913663166,-0.17291327614318408,-0.040050082943586474
2021-09-22,-0.07523273647273654,-0.088716353653292,-0.0912599174826847,-0.1745466921165938,-0.03078758400185122
2021-09-23,-0.050905672589945605,-0.0630338547061563,-0.08680068897015103,-0.16183405765366465,-0.019077300058319424
2021-09-24,-0.05808401126570795,-0.08548420393007194,-0.1000148033134195,-0.17357788196368007,-0.017445548201570737
2021-09-27,-0.07978113372203144,-0.05896270477747745,-0.10985502747420639,-0.1500710311337966,-0.020229226626813035
2021-09-28,-0.11919445054185873,-0.05378023414483046,-0.13665830891371267,-0.13956971568641363,-0.0398101702994591
2021-09-29,-0.13526617892661197,-0.05957917772366772,-0.12456274545476187,-0.176183320443144,-0.0382982175481007
2021-09-30,-0.13893609676090657,-0.0329186309683539,-0.1254224787673166,-0.14381847874544273,-0.05048023012118974
2021-10-01,-0.12916612471026778,-0.018719802594652335,-0.1250584763969932,-0.15887759807549984,-0.03911692337660222
2021-10-04,-0.1812864673281961,-0.007262755481086347,-0.13533750485512386,-0.19538316730816652,-0.050937652033436476
2021-10-05,-0.170478198069701,-0.013334460100432488,-0.11576415649640637,-0.2000504936822779,-0.04171681551024231
2021-10-06,-0.1677736257864132,-0.028347407452438023,-0.11458693667702013,-0.22504511090709256,-0.03745577200186401
2021-10-07,-0.14615033558886348,-0.005561427728895674,-0.0946044001599301,-0.17779889879959077,-0.029173833454245734
2021-10-08,-0.15378722415001833,-0.031905473077198265,-0.09442272466102686,-0.21041593562065253,-0.03100352110323301
2021-10-11,-0.16473514380584853,-0.017389543340213365,-0.10036826752385919,-0.22734438283695324,-0.0380574402122672
2021-10-12,-0.16412160567727507,0.0,-0.1093283269579497,-0.21563922759201082,-0.03998358029059401
2021-10-13,-0.1516428182465268,0.0,-0.11132999285601197,-0.2196275884242237,-0.036901819051940565
2021-10-14,-0.12818756419203925,-0.0022543505024483768,-0.10725476300877501,-0.218460225970325,-0.020723280024041113
2021-10-15,-0.13202109273409757,0.0,-0.10627161991325773,-0.25642599835672464,-0.013091668247348975
2021-10-18,-0.12291603417607522,0.0,-0.11077420621127454,-0.26294638526274905,-0.010082226678615913
2021-10-19,-0.11082020209774579,-0.011604817709711779,-0.09965810063697567,-0.2644912530031276,-0.002378452448677071
2021-10-20,-0.12050657677658694,-0.0258570979605115,-0.08276236161171402,-0.24808935770566465,0.0
2021-10-21,-0.10356779374143765,-0.03308095816668921,-0.0914011176461983,-0.2520110753724105,0.0
2021-10-22,-0.109917036444654,-0.03762924494216502,-0.08570719248197545,-0.2494898644422744,-0.0010073138107853374
2021-10-25,-0.09009524160158189,-0.014573007640293456,-0.08247925119012056,-0.22923669058997742,0.0
2021-10-26,-0.07171055186797859,-0.012178262232103387,-0.07826667959088329,-0.21276964917577024,0.0
2021-10-27,-0.08353020822167767,-0.043665414561795624,-0.08548710437426565,-0.23369292190244317,-0.004342013803551592
2021-10-28,-0.052976249783412976,-0.049116567106483267,-0.06486195643015713,-0.20367339216191394,0.0
2021-10-29,-0.0455552752117242,-0.07627619120348639,-0.06569038752142109,-0.18342274365837985,0.0
2021-11-01,-0.019659333371118026,-0.05164513890337308,-0.06833744346955117,-0.1576172721496789,0.0
2021-11-02,-0.016963325020937225,-0.05043672037324709,-0.0579994442239532,-0.15360375115744374,0.0
2021-11-03,-0.010912439048692546,-0.00997280023737368,-0.013763092049819514,-0.12650328573441072,0.0
2021-11-04,0.0,-0.01102910649290112,-0.009279631880318662,-0.08734268006854018,0.0
2021-11-05,-0.004798230033962181,-0.003404252595880397,-0.01813221624899297,-0.10425712583294511,0.0
2021-11-08,0.0,0.0,-0.026922885560073606,-0.1350455609853095,0.0
2021-11-09,-0.02975780375164261,-0.011723387106930439,-0.031748025860218854,-0.11301791313937182,-0.0035016768630753425
2021-11-10,-0.06652622799134122,-0.04673503207867458,-0.018200527227979157,-0.14003397468318213,-0.011525087905362441
2021-11-11,-0.04348930355458491,-0.026904143934534996,-0.02582628263045772,-0.13045998836706607,-0.011200716947647904
2021-11-12,-0.04658606475870786,-0.02613077806993458,-0.023897978185982383,-0.11365112694941482,-0.0038495200422862252
2021-11-15,-0.04159805192139199,-0.038149895731619754,-0.02211063428470228,-0.1274994752814883,-0.003385905809306644
2021-11-16,-0.0440140343251374,-0.039299420989196476,-0.02772252755736615,-0.09291295985480319,0.0
2021-11-17,-0.06237936135230582,-0.047958199653552636,-0.0303571449127098,-0.08329488104631233,-0.002410650912832213
2021-11-18,-0.05202741937842681,-0.02906538456991048,-0.022298711771386537,-0.11453809132895365,0.0
2021-11-19,-0.044658133103850695,-0.06716077951019328,-0.02704792886786722,-0.1195655243341609,-0.001875567898551922
2021-11-22,-0.06420682892358276,-0.08495507890327492,-0.032902542334996565,-0.11506377894983633,-0.0045151384421181495
2021-11-23,-0.06832517895541124,-0.06121572846251988,-0.02358977439435639,-0.1855337109351023,-0.0032187911535072056
2021-11-24,-0.05048435983895139,-0.04736459553852501,-0.026905924962796424,-0.15026814942767475,-0.0007641538578089246
2021-11-26,-0.07128751548935364,-0.0778323165743654,-0.04582868882781721,-0.15191174281399433,-0.022507268421007365
2021-11-29,-0.054811778752561824,-0.060595357828159946,-0.05509281236711028,-0.17149609853544623,-0.01069800279652966
2021-11-30,-0.06592651812017958,-0.10232812286996396,-0.07864044653412428,-0.1775397189079273,-0.02963914427469827
2021-12-01,-0.10657341615372229,-0.1302133677941245,-0.07749116079446139,-0.21431744006553344,-0.040800236254870725
2021-12-02,-0.09093731326536858,-0.10259072471436537,-0.07943970713951409,-0.22621468841976455,-0.026166013200574878
2021-12-03,-0.11774691463367226,-0.13174928683256826,-0.09173488248679285,-0.28169554640370464,-0.03477969883552556
2021-12-06,-0.11842997636685071,-0.12078383708944684,-0.08368203407381292,-0.3334598673181314,-0.023248059902041596
2021-12-07,-0.0681931722939847,-0.09036918229931146,-0.08184833947729697,-0.2821982679080506,-0.003172217612752659
2021-12-08,-0.06459388186760973,-0.09770110647986108,-0.07481712801258278,-0.27335879899749527,-0.0003703957405175595
2021-12-09,-0.08820960793673127,-0.12466521877432857,-0.09396394963619548,-0.30248140440941906,-0.007178222575254134
2021-12-10,-0.09561952850668365,-0.13333780034785203,-0.0879455320936583,-0.30843870578216614,0.0
2021-12-13,-0.1254523763703319,-0.14670290744526548,-0.07336098700330007,-0.343874350399757,-0.008871428555264238
2021-12-14,-0.1273163274852377,-0.1528079520367378,-0.06518563979010383,-0.3286113546143825,-0.015617292821034412
2021-12-15,-0.0768043065192966,-0.1358131681090171,-0.012568577948492532,-0.32296936428032097,-0.00023112814901715684
2021-12-16,-0.11709159857296259,-0.14651929345059223,-0.005219273162323401,-0.33865978549133646,-0.009264059761411314
2021-12-17,-0.11096393267362814,-0.15981332052047936,-0.025424091352929334,-0.33496681304191134,-0.019544811818010488
2021-12-20,-0.1340713172525666,-0.16439059658852595,-0.017293486304148065,-0.3551407068769208,-0.030149173456621603
2021-12-21,-0.09799191105424454,-0.11623296803682381,-0.007636197517954524,-0.3358597078940503,-0.01293714166744897
2021-12-22,-0.09836940827003449,-0.12533549951070966,0.0,-0.32805858513963304,-0.002966421168441369
2021-12-23,-0.0942333242417861,-0.12360529973373247,0.0,-0.3279159183148167,0.0
2021-12-27,-0.0741640896969088,-0.1098234544417308,0.0,-0.3461487348552805,0.0
2021-12-28,-0.09200266634490806,-0.12427221412478628,-0.0056053209269676385,-0.3622280582971351,-0.0007520477063954756
2021-12-29,-0.09742270146014176,-0.12910179019495527,0.0,-0.38304260439766646,0.0
2021-12-30,-0.09727916738609765,-0.1426137208424929,-0.0017290549744786166,-0.34929443169760177,-0.0028243040279957166
2021-12-31,-0.1062134029165891,-0.14199395561197659,-0.0014956668194794354,-0.3505270887426427,-0.005557683147368264
2022-01-03,-0.07983331863294818,-0.11976482162963054,-0.022203267784088654,-0.3411909617922535,0.0
2022-01-04,-0.08156180439265137,-0.09207949475073063,-0.057864267396689595,-0.3672617708393022,-0.00040979017084241676
2022-01-05,-0.1281612163435084,-0.07949932584461317,-0.0833871186864299,-0.4213500410557327,-0.019556019419891713
2022-01-06,-0.12861744418174037,-0.08844225249360271,-0.07815245839182405,-0.4154989274889307,-0.020876487331684568
2022-01-07,-0.14105398665979063,-0.0737110470169442,-0.07110339162377133,-0.4077642311227251,-0.02426871747896897
2022-01-10,-0.14267715629261768,-0.08436180218022238,-0.06931131920106504,-0.43494552641929063,-0.025543636691129024
2022-01-11,-0.1257968521826306,-0.06558582992947104,-0.048984934003690195,-0.4161264867174359,-0.01700632912142397
2022-01-12,-0.1313538506713281,-0.04587360406357455,-0.06072460788572609,-0.41355435066100354,-0.014069437844614785
2022-01-13,-0.16355532535634232,-0.0695194438940554,-0.06807135431726652,-0.45124691146729334,-0.027660799500401234
2022-01-14,-0.15661005215616486,-0.07722645045376708,-0.06507770789882417,-0.4569201173937312,-0.027364918110103775
2022-01-18,-0.19608046158098236,-0.09984973132577968,-0.06364549617826332,-0.48176216308924547,-0.04441672186823431
2022-01-19,-0.22174099386751445,-0.11083248565447379,-0.0828413800560519,-0.4908844915136793,-0.05445654402241085
2022-01-20,-0.23732003857814343,-0.10094829708308417,-0.0978390595018267,-0.4927255285740971,-0.06486053358487076
2022-01-21,-0.268525511945364,-0.12321912526927936,-0.09776599638185546,-0.5321624305955058,-0.0832328793177205
2022-01-24,-0.2683391857335481,-0.137480649368672,-0.09795305045757241,-0.5419461673027661,-0.07940812168124034
2022-01-25,-0.29425953933934357,-0.13112320495847907,-0.10517564436453175,-0.5570819507920697,-0.0905863650745311
2022-01-26,-0.2974953206107206,-0.13154914895822467,-0.1107413275221456,-0.5615055830428117,-0.09263524186581706
2022-01-27,-0.3203372865183093,-0.12771163375312122,-0.12048543172831816,-0.5751104296759446,-0.09723380895557066
2022-01-28,-0.30055888126159114,-0.10450778426987428,-0.09200703668070709,-0.565640852904626,-0.0751052137930055
2022-01-31,-0.2524066465342072,-0.09295144995057658,-0.08927782672844342,-0.5247743892167966,-0.05819005613377315
2022-02-01,-0.24093128905489136,-0.06062383216528833,-0.0814337696436177,-0.5030285806965178,-0.0520432776340628
2022-02-02,-0.24865998959766888,-0.04111584548013636,-0.07863986718353166,-0.5119136151586543,-0.04300523062010231
2022-02-03,-0.2895782018163289,-0.05486576075915106,-0.09746856302331253,-0.5375321111601599,-0.06524773456321242
2022-02-04,-0.2727912417235495,-0.06402752774378029,-0.09561022816407283,-0.5142971243441139,-0.060853951464490685
2022-02-07,-0.264177602066653,-0.08186633383318387,-0.09721388789966445,-0.5118253313555488,-0.0639500039697728
2022-02-08,-0.24996038940149523,-0.0917061108552113,-0.10434433926421594,-0.5048627209864174,-0.05636892284065098
2022-02-09,-0.20750461680026844,-0.031710368778574693,-0.08618348450761204,-0.4620181495264398,-0.04252715443127375
2022-02-10,-0.2217366337559452,-0.039174665346671245,-0.09565442313242833,-0.48661324442157183,-0.05935114062831437
2022-02-11,-0.25494753548179805,-0.022074769818630324,-0.10341274166067016,-0.5098168362171438,-0.07811053921365307
2022-02-14,-0.24576692789261623,-0.038639487261498906,-0.1051539562698165,-0.5050798048116663,-0.08111564244552227
2022-02-15,-0.19063969364391053,-0.04378322059913409,-0.08451166388159803,-0.45937025432626566,-0.06636327035812084
2022-02-16,-0.18618685962024306,-0.05296241304391813,-0.08064032790515419,-0.4541652012386471,-0.06524773456321242
2022-02-17,-0.25091991229919075,-0.07020105772399421,-0.09971867740277018,-0.4977925960659825,-0.08512244675468117
2022-02-18,-0.28119109828011146,-0.08108471210678136,-0.10862998903492393,-0.4897046930903356,-0.09097341792702018
2022-02-22,-0.30036227540012816,-0.08721893889747534,-0.11721443301496393,-0.5098517091341722,-0.10092214268193123
2022-02-23,-0.31967171195154087,-0.08444869937444754,-0.12002710306723696,-0.5118809448032586,-0.11710881739874424
2022-02-24,-0.26758626345768965,-0.025687858742366343,-0.16909224401484202,-0.45771151528018383,-0.10354004493545865
2022-02-25,-0.2690363036553455,-0.01749631037320365,-0.15509402062223332,-0.46339471134528754,-0.08396143632306607
2022-02-28,-0.2628361497123013,0.0,-0.16113597183412876,-0.45621354045830487,-0.08626064580501669
2022-03-01,-0.2701309463658801,0.0,-0.16199203517877703,-0.46798561826450613,-0.09996591624134799
2022-03-02,-0.25506109793709875,0.0,-0.13097505425143563,-0.47132048113315883,-0.08343781143460482
2022-03-03,-0.2771085259987536,-0.00613514979851193,-0.12429977239753554,-0.48759458254031585,-0.08803652665021089
2022-03-04,-0.30984175348607423,0.0,-0.11823997777798112,-0.4983581349799474,-0.09541260159952225
2022-03-07,-0.3336064442001384,0.0,-0.12452174760413037,-0.5187173170785764,-0.1221173227851926
2022-03-08,-0.329212389065658,0.0,-0.12831970506057488,-0.49750358345773893,-0.12874232559958387
2022-03-09,-0.2926888789793569,0.0,-0.12999296380069236,-0.3752734324109096,-0.10552078383461083
2022-03-10,-0.2973691533297891,0.0,-0.1301248997261576,-0.38484499986289655,-0.1095048508254165
2022-03-11,-0.3072843011915064,-0.02580085956653555,-0.11613518636070796,-0.3994095818049487,-0.12086514089138578
2022-03-14,-0.34398764008281246,-0.033672448810699196,-0.10654548833207733,-0.4193443753591879,-0.12728528565181874
2022-03-15,-0.3144029040941093,-0.04586443724996114,-0.08606597045684239,-0.4530912325438994,-0.1081389823398432
2022-03-16,-0.26648388275399615,-0.047141216193263724,-0.07490833390923235,-0.40105275735888657,-0.0881956878786837
2022-03-17,-0.24739293576255417,-0.016132943435681946,-0.05481642478153159,-0.39182480146737675,-0.07704047805545111
2022-03-18,-0.21495081946180639,-0.01647669259675244,-0.059718456177471735,-0.3573892970192043,-0.0668413465469494
2022-03-21,-0.22370451951960668,0.0,-0.05393279516947502,-0.3706916716806392,-0.06679572378439047
2022-03-22,-0.20121370976224517,0.0,-0.06885268168058789,-0.35413469999394565,-0.05595905860688255
2022-03-23,-0.2221960820091241,0.0,-0.07423254201254492,-0.3760174359733961,-0.0681161176332572
2022-03-24,-0.17984037283267296,0.0,-0.06569389546029936,-0.3586429313606535,-0.05426412854006002
2022-03-25,-0.1889359450585788,0.0,-0.0740592052238318,-0.38785938710994605,-0.04946751718556175
2022-03-28,-0.17430037602524373,-0.009846458285045823,-0.06879762729496297,-0.38892638890284337,-0.04291146695549275
2022-03-29,-0.15021926202950797,-0.022835743656301588,-0.065435391681127,-0.3563824955347866,-0.030804844781882168
2022-03-30,-0.17033487470548847,-0.003117772641223482,-0.07041498806908464,-0.3831370615682922,-0.03683541855033423
2022-03-31,-0.18071284768602713,-0.004334245323450281,-0.0660551521151086,-0.39462332284893686,-0.05163748686123726
2022-04-01,-0.1867668322663456,0.0,-0.042143359295524485,-0.3810104517018057,-0.049010474867783316
2022-04-04,-0.16809290529320764,-0.0063459525277228535,-0.04579695940666162,-0.36996022877102286,-0.04094687377425921
2022-04-05,-0.2056334807854484,-0.00546936962704625,-0.04228223353708793,-0.37917666493735447,-0.052802496690869116
2022-04-06,-0.24082434993966573,-0.0025612375223663664,-0.018429699307644265,-0.3799469828313742,-0.06239646002912813
2022-04-07,-0.25185092605405135,0.0,-0.0020223897171229854,-0.38910887260102534,-0.05766791250383707
2022-04-08,-0.27007277246540384,0.0,0.0,-0.40213075501060014,-0.05995216127468872
2022-04-11,-0.2893835412747069,-0.025338301823363274,-0.01423291884078215,-0.4039644074349328,-0.07623911719362009
2022-04-12,-0.2986685557797355,-0.018512867861991356,-0.012661446404241938,-0.3952894239033834,-0.07961979352441229
2022-04-13,-0.2787917327959587,-0.0030078220666528432,-0.011994658857219731,-0.38958361605166225,-0.0692263949604035
2022-04-14,-0.30714631782123103,-0.006046337146555225,-0.008849010066819485,-0.40572890980692844,-0.08053350784533819
2022-04-18,-0.30568077707279384,-0.011126832088388605,-0.0218451612947409,-0.45373001624499054,-0.08037360598760313
2022-04-19,-0.28039364726970406,0.0,-0.03664527336460077,-0.4349691878167683,-0.06568589083480258
2022-04-20,-0.2903227182021163,0.0,-0.035382821496814376,-0.4397854356350196,-0.06639385834665568
2022-04-21,-0.3166510617690539,-0.051811985185735376,-0.0332092226832571,-0.4683334538434638,-0.08023658957407387
2022-04-22,-0.3341001456859918,-0.06120353246177179,-0.05795096417608481,-0.4873355499855242,-0.10534073686094148
2022-04-25,-0.325235043152333,-0.08100487287649782,-0.05050685096666496,-0.47263665147173495,-0.10045221341498911
2022-04-26,-0.3647291171636132,-0.08938295353776704,-0.08358839215012526,-0.5068322114536884,-0.12617323081444431
2022-04-27,-0.37914002068191544,-0.07944000511993976,-0.07340035511646126,-0.5084927305997544,-0.12391186748779848
2022-04-28,-0.3494471423558916,-0.06882266964223216,-0.048276037778954395,-0.4774700494039904,-0.1019600605301495
2022-04-29,-0.3776712833210266,-0.0986101941191434,-0.061226931883294755,-0.49422907300477525,-0.1349449475456742
2022-05-02,-0.35799745939777894,-0.10739543294628695,-0.059381945561850724,-0.4770467734280144,-0.12950843250853017
2022-05-03,-0.3578741752296897,-0.08657519963042537,-0.06216817774662309,-0.4712475819474028,-0.12573937019257653
2022-05-04,-0.3288959842042486,-0.055705417505817034,-0.033617372737228646,-0.46036950063938,-0.09921884350444554
2022-05-05,-0.37216104016356955,-0.09430893623699,-0.03612935460053113,-0.4846821285939362,-0.1308560815142502
2022-05-06,-0.39264591735501897,-0.09219948380088827,-0.036136438660103964,-0.4860452207587812,-0.13631540793267383
2022-05-09,-0.45981920061754555,-0.1672463879953815,-0.06301123836557132,-0.5524399731632765,-0.1641836576894511
2022-05-10,-0.44864007078130663,-0.1701323359285164,-0.06733856503396352,-0.578405156388288,-0.16203649939505504
2022-05-11,-0.47077699097207315,-0.17485803996653637,-0.06473342735649912,-0.5895954076895724,-0.17553661552572342
2022-05-12,-0.46290377045241304,-0.19668340814581198,-0.05150025584681517,-0.5715552377958157,-0.1761761488937379
2022-05-13,-0.4177014822330629,-0.1653672079091203,-0.04476660116004161,-0.5422113172484648,-0.15673677858266166
2022-05-16,-0.43448160920756573,-0.14590910293501613,-0.02767379559687133,-0.5794847874144624,-0.15975225062420328
2022-05-17,-0.40840969851449194,-0.11871429514358633,-0.009005036723495952,-0.556571305544431,-0.14293981824365487
2022-05-18,-0.4346817593817963,-0.14541396536826834,-0.033768346185364284,-0.5992358101298528,-0.17688404234266453
2022-05-19,-0.4401071290868569,-0.14899305112092587,-0.04594350599269703,-0.6017833316792839,-0.18238936183827814
2022-05-20,-0.44865488297796563,-0.14763708056089742,-0.019808629714703874,-0.5852592145206224,-0.18218361502920533
2022-05-23,-0.4394467233815883,-0.13834759017360732,0.0,-0.5904941066499945,-0.16667350514352297
2022-05-24,-0.47215423857813466,-0.14355554616901522,0.0,-0.6169889547619202,-0.17268126753069546
2022-05-25,-0.45583813590099986,-0.1141890276836417,0.0,-0.6024143515905347,-0.16578267626680288
2022-05-26,-0.43197578467902276,-0.09112156154852746,0.0,-0.5924330787428107,-0.14919872801368061
2022-05-27,-0.3982461235748761,-0.0592314801193049,0.0,-0.5587208300109048,-0.1278637171056929
2022-05-31,-0.40222430144267807,-0.09361739789755785,-0.027158364825022097,-0.5679775646937751,-0.13270646966323385
2022-06-01,-0.4128801685597826,-0.0812315568055908,-0.028814769538511253,-0.5715447232121929,-0.13997048740515594
2022-06-02,-0.37382314096373015,-0.05832338522522862,-0.04874165475552017,-0.54981822069246,-0.12363761247196081
2022-06-03,-0.3961631854084311,-0.06021084317549996,-0.04911401966320683,-0.5574292971477416,-0.13782325504783388
2022-06-06,-0.3884154811617916,-0.05902555373401419,-0.05224122258345032,-0.5741705498659421,-0.13547042400729137
2022-06-07,-0.3826971604273822,-0.01879077351113112,-0.03275520981027569,-0.580432604435233,-0.1270184369286056
2022-06-08,-0.3885082041062461,-0.03286330893650946,-0.030368598095915078,-0.5887288031360345,-0.1365668515672318
2022-06-09,-0.41693706103460515,-0.07524901634065273,-0.06225010482201132,-0.6136458860453878,-0.15687401718496996
2022-06-10,-0.44082807137633173,-0.09399500761493584,-0.072979419835,-0.6421273108021269,-0.18161273799380817
2022-06-13,-0.4765957018796185,-0.16039186195184796,-0.09072346000413078,-0.6441474306254289,-0.2131585823526425
2022-06-14,-0.472962484704055,-0.17087410196846564,-0.08774961339436371,-0.6581442762011867,-0.2151230274080238
2022-06-15,-0.4575507789681631,-0.14891319169615258,-0.08043227291197974,-0.6390480769476854,-0.20388442272985385
2022-06-16,-0.48780862368991296,-0.1779908386321173,-0.09320866946927664,-0.6535145835745108,-0.23003944887702943
2022-06-17,-0.47615544687477973,-0.18243372891881704,-0.08519268360192911,-0.6439016408922129,-0.22802908480738426
2022-06-21,-0.45500970220963555,-0.14078881490740314,-0.055342572738878215,-0.6409999335453831,-0.20911511689499895
2022-06-22,-0.4562363776358572,-0.16859043999702594,-0.03332802252981837,-0.641948324479306,-0.21078279180496806
2022-06-23,-0.4436651114331698,-0.17529652634171378,-0.006035788736483139,-0.6376699798373315,-0.2024909287727964
2022-06-24,-0.4086157005056996,-0.15165570903096448,0.0,-0.6384691131500511,-0.17766081431298775
2022-06-27,-0.4212209007189225,-0.13528758968972787,0.0,-0.6451061269662963,-0.1807445723725154
2022-06-28,-0.4472784348906804,-0.13798489693106597,-0.02950636830851794,-0.6545799808400528,-0.19844775956685756
2022-06-29,-0.45877418549724347,-0.15311857412227692,-0.012433122381378836,-0.6634127764751985,-0.19805322635881906
2022-06-30,-0.46961546126576625,-0.16605031095838274,-0.01604408104919708,-0.6634014664087657,-0.2043836809155849
2022-07-01,-0.47944982005294645,-0.15607671761632325,-0.010388505123568259,-0.6616174508346646,-0.19621839142434394
2022-07-05,-0.4619965516464023,-0.17931743969084835,-0.008391711914815914,-0.6497718113295656,-0.19479630917776047
2022-07-06,-0.4692302039649876,-0.18761696442379416,0.0,-0.6579391751359953,-0.19188348835197677
2022-07-07,-0.44796582696724896,-0.1421279332891503,-0.006845727207921648,-0.6383976209822348,-0.18002549542172752
2022-07-08,-0.4484542088083875,-0.1483793227528295,0.0,-0.6364036300521709,-0.18050697850516262
2022-07-11,-0.47076673417304105,-0.16252949649624737,-0.003966012553006992,-0.6414208069592369,-0.18977321339484443
2022-07-12,-0.4758985054308773,-0.16999513542632794,-0.019481427357472825,-0.6463352490839213,-0.197250532364315
2022-07-13,-0.47840567639250764,-0.17004310334070172,-0.02710386955182187,-0.6546139583666375,-0.20098915481758728
2022-07-14,-0.48173784265440744,-0.1666959248993526,-0.01980473416533024,-0.6553111804415472,-0.20309935571179338
2022-07-15,-0.4680532361945856,-0.17374747197546447,-0.006646169278898717,-0.6513768018785223,-0.1880300683630446
2022-07-18,-0.466485894848391,-0.1697322431889735,-0.03372051209636817,-0.6500467345138383,-0.1947506123522752
2022-07-19,-0.4461600835862801,-0.14376328792426507,-0.03259965756913763,-0.6406993160529738,-0.17289219874460493
2022-07-20,-0.4152083915792295,-0.13865498010468658,-0.049860283255778404,-0.6264922619482409,-0.16759366293903133
2022-07-21,-0.40217282350430883,-0.1412289065966167,-0.042499361969400185,-0.626919605754316,-0.15917611512104368
2022-07-22,-0.4256598018691463,-0.15851753354480236,-0.04140679168598993,-0.6483054023669251,-0.16683703608464395
2022-07-25,-0.43443648335024365,-0.13583669597842907,-0.03194589084198429,-0.6451079275270941,-0.16601116039422925
2022-07-26,-0.4447370341596506,-0.12243979037902197,-0.024585401706666787,-0.6547669919589401,-0.17601135888287156
2022-07-27,-0.41582314776607576,-0.09209771173441705,-0.02936635233462581,-0.6383584777360691,-0.1544283112349324
2022-07-28,-0.410289497887355,-0.038650218024351646,-0.02874410489743784,-0.6050941074332622,-0.14373999409866733
2022-07-29,-0.4030504352107469,-0.020595052840864048,-0.028093220409768915,-0.6029285451183238,-0.1311936603320163
2022-08-01,-0.3966394178538347,-0.04227787486433843,-0.0483935518434675,-0.603766723062765,-0.13380852600556825
2022-08-02,-0.3875243596109681,-0.037308271095991996,-0.05535309048394954,-0.6107799155319937,-0.13940509102629994
2022-08-03,-0.37658242892263194,-0.038603238208241186,-0.056826635724685715,-0.5746966525515912,-0.1259642252366172
2022-08-04,-0.37015054311492035,-0.03687785973083457,-0.08370458016036797,-0.5471821204462755,-0.12665256607301867
2022-08-05,-0.37182076336032455,0.0,-0.0897808093851139,-0.549438584374821,-0.12846444150036174
2022-08-08,-0.41398814904752024,0.0,-0.09399408973978651,-0.5550509534321615,-0.12924425005065998
2022-08-09,-0.4413862735494869,-0.008074470860778504,-0.0923042064051488,-0.5336537107901635,-0.13268469516292158
2022-08-10,-0.4191010426972608,0.0,-0.08511854439391464,-0.49418124648364936,-0.11451913312011186
2022-08-11,-0.4227439136728971,0.0,-0.09251501075025825,-0.4439101791215596,-0.11451913312011186
2022-08-12,-0.4030442886407285,0.0,-0.08740306697258837,-0.3656346209303425,-0.09935808180576144
2022-08-15,-0.3984437075814845,-0.009078338887462123,-0.07607566885110217,-0.3569791489017433,-0.09550466181682937
2022-08-16,-0.39841192675404313,0.0,-0.07443572243956509,-0.32722366652800483,-0.0939221592720273
2022-08-17,-0.4157510417334701,-0.02025235622137256,-0.06478962134777033,-0.3714968435989653,-0.10011515303770635
2022-08-18,-0.40355380443833944,0.0,-0.06111848228380934,-0.4001026643549108,-0.09733971894008309
2022-08-19,-0.430674131707264,-0.033298208243714655,-0.050050127390924626,-0.4101428667201359,-0.10979421467820616
2022-08-22,-0.4525155022158066,-0.03779720664929309,-0.05830473520818413,-0.44362598033630474,-0.12855605734011055
2022-08-23,-0.4497027664449996,-0.013425402054032864,-0.05671220529330345,-0.42613830999101443,-0.1306204132829789
2022-08-24,-0.44970949602783794,0.0,-0.059440001030772294,-0.4277528656392029,-0.12798266216522136
2022-08-25,-0.4366740390076306,0.0,-0.05675680043330822,-0.4457958813394609,-0.11527598216327795
2022-08-26,-0.4734031812910263,-0.019226612430648382,-0.07952594648959033,-0.44030380154034665,-0.14559786260319996
2022-08-29,-0.48667845369145113,0.0,-0.08273472376126767,-0.44197146949516375,-0.15124012444941692
2022-08-30,-0.4990261713043629,-0.007160203704185575,-0.08421276437399683,-0.44678206102870077,-0.16046051438776088
2022-08-31,-0.5066937166694501,-0.007558723203010653,-0.07688024984478248,-0.4256762828005648,-0.16706618677840557
2022-09-01,-0.5336670545383815,-0.01768088302634052,-0.06589555677270398,-0.4517801729349562,-0.1644974623078963
2022-09-02,-0.5426109272124564,-0.008619061138225637,-0.08420885000779066,-0.46069068874513175,-0.1732591064811585
2022-09-06,-0.5532979931013735,-0.013181934725736588,-0.07701656484373409,-0.46274686475161964,-0.1760343924529294
2022-09-07,-0.5471770213016633,-0.008053782735991444,-0.0703873689208071,-0.4639815517470045,-0.16126357869689634
2022-09-08,-0.5365662401199336,0.0,-0.061158263629648824,-0.4716952258639646,-0.15578144089719337
2022-09-09,-0.5233848729236419,0.0,-0.05836757294679207,-0.45047829627722025,-0.14275362404710745
2022-09-12,-0.5152243943180086,0.0,-0.06528715500596327,-0.4420456973909226,-0.13332689479628057
2022-09-13,-0.5459750974312676,-0.0019864802173262808,-0.08955345517880686,-0.4701392311496866,-0.17112602014274692
2022-09-14,-0.5470734783965495,0.0,-0.07941837028623311,-0.46042850552187553,-0.1680295232599074
2022-09-15,-0.5429826428856741,-0.025869161692670617,-0.07656043990557504,-0.5195807061935314,-0.1773188657825736
2022-09-16,-0.5453461198828111,-0.05029498475384098,-0.08271996187586272,-0.5347468582509151,-0.18378692925627882
2022-09-19,-0.5436350766599386,-0.02994366275563043,-0.09092778060378681,-0.5270851181446113,-0.17752520509505643
2022-09-20,-0.5521721353187631,-0.03549048947901812,-0.11628278388976188,-0.5357779213512772,-0.1867915881105905
2022-09-21,-0.5503135725094543,-0.052864615722432395,-0.1274046255869925,-0.546679929835581,-0.20110373016446803
2022-09-22,-0.5726476946460703,-0.06340532755019812,-0.10111359371940443,-0.5873439765873103,-0.2078470855349781
2022-09-23,-0.576802803105863,-0.10961630903945441,-0.10103846996320753,-0.6156513103400105,-0.22101258536492974
2022-09-26,-0.5799532423934357,-0.1268185328713637,-0.11610580696891104,-0.6110610098238483,-0.22855878285579634
2022-09-27,-0.5770827438663846,-0.100996255129713,-0.10530139464761046,-0.6175628443802182,-0.23073756601969342
2022-09-28,-0.5673769312690196,-0.06644782461683207,-0.06054917265101001,-0.5953517950617663,-0.21562732187273836
2022-09-29,-0.5745924459236567,-0.07562442102883216,-0.07367555143377502,-0.6142515399758449,-0.2319838969423279
2022-09-30,-0.5771335798886084,-0.07698552897889444,-0.07981524434317955,-0.6148878138687376,-0.24368687616797324
2022-10-03,-0.5653540489638105,-0.05017173155341326,-0.07237831405307793,-0.6051333537852296,-0.22369040452577904
2022-10-04,-0.5451812180882454,-0.028975782222158464,-0.05668442296239151,-0.5821089749856074,-0.20012343327285964
2022-10-05,-0.5454538989286954,-0.03289739741355413,-0.06179150642829956,-0.5923380863241248,-0.20150559560220382
2022-10-06,-0.5471179880805369,-0.049494992767501134,-0.06511469149434668,-0.5810325836685266,-0.20991395961733872
2022-10-07,-0.5694322357198187,-0.05511646747549359,-0.08069652380735948,-0.602026719856209,-0.23209899072969276
2022-10-10,-0.5846080361951383,-0.08039778048377344,-0.08641708587543084,-0.6011622399869729,-0.23783538655515057
2022-10-11,-0.5891907278484712,-0.08140745025897156,-0.06891938895620031,-0.6109013096519543,-0.24285751952002577
2022-10-12,-0.5948039715209252,-0.11949170863143865,-0.07373147042754269,-0.6219031814245688,-0.24520716585474045
2022-10-13,-0.588112587808426,-0.10128930638113198,-0.05748407397260025,-0.6108133097425891,-0.2254412521019069
2022-10-14,-0.614288888946405,-0.13784095879624336,-0.05258318521952887,-0.6183887235896077,-0.24288047902715781
2022-10-17,-0.5957922263468397,-0.10381451896229676,-0.038499826789205716,-0.5982697434407266,-0.22364448551151528
2022-10-18,-0.5904415179102371,-0.09732793666757378,-0.04085123577652627,-0.6019256802850357,-0.2144984547511083
2022-10-19,-0.5961915858966227,-0.10140670688493136,-0.05516676147781152,-0.6186717297175037,-0.21993541416580975
2022-10-20,-0.5930702446295681,-0.0944422205089599,-0.057096354925975534,-0.6236153636407484,-0.22633978352295536
2022-10-21,-0.58112240251276,-0.07364553259390239,-0.03279863357730595,-0.6299382775783209,-0.207748655906016
2022-10-24,-0.5799696071101788,-0.08379614577059169,-0.016527743536088768,-0.640557180151573,-0.1980961828560336
2022-10-25,-0.5589272029546969,-0.07240317681740871,-0.0013678201530075151,-0.6145702325519053,-0.18505696031530783
2022-10-26,-0.5635029052356957,-0.06464980870513193,0.0,-0.6172648538919858,-0.19113878562871245
2022-10-27,-0.5625241777562846,-0.05411912100798999,-0.006287948829539536,-0.6203530186855967,-0.19546983742891555
2022-10-28,-0.5503348209014702,-0.04686145339648762,0.0,-0.5872864958105983,-0.1766945153144368
2022-10-31,-0.5549111724670841,-0.04748541991277688,-0.00044656882980209645,-0.5664241483681802,-0.18229263565661924
2022-11-01,-0.5532812893858282,-0.03918949796469029,-0.018212310769521456,-0.5725335823579378,-0.1855868805524986
2022-11-02,-0.5713449705001774,-0.05699951087277966,0.0,-0.6020753572284117,-0.20636641951374535
2022-11-03,-0.576480091617859,-0.05489656766240847,0.0,-0.6038127638582617,-0.21482114692070164
2022-11-04,-0.5698078762424443,-0.06880008577568553,-0.007278194747262434,-0.5782392251287451,-0.2033255438885062
2022-11-07,-0.5855117064886488,-0.05901529984113829,0.0,-0.5592751638836517,-0.1956770654965131
2022-11-08,-0.5870246818478291,-0.06536562558848547,-0.005243699418688297,-0.5631546510989857,-0.191300094682046
2022-11-09,-0.5888154425526191,-0.09827852793784941,-0.00687124174192677,-0.598198408639166,-0.2078177566161904
2022-11-10,-0.5439604413229531,-0.05517504451971733,-0.0013558935651577508,-0.5494950048106116,-0.16446161585160024
2022-11-11,-0.5072586138903208,-0.06990145880209353,-0.03862578043562881,-0.49383699935451597,-0.15646770797166032
2022-11-14,-0.5172385779852555,-0.0606627658834874,-0.033664630182260735,-0.539040304109497,-0.16324068851266327
2022-11-15,-0.493687238673285,-0.05447738165740312,-0.0334550936602116,-0.5503506275439823,-0.1563295806142374
2022-11-16,-0.5222372873726767,-0.06602116887377207,-0.025740298268756234,-0.5975081137686917,-0.16273387590845678
2022-11-17,-0.5368952478632243,-0.079795209906381,-0.008014793866482073,-0.6027935343566493,-0.16515277107919857
2022-11-18,-0.5457854206136727,-0.06218357617127901,-0.0070209541511920825,-0.6039791138276933,-0.16146688142940357
2022-11-21,-0.5543157359492755,-0.07784822309876704,-0.005887416641445986,-0.6187320448790199,-0.16441562277441013
2022-11-22,-0.5454098414831217,-0.04261408215273732,0.0,-0.6178454209160908,-0.1532885568631458
2022-11-23,-0.5328250296618435,-0.03683747924524072,-0.006347450857847159,-0.6107847225753835,-0.1479900210575723
2022-11-25,-0.5382075944256164,-0.03452283655886457,0.0,-0.6216839296695489,-0.1480821553378051
2022-11-28,-0.5486151337747333,-0.06226169957008976,0.0,-0.6370918463438118,-0.16155894164671025
2022-11-29,-0.5553489471749921,-0.054967925469512235,-0.0018598419876385552,-0.639640121877253,-0.16303331231921336
2022-11-30,-0.527981006238629,-0.029925713214386085,0.0,-0.6453742719245255,-0.1372777075332079
2022-12-01,-0.515969073547909,-0.04325358694947956,-0.008656519212876801,-0.6447193421269602,-0.13716239155706467
2022-12-02,-0.5202609236804677,-0.052928561727401346,0.0,-0.6412939040712233,-0.13840650059191217
2022-12-05,-0.5362768001059814,-0.07889493373079481,-0.01596796528910205,-0.652909981164384,-0.15374952451601476
2022-12-06,-0.5551292451747407,-0.1035728436815162,-0.011790358712956417,-0.6812645895597607,-0.16598205366421992
2022-12-07,-0.5528374278533046,-0.09459948152293174,-0.006334311489260669,-0.6944541442955994,-0.167594847945851
2022-12-08,-0.533310687957272,-0.10155535441415031,-0.0015540423226515498,-0.6949221751755696,-0.16102924359829807
2022-12-09,-0.5407737576718789,-0.11781473347122084,-0.015074739473061927,-0.7013059114999507,-0.16715706198889302
2022-12-12,-0.5318305100185661,-0.09933947585278713,-0.0072724847811374005,-0.6918580413487474,-0.1552698882657083
2022-12-13,-0.5093786050964524,-0.0950052315850981,-0.025228560955559698,-0.7058894631522643,-0.1490266798360439
2022-12-14,-0.5211913381167121,-0.09903234154058094,-0.01815776127552282,-0.70765272246527,-0.1541640547141363
2022-12-15,-0.5457230537811217,-0.11358693847220713,-0.024396858783661712,-0.7152753332568631,-0.17496684943421992
2022-12-16,-0.5515025359592907,-0.12389275771801289,-0.019087084656595144,-0.7131208392408266,-0.18480359104466793
2022-12-19,-0.5711390161659733,-0.13937886789073006,-0.03478757265836263,-0.7209701994323054,-0.1918299408563111
2022-12-20,-0.5731432884886984,-0.13241700923034738,-0.028014768731538964,-0.7321696973668154,-0.190598422518923
2022-12-21,-0.5654744197930077,-0.1141864175547519,-0.017236197111517138,-0.7281746285005801,-0.17849224472286995
2022-12-22,-0.5804599758162923,-0.1321698198180017,-0.014558848139324176,-0.7278170095345633,-0.19004287650925578
2022-12-23,-0.5839241398381756,-0.11797882017012451,-0.00827534418823661,-0.719894133926934,-0.18550592977412728
2022-12-27,-0.6004661305516397,-0.11497340307089476,-0.02136238388913736,-0.7389843913632279,-0.18874662717434088
2022-12-28,-0.6029799762059339,-0.13431499398903068,-0.02160360270247852,-0.7343180940814737,-0.1987000919565307
2022-12-29,-0.580745771421915,-0.13146860196506382,-0.014485988158003615,-0.710098262901206,-0.18448741641258293
2022-12-30,-0.5781022647249026,-0.13211855062748867,-0.012320859351843905,-0.6905524750301364,-0.18673285621008906
2023-01-03,-0.5825983397468801,-0.16129427630155635,-0.02193896871688472,-0.698004535855,-0.18985779325660168
2023-01-04,-0.5698527534299025,-0.15301732255625933,-0.025347978870672083,-0.6866317228088281,-0.18402459718655828
2023-01-05,-0.5830146203725429,-0.15194446424389318,-0.028653911360735584,-0.6836336062308239,-0.1929363669112929
2023-01-06,-0.5695543549638127,-0.13239650474119802,-0.01958204945879649,-0.674040745922325,-0.17458046314806686
2023-01-09,-0.5521974849532876,-0.12410501958790543,-0.0571697215920004,-0.673396697154135,-0.1751822244237029
2023-01-10,-0.5436874596120784,-0.11599673324780713,-0.05601011162034053,-0.6637888033591164,-0.16930281308769057
2023-01-11,-0.5352827302531102,-0.10582860507338843,-0.04507979703685028,-0.6539766666518421,-0.15870114957511705
2023-01-12,-0.524798240819152,-0.09419820232645826,-0.05082507316687024,-0.6310169211708978,-0.15555303083269378
2023-01-13,-0.5195910713447143,-0.08681382554198669,-0.04846477121234993,-0.6305152723984999,-0.15226604410358513
2023-01-17,-0.5046770527946923,-0.10696200333397343,-0.05346013652924586,-0.6005230916813039,-0.1535624415643525
2023-01-18,-0.5113675529208226,-0.11889540086905737,-0.06383200576577175,-0.6263485991862636,-0.16731207569349693
2023-01-19,-0.5225325672146075,-0.11555976187067762,-0.06423924490552813,-0.6430110692635482,-0.17330717332028378
2023-01-20,-0.5032910960909147,-0.09403999106954108,-0.0678928058664291,-0.6387613291094104,-0.15809953642533348
2023-01-23,-0.4745702972236149,-0.07701812669409158,-0.07818448230849362,-0.6312876775223454,-0.14784478365923137
2023-01-24,-0.4842176932489374,-0.08455440717275442,-0.06974105127578645,-0.6307484825844583,-0.14874775885585367
2023-01-25,-0.47926744541335653,-0.08651289742292945,-0.05543275410528681,-0.6311918242714784,-0.14844684118657236
2023-01-26,-0.471184304633416,-0.0753827678034873,-0.06075711832422925,-0.6369109458511106,-0.1393499141462573
2023-01-27,-0.4581944643819372,-0.06860858591018382,-0.07681916668311328,-0.6254054580025867,-0.13689620940018643
2023-01-30,-0.4811705461537841,-0.08477743470779531,-0.08070223259606779,-0.6360824341514695,-0.14768295616541405
2023-01-31,-0.46712277377587386,-0.06325445707123345,-0.0678508640564901,-0.6229343435463813,-0.13557648211765594
2023-02-01,-0.43963474347182274,-0.05343448514675153,-0.07562243916606481,-0.6160780087491116,-0.12610931450910623
2023-02-02,-0.408072193084544,-0.06541278243176285,-0.09254372311300407,-0.59571695617968,-0.11358653275299724
2023-02-03,-0.43397164641961894,-0.08398434756129214,-0.09272698300048421,-0.5854405737293531,-0.12305377442447307
2023-02-06,-0.44382317256487647,-0.08725873098195036,-0.09024815056046265,-0.6023663127484302,-0.1281231595362844
2023-02-07,-0.4286375019063401,-0.06879476897350145,-0.08679635352661697,-0.6028453360207056,-0.11687344541917966
2023-02-08,-0.43608370498924265,-0.08192196358160242,-0.09052876601360005,-0.6118983888722318,-0.12654924829092518
2023-02-09,-0.4404362258622534,-0.07078217064931347,-0.08826856544158657,-0.6203078043728221,-0.13402582663113338
2023-02-10,-0.46179982786701723,-0.04508955436116657,-0.08046081661524052,-0.6136809919725007,-0.13191947700909123
2023-02-13,-0.4527552505659911,-0.05852386343372362,-0.07182290826402749,-0.6121619264006941,-0.1218963190133171
2023-02-14,-0.3977967720782176,-0.05501608499396482,-0.079279731686686,-0.5950704853675159,-0.1222203443155826
2023-02-15,-0.3738585755182253,-0.045487863510642046,-0.09550265793257484,-0.5774364669202592,-0.11928071271050267
2023-02-16,-0.39046862960568074,-0.06093687917166157,-0.11098071567901391,-0.5927038533226745,-0.13152575849324122
2023-02-17,-0.409263938397311,-0.07271660333692476,-0.10018521396837554,-0.5883307490185072,-0.13377127235367348
2023-02-21,-0.4423163745273878,-0.1078245485761462,-0.10230166464514379,-0.6209349173768359,-0.1509700169574485
2023-02-22,-0.4436648199359916,-0.10921747655286829,-0.12038606496036075,-0.6120270953919483,-0.15203467152203554
2023-02-23,-0.4130385128899866,-0.07620172347658372,-0.11413956990734497,-0.6160783919134091,-0.1477754607602776
2023-02-24,-0.4265424576088275,-0.08034009629758643,-0.11959481600329058,-0.6237760273382169,-0.15689571762235577
2023-02-27,-0.42713560595274747,-0.07712265134609342,-0.13145320869226673,-0.6058641618799028,-0.15397897146148154
2023-02-28,-0.4310476553125191,-0.09768834075279875,-0.1404250509848085,-0.6066199213870852,-0.15717352765865245
2023-03-01,-0.4389956661293818,-0.08699146943231495,-0.13835995068331308,-0.6247346848032422,-0.16025202725041765
2023-03-02,-0.4280660278648012,-0.07558434886471965,-0.13738194458715824,-0.6350033684381168,-0.15397897146148154
2023-03-03,-0.40967739766986355,-0.05694416617605225,-0.12582940991238822,-0.6096261166812038,-0.14057654433051325
2023-03-06,-0.4192570749838985,-0.08418229720889303,-0.12627941932329667,-0.5924584218238409,-0.13953499739891073
2023-03-07,-0.4278830407444354,-0.09960573586050236,-0.15750414518999123,-0.5990931762949623,-0.15284484587208869
2023-03-08,-0.42342537498174293,-0.10225048086268873,-0.18005325829558116,-0.6011566761672716,-0.1515253407783369
2023-03-09,-0.4466071802861089,-0.10226377610052806,-0.16957518072992583,-0.6253694224283863,-0.167057373290184
2023-03-10,-0.465158687924937,-0.11397255005377682,-0.16550343945632873,-0.644588740163094,-0.17900150140364124
2023-03-13,-0.45956917667149,-0.1171509674631881,-0.16034698347790932,-0.6452950588951623,-0.18039025533342
2023-03-14,-0.45230705396435744,-0.11954905470713262,-0.16459386180304492,-0.6406785388794892,-0.1667795632538871
2023-03-15,-0.4561537888943028,-0.1470789079148639,-0.16751065196224868,-0.6427871904688927,-0.17191834532757788
2023-03-16,-0.4426085438205912,-0.1344939433460225,-0.16255479792097305,-0.6338794721374329,-0.15775218130130408
2023-03-17,-0.45124727977885515,-0.14264402403271448,-0.1636083051569579,-0.6422341922073993,-0.16696479463239378
2023-03-20,-0.4428132101980856,-0.13835879276860064,-0.14775376722076217,-0.6462436610147887,-0.1594419269632904
2023-03-21,-0.4312607923957833,-0.12820543678147878,-0.15623515704882418,-0.6369639061754534,-0.1484468411865718
2023-03-22,-0.44074461871315196,-0.14831813423163853,-0.1740984283600977,-0.6500496656896193,-0.16256671588395066
2023-03-23,-0.4292541048221007,-0.15613464310593772,-0.16614015534116322,-0.6530103256693736,-0.16057597848975702
2023-03-24,-0.43488634166633,-0.1587135896216233,-0.15420001665178373,-0.6455232429846945,-0.1549816353568122
2023-03-27,-0.43851544145753096,-0.14235231386287284,-0.1598359296415648,-0.6485070511963548,-0.15358695639293485
2023-03-28,-0.4397126273664458,-0.1241619563195916,-0.1542532963985086,-0.6569164118746835,-0.15507451026630747
2023-03-29,-0.4227070023977759,-0.11241035743177485,-0.15974695864932198,-0.6315474243780939,-0.14305787454806895
2023-03-30,-0.41782194775429593,-0.10196575424202803,-0.15029460341864742,-0.6299817958497211,-0.1379444960580758
2023-03-31,-0.4039345506642201,-0.09486308617312422,-0.13726795386516777,-0.6643820135717577,-0.12590475270685286
2023-04-03,-0.40407917581367514,-0.10080528538902778,-0.1254539403945243,-0.6726403302909683,-0.12244157027623792
2023-04-04,-0.4118672153196855,-0.12100649838242561,-0.11700694124292199,-0.6910498325557362,-0.12739245470607785
2023-04-05,-0.42861738629001156,-0.11700513013771896,-0.09622918709811068,-0.7072900462512473,-0.12950732156463662
2023-04-06,-0.4441456214345836,-0.11966643364187246,-0.0999310492218497,-0.6995141603440833,-0.12618359962411685
2023-04-10,-0.4240096403197944,-0.11748793059356122,-0.10966859572305443,-0.6862130236974768,-0.12523070601521413
2023-04-11,-0.42371179680039106,-0.11872753329304453,-0.1068131209711235,-0.6834673809216916,-0.12511435315810326
2023-04-12,-0.43589896558533336,-0.11955655226998141,-0.1016537736549954,-0.6916308615946778,-0.1286007913475551
2023-04-13,-0.43081338344989084,-0.10703070697326611,-0.08245307079733377,-0.6963752765640421,-0.11730493602740766
2023-04-14,-0.4245590874112771,-0.11128868971671502,-0.08890622168188078,-0.7071597176499855,-0.11911770020986567
2023-04-17,-0.4208775937862679,-0.12360352903768168,-0.08855305438134531,-0.6865200547123681,-0.11611941076720989
2023-04-18,-0.4220513729157743,-0.12568317618006464,-0.09622821905893897,-0.6836884896187818,-0.11551520541500804
2023-04-19,-0.4243591339715782,-0.12880952489860376,-0.09812091256338606,-0.6835837146618902,-0.11556171693268191
2023-04-20,-0.43886346554322353,-0.12164607420125195,-0.09584205996022555,-0.6890537812007166,-0.12055881662849066
2023-04-21,-0.4375689544852728,-0.12343993301476286,-0.07203868633725796,-0.6919991359660695,-0.1200473380599314
2023-04-24,-0.4383719793477652,-0.11551408909961325,-0.07928131850120201,-0.6925663079224704,-0.11888543887320158
2023-04-25,-0.45920205220449517,-0.11663360115711008,-0.08148487549024064,-0.6940593061869746,-0.13280771368339306
2023-04-26,-0.45329522751721363,-0.11741664335092172,-0.09260491184020325,-0.671203817181806,-0.1366660218254565
2023-04-27,-0.44575157895803796,-0.10745005054277379,-0.07193157578447251,-0.664896473889695,-0.11953600761722472
2023-04-28,-0.4402143792346144,-0.09236366881280678,-0.06045001462200661,-0.6595000542404938,-0.11200551146671933
2023-05-01,-0.432012970632498,-0.090980319269098,-0.044600204472965976,-0.6807952081516633,-0.11260964275599494
2023-05-02,-0.44694302974251965,-0.108307211768092,-0.05332820469669952,-0.687357499238368,-0.12255762688164362
2023-05-03,-0.44654493107643933,-0.12196298764469915,-0.04321734972239044,-0.678183472339433,-0.12867055862406573
2023-05-04,-0.46521915103369105,-0.11277018685575435,-0.052138738199738355,-0.6780601707926279,-0.1350390074619887
2023-05-05,-0.4548801290190144,-0.09285978465918565,-0.056350758774623366,-0.6698756015896719,-0.11916421172753922
2023-05-08,-0.44197705885332295,-0.09395751939096275,-0.05900063593720717,-0.6702018033846653,-0.11867621110659565
2023-05-09,-0.4036264289180622,-0.08071333967624417,-0.06564214090383746,-0.6627551624363962,-0.12248785960513264
2023-05-10,-0.4032319129854749,-0.08036246843380979,-0.05153490241777359,-0.6557051822782177,-0.11865295534775888
2023-05-11,-0.4140942568841003,-0.09283321331544081,-0.049166810417557105,-0.6568757573798936,-0.11988476993685171
2023-05-12,-0.43227410628060114,-0.08828040795111103,-0.04795320010391024,-0.655704448975345,-0.12107014707119723
2023-05-15,-0.4212497255303005,-0.08433399611137393,-0.04702037321163477,-0.652205686791161,-0.11802527204794133
2023-05-16,-0.4279736417349037,-0.1090400468182463,-0.04989631471440947,-0.6560093659951076,-0.12385928281017322
2023-05-17,-0.3931479807365531,-0.10230783187069259,-0.039729438002976014,-0.6356556085866809,-0.11339996824181775
2023-05-18,-0.34669877177934605,-0.09949412296682036,-0.03793593809750939,-0.6295831982023934,-0.10473031022293589
2023-05-19,-0.3490316507102198,-0.10172272838114482,-0.026857319269157465,-0.6280823899558878,-0.10614809681979775
2023-05-22,-0.33790058047087435,-0.07995878657224709,-0.038235092089393685,-0.602140673466786,-0.10566009619885419
2023-05-23,-0.327132562525424,-0.07046811724962043,-0.05545966219939824,-0.6281464113841077,-0.11565451777925029
2023-05-24,-0.3435871742124731,-0.08279186434745478,-0.05719039922092706,-0.6304446341127299,-0.12227892809023155
2023-05-25,-0.2677573225497557,-0.09052582995999492,-0.05977899154805366,-0.6355605555800723,-0.11463178283091069
2023-05-26,-0.21193961133836436,-0.09609930939838818,-0.07213252480790244,-0.629796089550099,-0.10312647755537874
2023-05-30,-0.17258624146336887,-0.1066240541223259,-0.0753191068309057,-0.6249878181212147,-0.10284770470104099
2023-05-31,-0.19920636224241584,-0.08805467599464778,-0.06266451451602695,-0.6260856974235098,-0.10772852560266533
2023-06-01,-0.18588772859207736,-0.03826081317771013,-0.04663565648004531,-0.613345546275228,-0.09917529450382034
2023-06-02,-0.17736503543917004,-0.037442486259850916,-0.03190680084078634,-0.6061292654352579,-0.08595009995532576
2023-06-05,-0.17294534473440681,-0.03415111698416684,-0.026095565397258436,-0.6043771647009036,-0.0877165748088885
2023-06-06,-0.17070949333019358,-0.033238508113145326,-0.024352075785334604,-0.5874916914798003,-0.08583396928699372
2023-06-07,-0.18569650219945466,-0.029206209558801155,-0.030820756963321316,-0.5908976718800084,-0.08883233279257574
2023-06-08,-0.16923892175014943,-0.010555757830083556,-0.007679126287833626,-0.584563348403236,-0.08337026604588171
2023-06-09,-0.17139058207400293,-0.005827359391448961,-0.002896792314124208,-0.5887144823322423,-0.08183605252898296
2023-06-12,-0.13961329812962753,0.0,-0.005000060839147946,-0.5804832798189732,-0.07339887803554379
2023-06-13,-0.10957388137965518,-0.00021467798310936814,-0.0009838048586184867,-0.5535363783910465,-0.06728602035604792
2023-06-14,-0.054740442370784015,-0.0040719582780147645,-0.0058150694127482305,-0.5636832780676104,-0.06656546214673531
2023-06-15,-0.028392797624879562,0.0,0.0,-0.5699628596680087,-0.05459541200909679
2023-06-16,-0.011208851502103712,0.0,-0.005392217070778971,-0.5670185553103313,-0.05808185019854861
2023-06-20,-0.010262404932881108,-0.000675093277099581,-0.015498344736893488,-0.5515862829238383,-0.06242823302448175
2023-06-21,-0.0903791516564495,-0.009619748442326381,-0.015081889053905173,-0.5418852219298733,-0.0675650894620905
2023-06-22,-0.09051281615670248,-0.020641264360953038,-0.00522570066425887,-0.5264910854996233,-0.06417160024505997
2023-06-23,-0.10943985220201924,-0.028891707428583158,-0.01030300104312909,-0.5360203667642967,-0.07119091407871114
2023-06-26,-0.12573978661440455,-0.030278362946464465,-0.020376390137935796,-0.5472032424581296,-0.07502604052486384
2023-06-27,-0.09057122060277689,-0.028718865952116812,-0.020232604515512342,-0.5538329249090316,-0.06477587966018816
2023-06-28,-0.08606888685594194,-0.023693519054428624,-0.027078266317157484,-0.599411760195648,-0.06435742412697665
2023-06-29,-0.084078594906844,-0.010595362533547759,-0.00963701462327382,-0.5939317015716324,-0.06077329693782463
2023-06-30,-0.05419030299951011,-0.0008131149820826966,-0.002687428381646151,-0.5923849917353923,-0.049642972257806006
2023-07-03,-0.050321423579244295,-0.003930313515011052,-0.0039490066877337915,-0.5947988798008874,-0.047822727719798674
2023-07-05,-0.04879851847243355,-0.008625907836497193,-0.008945016750701806,-0.611472627106384,-0.049946259940726656
2023-07-06,-0.07181187684695944,-0.02869720867350556,-0.02611505823589899,-0.6276490145984892,-0.05769324202460846
2023-07-07,-0.049244045484511334,-0.020614894483189206,-0.040512914041977766,-0.6255434419712311,-0.059886615584973324
2023-07-10,-0.029725362180080706,-0.0027429109146022146,-0.013728523619428668,-0.6064226155887694,-0.05736662451992469
2023-07-11,-0.03009924129743935,0.0,-0.03200613746392611,-0.5972641764899542,-0.05132294161352968
2023-07-12,-0.022446360258445375,0.0,-0.012636708519746076,-0.6035634543913333,-0.04385584332787895
2023-07-13,0.0,0.0,-0.019462236026819624,-0.583143799992702,-0.03606227566339715
2023-07-14,-0.022364839871238495,-0.01649899867819904,0.0,-0.6021278755411027,-0.03683245603328511
2023-07-17,0.0,-0.0091695958559731,0.0,-0.5940388126591234,-0.03347229513305927
2023-07-18,0.0,0.0,0.0,-0.5608058519387595,-0.02614524984091371
2023-07-19,0.0,-0.004794721858468187,0.0,-0.5601230031588253,-0.02404519556760132
2023-07-20,-0.047630082040752475,0.0,0.0,-0.5682791002527665,-0.030415570041606443
2023-07-21,-0.07373858115703291,-0.00023138436323100198,0.0,-0.5790004152749808,-0.030298772806938157
2023-07-24,-0.07356014807575217,0.0,-0.007999092962131304,-0.585799328984524,-0.026191909484439613
2023-07-25,-0.05343581767914518,0.0,-0.012202093869754793,-0.5830709102602968,-0.023321748904165496
2023-07-26,-0.05835929060285849,-0.0008868471057675853,-0.02001980368918177,-0.5902152961074497,-0.023088450686534312
2023-07-27,-0.060481448242860614,-0.017331558381067813,-0.018648677451206908,-0.6030208808545849,-0.02971545319993385
2023-07-28,-0.02627880055730414,-0.004915166012555261,-0.01003422336564641,-0.575905168886548,-0.020265023812712557
2023-07-31,0.0,0.0,-0.019223414699029995,-0.5653408255705128,-0.018375011998194468
2023-08-01,-0.002019490003829838,-0.010400556268475691,-0.026031370882989013,-0.5706109218622307,-0.021408259142031816
2023-08-02,-0.040954830204553705,-0.027860952806687767,-0.023077161219161813,-0.5829324630792321,-0.03496562591467767
2023-08-03,-0.03718011536509802,0.0,-0.047007157757597895,-0.5769379261179506,-0.037695807564373074
2023-08-04,-0.023306365286551278,0.0,-0.0374094520477215,-0.5839490133706893,-0.042409246252712696
2023-08-07,-0.01838251521677614,0.0,-0.02958295228486707,-0.5838994359506113,-0.03377550875305335
2023-08-08,-0.045993944744480486,0.0,0.0,-0.5703154439328275,-0.037952435603767376
2023-08-09,-0.11162515452285471,0.0,0.0,-0.5859061755967191,-0.044345991773683036
2023-08-10,-0.11306055810571758,0.0,-9.326692226130362e-05,-0.6004293770706104,-0.04378592792551561
2023-08-11,-0.1331918013114024,0.0,0.0,-0.5989436020975107,-0.044672609278366804
2023-08-14,-0.09134363780350274,-0.0034536628387287216,0.0,-0.5935989335285616,-0.039282457633044054
2023-08-15,-0.10060980746991344,-0.01900011642539501,0.0,-0.6325353710086397,-0.0502962072671731
2023-08-16,-0.19168425159460223,-0.025239118310622977,-0.01086798651191112,-0.6416132338866591,-0.057319890813471996
2023-08-17,-0.21139436199975292,-0.01999569607926066,-0.024315728498295552,-0.6380368276861272,-0.06495014972561186
2023-08-18,-0.19908343594950606,-0.012890425130737349,-0.012765427292037335,-0.6305919134194267,-0.06408687225745013
2023-08-21,-0.16500387603749378,0.0,-0.006617001778897569,-0.6275627617898252,-0.05790328448340243
2023-08-22,-0.16304387329269887,0.0,-0.003529120590647028,-0.6353535520746856,-0.06054014684604525
2023-08-23,-0.13373515596188956,0.0,-0.0029365549723566753,-0.6322262269894088,-0.050412782313062454
2023-08-24,-0.17222589701919155,-0.017701196632643912,-0.009768477467752779,-0.6448110102968825,-0.06303688215225689
2023-08-25,-0.17154801088125016,-0.0144921439651855,-0.007928334000429582,-0.6375227304493083,-0.05682974236766758
2023-08-28,-0.1601068657939555,-0.01130604268494162,-0.014184527200327368,-0.6210578776235683,-0.0506228988347831
2023-08-29,-0.12691586874896077,-0.009253119619701988,-0.006525371317744777,-0.6119685205642977,-0.03713566965327908
2023-08-30,-0.10971440019823764,-0.0021554592882384593,-0.014184378734653946,-0.6087350749233849,-0.033122421869538066
2023-08-31,-0.12409240066324989,-0.010173796999818907,-0.017402156710460193,-0.6128576014019635,-0.03435897648591002
2023-09-01,-0.12589728200772055,0.0,-0.006742155365122349,-0.6084806629509645,-0.03230550779319785
2023-09-05,-0.1396788060353622,-0.008037375046532902,-0.011920461761184775,-0.6080109245858838,-0.03652902022451188
2023-09-06,-0.15301543288535457,-0.017663280357379296,-0.014464619003472068,-0.6106023925116082,-0.043179278496748186
2023-09-07,-0.17036095322664202,-0.013344132601611158,-0.004388439305203717,-0.6183283473181659,-0.04602603519233284
2023-09-08,-0.1787014630088537,-0.007703624647854346,0.0,-0.6199430269381259,-0.04471934298481928
2023-09-11,-0.1721771556454531,-0.001993285958635904,0.0,-0.6223726446091142,-0.03844258404957157
2023-09-12,-0.1781418986923241,0.0,-0.00027740903716644283,-0.6375830285519979,-0.04359936341433679
2023-09-13,-0.1745457374933691,0.0,-0.0038442989455775844,-0.6368758414991982,-0.04247916165507559
2023-09-14,-0.16124677673959964,0.0,-0.016275071567487864,-0.648558879644893,-0.03419551960771561
2023-09-15,-0.19148909551741766,-0.008301036370069514,-0.027855101127539528,-0.6532358639953202,-0.04623607765112725
2023-09-18,-0.19220781344296645,-0.005185549873416684,-0.0376448711267412,-0.6572995024295633,-0.045185939420081755
2023-09-19,-0.2109407436444386,-0.019738322233864403,-0.027487319324076,-0.6553774142848108,-0.047099577308067686
2023-09-20,-0.2308489058816865,-0.018227854459869963,-0.024803021823974092,-0.6684139121490574,-0.056013198605958214
2023-09-21,-0.26159704788314175,-0.030150467098645772,-0.042047520089763535,-0.6756020437961547,-0.07148383295195893
2023-09-22,-0.23575245377668885,-0.016648373921659188,-0.043681979601791654,-0.6709191279129343,-0.07372379209292368
2023-09-25,-0.22296945253390466,0.0,-0.03935007912797961,-0.6819899369982971,-0.06987363087274578
2023-09-26,-0.23299361570485888,-0.022365907230169846,-0.028792013113002057,-0.6914936857748384,-0.08352416880659153
2023-09-27,-0.21160541493021567,-0.010803911294548496,-0.023605631563678675,-0.6867682107363902,-0.0833142744736497
2023-09-28,-0.19033065000865879,-0.0015889079300954734,-0.04184529040504947,-0.6848880343547521,-0.07796670901091052
2023-09-29,-0.17937160392409135,-0.020402222707079254,-0.04862557511497456,-0.6796137978102287,-0.0801683776190133
2023-10-02,-0.17595304855379768,-0.057224286039576855,-0.05545369854327764,-0.6826205523796173,-0.08023851521015513
2023-10-03,-0.20949974458433107,-0.06068814677899237,-0.06832903866266571,-0.6939857841799151,-0.09260606107288172
2023-10-04,-0.19501717143812924,-0.0717129117322397,-0.06184221942464063,-0.6829639769066034,-0.08593054734280026
2023-10-05,-0.19275081554757478,-0.055186941233747455,-0.03955564773002873,-0.6790729830740376,-0.08670339397803262
2023-10-06,-0.1667647575411514,-0.0384438797278851,-0.005774793226679287,-0.6785537221932272,-0.07581170004633397
2023-10-09,-0.15487996729362796,-0.0270302694407627,-0.006874722698175795,-0.6937100930104492,-0.06965136803112315
2023-10-10,-0.12985388954324928,-0.014622601316390704,-0.001993566194972929,-0.6698311780232971,-0.06484964633471468
2023-10-11,-0.10633667676947345,-0.010547351384013859,0.0,-0.6786242756432457,-0.06089113105345911
2023-10-12,-0.11214077978514769,-0.014398778843432103,-0.0007609853777865716,-0.7011396454930889,-0.06653628135379908
2023-10-13,-0.14195465274732466,-0.01337799059491751,0.0,-0.7142705751852805,-0.07145494841072797
2023-10-16,-0.12730149709899663,-0.01147166967634472,0.0,-0.703473601048469,-0.06173418934275954
2023-10-17,-0.1325278795489958,0.0,0.0,-0.6957931423429131,-0.06171085952099642
2023-10-18,-0.16695970147711892,0.0,-0.01452153236459941,-0.7141393111658101,-0.07426578458709021
2023-10-19,-0.17462963168370405,-0.0011647552961044916,-0.03746779762282171,-0.7201101098603024,-0.08211252943260683
2023-10-20,-0.20262680586903825,-0.015883826248550115,-0.04331687930374484,-0.7269072926508691,-0.09354303115264428
2023-10-23,-0.1912008351317378,-0.0200355305620058,-0.052570109851347135,-0.7350941291523825,-0.09513597657004502
2023-10-24,-0.17625535958974825,-0.011602816279186579,-0.03309777398358138,-0.727843070697195,-0.08836647698657485
2023-10-25,-0.2133097893362873,-0.01442401422156514,-0.04377776191292415,-0.7271158069671189,-0.10122587474240885
2023-10-26,-0.23694567538295386,-0.02012928818110815,-0.05895878889728101,-0.7053575973846613,-0.11225821417102233
2023-10-27,-0.24132721115862898,-0.03125431043283722,-0.07631748728751486,-0.7185540328693633,-0.1161934736934408
2023-10-30,-0.2432295317742783,-0.025310958602232758,-0.06885053996235391,-0.7084345759259466,-0.10555929655625129
2023-10-31,-0.24013242544952507,-0.00029089911774848876,-0.07383964231249507,-0.7042436400285568,-0.10014833322865757
2023-11-01,-0.23062181186454156,0.0,-0.0708615115164567,-0.6967458609651266,-0.09024056527195301
2023-11-02,-0.15644708197202228,0.0,-0.040718938597105625,-0.6711204948377676,-0.07295405610059258
2023-11-03,-0.11577496394982978,-0.013540352437220182,-0.058916981498307486,-0.6542653379142326,-0.06438119832629607
2023-11-06,-0.11661960662461746,-0.00575352446607702,-0.02836492975779492,-0.66944309995141,-0.06257761794669081
2023-11-07,-0.11117717516713155,-0.01993175158599647,-0.01968425337486024,-0.6653925103091243,-0.059930757089006415
2023-11-08,-0.0954617268725072,-0.01867195991557491,-0.014015738549669421,-0.6655404654057515,-0.05915776232792158
2023-11-09,-0.10818487303515878,-0.004978339338680637,-0.044917705995233814,-0.666973401156773,-0.06625499035996896
2023-11-10,-0.07092790863883969,0.0,-0.03734498300957423,-0.6562147349489784,-0.051685775889139585
2023-11-13,-0.06965732129642721,0.0,-0.01986585000649721,-0.6701516265242891,-0.05264600172773937
2023-11-14,-0.0448595811703737,0.0,-0.013863320931153722,-0.680015645877837,-0.034446222613010447
2023-11-15,-0.043603344745688055,-0.01957452740780241,-0.02994852856708896,-0.6392827997079102,-0.03233824360659132
2023-11-16,-0.048182754747355894,-0.009966570539443387,-0.035339484611736416,-0.6501444265950713,-0.030979633287788744
2023-11-17,-0.032428256288049684,-0.005581841408313082,-0.027998151818770523,-0.640606819115228,-0.029550737251992087
2023-11-20,-0.008829517865800662,0.0,-0.023054168431372313,-0.6381986981972816,-0.02224265206896192
2023-11-21,-0.04733795839434762,0.0,-0.024069496802497148,-0.6601832369491347,-0.024795897387888788
2023-11-22,-0.04877222511271284,0.0,-0.021913136834585734,-0.6565884405520495,-0.02057964312334537
2023-11-24,-0.06172466736273985,0.0,-0.015595050382827602,-0.632410082096127,-0.020040983460858808
2023-11-27,-0.05959033243812417,0.0,-0.023495150635633122,-0.640063872924437,-0.02175072611292772
2023-11-28,-0.05344516686221035,-0.001762689825168695,-0.024937384350104064,-0.641390272922971,-0.020790426211401813
2023-11-29,-0.039030624620644216,-0.017217014679205667,-0.021168120071521357,-0.624571996017295,-0.021422849538497934
2023-11-30,-0.04879665552054935,-3.767762303263922e-05,-0.0051224995037091325,-0.6313564315154745,-0.01762816145006796
2023-12-01,-0.03302731156067629,-0.007994727283788916,-0.009500832138157667,-0.6154483473088308,-0.01186621391505982
2023-12-04,-0.06314850207588818,-0.02011042264881646,-0.009735411715168896,-0.6188123562993323,-0.016831910930146243
2023-12-05,-0.061315643951923904,-0.03118053160591383,-0.00688379349073065,-0.6288426815165397,-0.017136383619886564
2023-12-06,-0.08636260873993118,-0.047458366660779405,-0.006636978523869019,-0.6180516795097811,-0.021235470335130624
2023-12-07,-0.06627771477375877,-0.059808417237643074,-0.00313734334478033,-0.6074005852570696,-0.01357603063005497
2023-12-08,-0.04286617246124935,-0.043725825593197265,0.0,-0.5890105026571528,-0.009383402438979838
2023-12-11,-0.045145677771619264,-0.03571201061783735,-0.005071139485770981,-0.6040038932349372,-0.005541906581171152
2023-12-12,-0.043178908336430344,-0.03809302263934111,0.0,-0.6103318074131276,-0.0005996134507741946
2023-12-13,-0.030348021300768746,-0.035896636036790386,0.0,-0.5925640386036521,0.0
2023-12-14,-0.008128431582609341,-0.03152478987119356,-0.025487475369950996,-0.5729273529312493,0.0
2023-12-15,-0.006641078111170207,-0.03398238870221071,-0.041522792804708164,-0.5980017742419734,-0.0015216670250804976
2023-12-18,-0.010060855876652619,-0.015785063736751148,-0.035152334776513916,-0.607667670606076,0.0
2023-12-19,-0.0033500516190597684,-0.030636433244705996,-0.04713227652335006,-0.5900801511762898,0.0
2023-12-20,-0.03712567335268757,-0.05320692551689388,-0.08426980845966092,-0.6166932541652681,-0.014434413530693191
2023-12-21,-0.015630229174032673,-0.04134556722630356,-0.09753220629423687,-0.5920991016351586,-0.004832926476392663
2023-12-22,-0.015586216972859002,-0.04794053376521923,-0.09743787127714054,-0.5364733499377328,-0.0025183518577713837
2023-12-26,-0.0014483492733704528,-0.04211103319580811,-0.10269936984953798,-0.5233708401464112,0.0
2023-12-27,-0.009012293605871302,-0.044426642251212844,-0.09706061567868562,-0.5126004169217024,0.0
2023-12-28,-0.006608669290771418,-0.051157227251889426,-0.08841263362921925,-0.5173747637156376,0.0
2023-12-29,-0.02342169920790871,-0.050850131328655346,-0.08543695370392013,-0.5340679863038281,-0.002671392417731955
2024-01-02,-0.054052131026877115,-0.0654795736703424,-0.0626432873964291,-0.588924798968308,-0.009041608222093545
2024-01-03,-0.07672455479004436,-0.06787702128351747,-0.040751070499498,-0.593663098432843,-0.016393743182664733
2024-01-04,-0.0728469727878226,-0.061650291681732305,-0.03917910416143455,-0.5834565871073555,-0.019499043640795466
2024-01-05,-0.066566917564167,-0.06451452511213462,-0.037495043162209085,-0.5779119615035234,-0.018243262723876885
2024-01-08,-0.024440133886256543,-0.06015396290720154,-0.028234816365132365,-0.5749983499401361,-0.004201178892555779
2024-01-09,-0.02399787599813863,-0.0460507798464016,-0.04270999645835749,-0.5809780343555749,-0.006621501405221997
2024-01-10,-0.013103628504513187,-0.04519209993613471,-0.04486577847130957,-0.5826359988196501,-6.844746552758796e-05
2024-01-11,-0.006812968196518554,-0.0473472693023812,-0.043605255449030156,-0.6183376554950426,-0.0004109004889606416
2024-01-12,-0.011743791956351779,-0.02438956923318214,-0.040902633922753395,-0.6226603898490799,0.0
2024-01-16,0.0,-0.03623499822910614,-0.04785319610999039,-0.6326392783389316,-0.0034017990078589744
2024-01-17,-0.012592276445088979,-0.04529210411157181,-0.04441604046074821,-0.6267117192041904,-0.008949889033166847
2024-01-18,0.0,-0.04772734270207046,-0.05539033860244358,-0.6346002605668895,-0.00013688869116090796
2024-01-19,0.0,-0.04714880052000492,-0.05416518347268606,-0.6812160645335179,0.0
2024-01-22,0.0,-0.04249914572011193,-0.05590819525187307,-0.6744688584707454,0.0
2024-01-23,0.0,-0.030255802289573808,-0.053422536463062054,-0.6724518434436617,0.0
2024-01-24,-0.0005586952099748688,-0.03197073260727301,-0.04818437625097083,-0.6761634495784221,0.0
2024-01-25,-0.006816080810364333,-0.030415267716827787,-0.05164123973684742,-0.686538616611774,0.0
2024-01-26,-0.015090211469834802,-0.018965849250008993,-0.04568676749256695,-0.6963135007504198,-0.0006019852031279305
2024-01-29,0.0,-0.016682039490846234,-0.04380227740807785,-0.672984751736495,0.0
2024-01-30,-0.00681260191040145,-0.008805429252516817,-0.04798309710501303,-0.6860634429231977,-0.0007088241880971458
2024-01-31,-0.03406331175651922,-0.014593312267189407,-0.048049356988875025,-0.6928488351903023,-0.016988276258560475
2024-02-01,-0.01294495711457655,0.0,-0.034486182897883855,-0.7175255092093202,-0.004053333318454255
2024-02-02,0.0,-0.00722008920006556,-0.03493085168234633,-0.7220286844717347,0.0
2024-02-05,0.0,-0.02191136706939767,-0.008539121603180821,-0.722132704915936,-0.0036541960591910394
2024-02-06,0.0,-0.01551690090282365,-0.004257721001987624,-0.710129629887035,-0.0005503094355505667
2024-02-07,0.0,-0.009189971683881137,0.0,-0.723628716335863,0.0
2024-02-08,0.0,-0.03870234201673839,0.0,-0.6921562187301233,0.0
2024-02-09,0.0,-0.04195253976151758,0.0,-0.6786236113067354,0.0
2024-02-12,0.0,-0.05202088383417525,0.0,-0.6603378477779427,-0.00045593260946907854
2024-02-13,-0.02155462727539037,-0.06918915993734487,-0.0019078947271681246,-0.6872991716435701,-0.014544113530637559
2024-02-14,0.0,-0.06817858914780306,0.0,-0.667223829147364,-0.005166393186849305
2024-02-15,-0.010754263805253461,-0.05410479424661474,0.0,-0.6595935357834356,0.0
2024-02-16,-0.027851409404553107,-0.05316639103550269,0.0,-0.6585952773347213,-0.005114925262509895
2024-02-20,-0.071700208159032,-0.05550215739418851,-0.018205811391828752,-0.6661642091847617,-0.010576692211377248
2024-02-21,-0.08559804054515463,-0.04776116517292406,-0.01303284283273154,-0.6807745680701401,-0.009579710047994294
2024-02-22,-0.008192310100778588,-0.06135995897469437,-0.0008907295598967746,-0.6911901534491081,0.0
2024-02-23,-0.02450917810237785,-0.06640829946900939,0.0,-0.7002723902889548,0.0
2024-02-26,-0.016624664963619917,-0.06833721570195128,-0.006051623794431471,-0.6810711249543727,-0.0036634002741748883
2024-02-27,-0.007827527737035767,-0.013645130937136152,-0.003460534359184475,-0.6672161269923061,-0.0018209738435623901
2024-02-28,-0.01395763504261105,0.0,-0.0070897073815754386,-0.6808088033021166,-0.00336346882126215
2024-02-29,0.0,-0.0014885503426718127,-0.01326685833751673,-0.6819832570802988,0.0
2024-03-01,0.0,0.0,0.0,-0.6815374525017832,0.0
2024-03-04,0.0,0.0,-0.00036059883445827,-0.6898599194254098,-0.0011879589522610923
2024-03-05,-0.0050644178913920035,-0.001551968632713674,-0.007289972238209819,-0.7019779891472543,-0.011200011542272126
2024-03-06,0.0,0.0,0.0,-0.6954138536505616,-0.005960568179024905
2024-03-07,0.0,0.0,0.0,-0.6981786703695696,0.0
2024-03-08,-0.026167228154823086,-0.03660561768574966,-0.005110404494222176,-0.6954499515871939,-0.006064273272291754
2024-03-11,-0.05332077217945863,-0.042129109693567424,-0.010014219064353846,-0.6913592853795252,-0.0068884038913391565
2024-03-12,-0.03179615339812314,-0.03197580545251433,-0.001379894818655969,-0.6997235672958682,0.0
2024-03-13,-0.03707169020219658,-0.050465944701257204,-0.01079487977382465,-0.6954074483756458,-0.001515705935150491
2024-03-14,-0.06538731234893591,-0.05115678964488923,-0.015386645787665798,-0.702615147171887,-0.0037050442216237656
2024-03-15,-0.08281276447910402,-0.03367645348118298,-0.02444940030263565,-0.6995068314555495,-0.01056771523156852
2024-03-18,-0.06970543325920375,-0.021872151497001613,-0.022702778275862312,-0.7120173140997691,-0.00437867657294666
2024-03-19,-0.07725780282338579,-0.01927158745528612,-0.004878138269449828,-0.7151904651388493,0.0
2024-03-20,-0.05329629439695094,-0.004134459283489544,-0.010375843083823777,-0.7117614310965467,0.0
2024-03-21,-0.03362670855370242,-0.008162286902784088,-0.011622415094061367,-0.717920919408862,0.0
2024-03-22,-0.02734398849172992,0.0,-0.009374661684813157,-0.7203149498437749,-0.001306809684783805
2024-03-25,-0.026511359098628118,0.0,0.0,-0.7152256858842878,-0.0038912521861389493
2024-03-26,-0.042563909290387336,-0.002947904530747558,0.0,-0.717427749790061,-0.006683923323190233
2024-03-27,-0.04898741189003386,0.0,-0.007142774429682475,-0.7121298037047046,0.0
2024-03-28,-0.06936941692773957,0.0,-0.0349339246435072,-0.7111597139634888,-0.00012476787201831652
2024-04-01,-0.07454034936614262,0.0,-0.04879934458726087,-0.7256598948529671,-0.0014351243301071737
2024-04-02,-0.08519520719915974,0.0,-0.04600022387544189,-0.7650567910069539,-0.007966536355732301
2024-04-03,-0.08433152674486122,0.0,-0.03302151575575096,-0.7466357319696895,-0.007072138093681457
2024-04-04,-0.10738704938548438,-0.029419781383330568,-0.0322409227364695,-0.7498050341533491,-0.019302719306303784
2024-04-05,-0.0933882336647901,-0.002507664391349307,-0.022844550638901784,-0.7555146203310499,-0.008881827197084857
2024-04-08,-0.09717709734504543,-0.008103936353294428,-0.020043520285390803,-0.7528761639887964,-0.008486565712417682
2024-04-09,-0.10533554691518943,-0.019367699821550843,-0.0325169483158847,-0.7484046125839126,-0.007259257257053786
2024-04-10,-0.11300402115336505,-0.003467571977225581,-0.02795840797675664,-0.7609384214711524,-0.01686919084280869
2024-04-11,-0.09436155985684003,0.0,-0.030606901731305314,-0.7587788895555794,-0.00977616016982552
2024-04-12,-0.11779617045837454,-0.01222595153862105,-0.045180161297908916,-0.7616976587034853,-0.023275704417794918
2024-04-15,-0.14319038733564182,-0.03638501888228307,-0.04062177699322023,-0.7708834492659022,-0.035672773371728805
2024-04-16,-0.1336591936584519,-0.035416347463861464,-0.04993042697871608,-0.7732144297150381,-0.03739915331516608
2024-04-17,-0.15909828751459454,-0.0308079954879954,-0.04013201492436047,-0.7712118612799357,-0.04320252424143145
2024-04-18,-0.16372678520392991,-0.027635172344804393,-0.03990901175310679,-0.7668305365280588,-0.04538645167157962
2024-04-19,-0.20983300101483437,-0.030212901217167132,-0.05052204422397044,-0.7695544891158239,-0.05337375002799305
2024-04-22,-0.17990009472135782,-0.03452447932999614,-0.05496252163264004,-0.7643970607961663,-0.04515774321753452
2024-04-23,-0.15672117501755123,-0.019358755911752734,-0.04485675654036658,-0.761989192165867,-0.033114085300353646
2024-04-24,-0.168077891413831,-0.025495208006158676,-0.04834315647173193,-0.7622193211845292,-0.03382142968834245
2024-04-25,-0.1521003810614333,-0.015599191588286376,-0.055214787134363896,-0.760730295219378,-0.037815176800514605
2024-04-26,-0.11244939822492439,-0.01415564235704092,-0.05378850104290556,-0.7546119891284,-0.028184546503388863
2024-04-29,-0.10411160744223202,-0.007984581609502661,-0.04248656354523872,-0.7481336771399549,-0.02479407261855804
2024-04-30,-0.12644287478412297,-0.04595919535910187,-0.021873626661929713,-0.7559451102014533,-0.04020724655195762
2024-05-01,-0.13732753030931721,-0.04092080698922529,0.0,-0.7502634440476276,-0.043327226824139586
2024-05-02,-0.1167271125889301,-0.02056513130848381,-0.007555349978549009,-0.7448100515132507,-0.03440394091500254
2024-05-03,-0.0902304738830515,-0.011692025952355745,-0.01309314086937896,-0.7348735099899781,-0.022422764867796374
2024-05-06,-0.046781262936191115,0.0,0.0,-0.7312618413826296,-0.01256336082731535
2024-05-07,-0.11464351287535879,0.0,0.0,-0.7429094409371069,-0.011148998497889417
2024-05-08,-0.11610180500037615,0.0,-0.011415573849349436,-0.7398083016489942,-0.011107343917906354
2024-05-09,-0.12823681757557726,0.0,-0.004225804461386873,-0.7313375784600358,-0.005429002020900575
2024-05-10,-0.13638018227026838,-0.011437225908199844,-0.015010320825970203,-0.7417595487044041,-0.004201758854846971
2024-05-13,-0.1263141061703844,-0.0308719358107844,-0.016370223273691642,-0.7413314078580779,-0.004139342274182556
2024-05-14,-0.10406451056123445,-0.012404996843401683,-0.002172630733921932,-0.7133060138392273,0.0
2024-05-15,-0.08789112757545336,-0.006768295655468548,0.0,-0.7270751072191226,0.0
2024-05-16,-0.08238433768913866,-0.014169823863479536,-0.010963205838139256,-0.6365799102607881,-0.0019101915368154865
2024-05-17,-0.08797316021311807,0.0,-0.00797558132263465,-0.6131557873884665,-0.0004313418910204536
2024-05-20,-0.07839028949233262,0.0,0.0,-0.5748021583958288,0.0
2024-05-21,-0.08740732789913719,0.0,0.0,-0.5948541108899439,0.0
2024-05-22,-0.09379876004705534,-0.015579988800647593,0.0,-0.602669992846,-0.002906943494683456
2024-05-23,-0.06148037527752903,-0.02052274388055697,0.0,-0.6301421142818341,-0.010317757023758811
2024-05-24,-0.04582356885579941,0.0,-0.007176997803613361,-0.6037790310105382,-0.00358248223248947
2024-05-28,-0.02642754855719054,0.0,-0.013698071517864951,-0.5706494276898832,-0.0027842117350325157
2024-05-29,-0.03104332700045309,-0.01832782936269428,-0.014077825540006583,-0.4322972593090988,-0.009805946308774738
2024-05-30,-0.024510510355910897,-0.006080163507034442,-0.006906756954340065,-0.4413073736624996,-0.016459292831167094
2024-05-31,-0.0395112554075413,-0.008014755683059205,0.0,-0.44321097339632143,-0.007902126112473318
2024-06-03,0.0,-0.024187349974915007,0.0,-0.4422266893614515,-0.006817074545214297
2024-06-04,-0.0036586906932989383,-0.034543482778154444,-0.004756366696990977,-0.43579586373351575,-0.005609291218304557
2024-06-05,0.0,-0.022516367001837678,0.0,-0.4213454794653202,0.0
2024-06-06,0.0,-0.02464691960154264,0.0,-0.4084617492007888,-0.00022368810407125128
2024-06-07,-0.007785809264170163,-0.0461857461643288,0.0,-0.4259384308783357,-0.0015257150643945838
2024-06-10,-0.004156967686084756,-0.0215188332193057,0.0,-0.42284261398004086,0.0
2024-06-11,0.0,-0.03414274691224184,0.0,-0.3749073335503298,0.0
2024-06-12,0.0,-0.021849986519329567,0.0,-0.3736032744595149,0.0
2024-06-13,0.0,-0.014611163162283947,0.0,-0.3726184440302025,0.0
2024-06-14,0.0,-0.03534460727591848,-0.0019451152437384156,-0.37610566129178935,0.0
2024-06-17,0.0,-0.04506282947578677,0.0,-0.33295807369258323,0.0
2024-06-18,0.0,-0.013222190362484287,0.0,-0.2993731590859814,0.0
2024-06-20,-0.026234037876990635,-0.005759260615460282,0.0,-0.3124498577071475,-0.002776214238937813
2024-06-21,-0.05422747250557336,-0.014114470184397043,0.0,-0.3323387238219687,-0.00495756099476885
2024-06-24,-0.07185671928064752,-0.022301284252701503,0.0,-0.3360531289725085,-0.007634682523326108
2024-06-25,-0.04639200123991627,-0.007928572664942068,0.0,-0.3213500537329991,-0.0035100729420693977
2024-06-26,-0.054803974275537404,-0.02037682381299233,-0.001992655692589107,-0.31219229118898195,-0.002399450309331752
2024-06-27,-0.044569135771060364,-0.018592423499555477,-0.0008455328955866426,-0.29823021089405755,-0.0008526205695925659
2024-06-28,-0.03892738600042145,-0.036980628587560016,-0.0003033609726751374,-0.2976589284835679,-0.004705472127280674
2024-07-01,-0.02876261282578152,-0.02587709101784441,0.0,-0.33997104757839847,-0.0024169409196436176
2024-07-02,-0.03309944148987176,-0.02473324264728549,-0.007260688567605644,-0.3385359993782884,0.0
2024-07-03,-0.013686727454569114,-0.01383383444059938,-0.021383362866822186,-0.31776489375694694,0.0
2024-07-05,0.0,-0.01581313552051944,-0.006872674888249053,-0.2676662022236065,0.0
2024-07-08,0.0,-0.014506019158138317,-0.0013321729842199481,-0.26977200298773873,0.0
2024-07-09,-0.0017324746696015803,-0.011316789759448054,0.0,-0.2604840116717462,0.0
2024-07-10,0.0,0.0,0.0,-0.26476368861648736,0.0
2024-07-11,-0.02678960735610092,-0.0012750113987212153,-0.011155626779966843,-0.24981274033209422,-0.008568967041538866
2024-07-12,-0.010126622872470903,-0.003911832285799388,-0.007424475040203493,-0.1923052898354114,-0.002442714986387484
2024-07-15,-0.0007391609892827278,-0.014320846967272094,0.0,-0.17271250222526868,0.0
2024-07-16,-0.0017726596539614503,-0.03012978110155784,-0.0032400313821541182,-0.17216312447200777,0.0
2024-07-17,-0.04830263204595531,-0.07817941153827712,-0.017364450058129255,-0.1947559921723485,-0.013967968431469413
2024-07-18,-0.040643863721062434,-0.08299928464286432,-0.05222712225171111,-0.23943965764204578,-0.021385493270945855
2024-07-19,-0.06042862275904548,-0.07868579863674252,-0.046736587077649494,-0.22964752548323975,-0.027916774180563486
2024-07-22,-0.03932176465421977,-0.07215318965835538,-0.036987137801960834,-0.22047729502166102,-0.01782117408911288
2024-07-23,-0.04049483334887727,-0.08154353056419072,-0.024187275832479038,-0.18442985002778522,-0.01945880005211298
2024-07-24,-0.09977562394043304,-0.1144250531289368,-0.041876297921971894,-0.2129206969008971,-0.0419042065944456
2024-07-25,-0.11624319049238852,-0.13196260785035718,-0.056525635796732754,-0.11328176827440939,-0.04674007219389953
2024-07-26,-0.09479173395832663,-0.11956976736386404,-0.0634498704869676,-0.04199714363319729,-0.03604723516841557
2024-07-29,-0.1053461305849156,-0.12550418260870244,-0.06568935526587139,-0.048330695615603325,-0.03533429902004004
2024-07-30,-0.15166449621325406,-0.12770001102937356,-0.07269313994275373,-0.08773947937716375,-0.0403820990657654
2024-07-31,-0.09019630870627371,-0.08215271771381905,-0.09775377667985896,-0.007203790927984954,-0.025258102650994818
2024-08-01,-0.1378514675350483,-0.13675492230631137,-0.06107368453363615,-0.03948975720223402,-0.038551761598876744
2024-08-02,-0.18646944629914985,-0.17986648957581042,-0.07701086315753103,-0.09936060224048249,-0.05612267587696729
2024-08-05,-0.22316746462067238,-0.18993456202088643,-0.09652245219054945,-0.11145757068267159,-0.08446343947008828
2024-08-06,-0.17871928019198224,-0.15635031293098556,-0.09129528978648804,-0.0837494905490469,-0.07533121611805793
2024-08-07,-0.19901834141146968,-0.15711310399417489,-0.10296640740373286,-0.0942862702559134,-0.08174697859335589
2024-08-08,-0.13032179370796582,-0.13374519181988098,-0.048201080245068195,-0.013704484555220331,-0.06032279839761456
2024-08-09,-0.1173408488345441,-0.12110458127698398,-0.023216657403777652,0.0,-0.056296104178465534
2024-08-12,-0.09591646179795943,-0.12776484428371615,-0.022009633675193374,-0.03302699826412092,-0.05581450619876649
2024-08-13,-0.06470016383680777,-0.12569570690333576,-0.023850446963758487,-0.01723777164481033,-0.040131718734728206
2024-08-14,-0.05309484375961582,-0.12248971192342406,-0.010727091525337795,-0.025452060272399435,-0.03706828073498447
2024-08-15,-0.017864524629633505,-0.10817490676556585,-0.011295636640521356,0.0,-0.020537695225853025
2024-08-16,0.0,-0.1120583056488268,-0.019513653268757203,0.0,-0.01847620037031017
2024-08-19,0.0,-0.09886233383956056,0.0,0.0,-0.009035867600086678
2024-08-20,-0.004206850685732677,-0.10578084445415548,0.0,-0.09299255370741744,-0.010673433303079238
2024-08-21,0.0,-0.09814262547509378,0.0,-0.04111032416268656,-0.007205469873190373
2024-08-22,-0.02667781165354932,-0.10840107779469932,-0.00558490989635263,-0.08233038115666669,-0.015239514849090585
2024-08-23,-0.008822164390480336,-0.0884224580749784,-0.004667282102951531,-0.09148358481902319,-0.00458530448839467
2024-08-26,-0.02571430121312035,-0.08998044605420752,-0.007766370457570115,-0.0931242402754151,-0.007031921051677159
2024-08-27,-0.020889759526812268,-0.09133018865240705,-0.002041144469633216,-0.17067523021887565,-0.005702525026885175
2024-08-28,-0.03564569433473974,-0.10633871716771714,0.0,-0.21589353487317764,-0.011386369451454548
2024-08-29,-0.05375899775666948,-0.10643868949168345,-0.004077116449628604,-0.18746808384482816,-0.011232103832331752
2024-08-30,-0.043167218051515355,-0.09639161827891163,0.0,-0.1877764056927106,-0.001926452178803273
2024-09-03,-0.10821072788329633,-0.15054718911691223,-0.01715260750890857,-0.19620396440527788,-0.022117592101696948
2024-09-04,-0.10400432018936634,-0.14591396535740098,-0.021050566278344784,-0.12748253379995445,-0.024545226762626493
2024-09-05,-0.10393562853159988,-0.1544948459953308,-0.04306342026327015,-0.2064336935590877,-0.026953517961158302
2024-09-06,-0.13746172401854784,-0.16866087347218495,-0.05431395617566237,-0.25668923830877255,-0.04315634928966128
2024-09-09,-0.07732662356585795,-0.1684617849768757,-0.04718802272033773,-0.23799954685150837,-0.03238656023463826
2024-09-10,-0.07093522938001595,-0.15619497856929754,-0.059408813358261425,-0.23488209257979153,-0.028398492680277276
2024-09-11,-0.02518356103639874,-0.13009691010155644,-0.04403781088046754,-0.1756868764070516,-0.01845697742792718
2024-09-12,-0.015811002825609877,-0.11944949989055309,-0.0437176739580879,-0.18097844987030276,-0.010018407021881948
2024-09-13,-0.000851105206000069,-0.11000616855455991,-0.05229067992476222,-0.09869189624450903,-0.004758672529885266
2024-09-16,-0.012260710096701155,-0.09734456710860817,-0.04418965640143724,-0.1039776730022618,-0.003255908463602686
2024-09-17,-0.002664067424096972,-0.09940518823378708,-0.053117555847366216,-0.14376071477975805,-0.002793412906271664
2024-09-18,0.0,-0.10330890726984476,-0.057084268074967914,-0.1421592342575434,-0.006030218947506216
2024-09-19,0.0,-0.08062119577775473,-0.03981050094465821,-0.13444869928290182,0.0
2024-09-20,0.0,0.0,-0.03414428422468985,-0.14825835079680327,-0.001962170917778727
2024-09-23,0.0,0.0,-0.03215751373562603,-0.1413595926674095,0.0
2024-09-24,0.0,-0.0023082435166887905,-0.025940933154691037,-0.15191761442795437,0.0
2024-09-25,0.0,0.0,-0.023640577521826578,-0.11832290476480989,-0.002031590429469099
2024-09-26,0.0,-0.00713852904369483,-0.03411809011450573,-0.12486476979738015,0.0
2024-09-27,-0.01877191420841895,-0.004868142835758649,-0.049770207313649784,-0.0426205356977748,-0.0012943618857544914
2024-09-30,-0.018817695768923448,-0.0021035235807914665,-0.04559748440525657,-0.029376189334565206,0.0
2024-10-01,-0.03768618175736549,0.0,-0.04707638301687911,-0.09226782941960532,-0.009342776918407014
2024-10-02,-0.013943646328459458,0.0,-0.05066336584143216,-0.07365439760216175,-0.009172183047282845
2024-10-03,0.0,0.0,-0.056835905749409665,-0.10764229176198659,-0.011048301997124366
2024-10-04,0.0,0.0,-0.04808447552359929,-0.025580536772701112,-0.001932845696041352
2024-10-07,-0.002384002045544009,-0.007995866239322469,-0.05018457019482103,-0.053938246299065185,-0.010915762318242539
2024-10-08,0.0,-0.00963558727239977,-0.034022848536692685,-0.08061490831638518,-0.0015538401229931997
2024-10-09,0.0,-0.030912822253440386,-0.029456122741832624,-0.10886379238390642,0.0
2024-10-10,0.0,-0.03008062888731866,-0.03760395290865792,-0.1026277151766054,-0.001677835385444859
2024-10-11,0.0,-0.02137274987417148,-0.02102941936650593,-0.06622659460525215,0.0
2024-10-14,0.0,-0.014763369516525127,-0.023898951355139197,-0.039412423866413526,0.0
2024-10-15,-0.02976414583836373,-0.031259386400363964,-0.02902394890022253,-0.0531300802638931,-0.007615453889737056
2024-10-16,-0.021648500986193864,0.0,-0.013347701331554052,0.0,-0.003444702007209144
2024-10-17,-0.015002534855820038,-0.00518248156066714,-0.009170468868493598,-0.018004322747800505,-0.0032956138831232717
2024-10-18,-0.017206180128576887,0.0,-0.014531779307039194,-0.01805967330803826,0.0
2024-10-21,-0.005009314761865835,0.0,-0.017984895381605304,-0.006345222858097133,-0.0015445039727255416
2024-10-22,-0.00904876812862121,-0.014107625282571257,-0.01679897710756706,-0.006263825466506501,-0.0022331422306076654
2024-10-23,-0.01742765006311353,-0.02827384854490056,-0.04346328056840998,-0.04643327100940697,-0.011333170709176721
2024-10-24,-0.01168990169728168,-0.02532099116623765,-0.05302214711141495,-0.05580282038193718,-0.009100028478569056
2024-10-25,-0.002170590350163981,-0.028303862200814156,-0.054371281370947044,-0.04586749252816358,-0.00949088349247984
2024-10-28,-0.0018779352276325767,-0.01921043082912921,-0.05140307407568334,-0.02178466186811956,-0.006401643447851879
2024-10-29,0.0,-0.025875240571327507,-0.04298082482805898,-0.008088238939779502,-0.004819539408467466
2024-10-30,-0.018273996775755807,-0.0355895056512997,-0.061369602605154006,-0.06414770106254353,-0.007815939782332859
2024-10-31,-0.06564249577907677,-0.02790515556096318,-0.05451755029180749,-0.09982683528269742,-0.027337337353600555
2024-11-01,-0.057290439549362415,-0.038641046735441775,-0.060613227479939025,-0.0687844759169004,-0.023113016284310395
2024-11-04,-0.0642700206713902,-0.08471369666106277,-0.06445776399788172,-0.07395857940334238,-0.025234518810825946
2024-11-05,0.0,-0.06736765215455653,-0.057092824381740126,-0.04723567920985838,-0.013510609137326823
2024-11-06,0.0,-0.05740149269350747,-0.05632181955584936,-0.029002689522184766,0.0
2024-11-07,0.0,-0.027574490254831052,-0.037486455067984537,-0.03670935292891586,0.0
2024-11-08,0.0,-0.030120207471914018,-0.008031093505203035,-0.02290991108674656,0.0
2024-11-11,-0.010999135214005862,-0.0213097381765619,-0.019059097224928823,0.0,0.0
2024-11-12,-0.008367138925660988,-0.01971235309704389,-0.026533761696271085,-0.014156466560455216,-0.0029980351488775314
2024-11-13,-0.01227535670474278,-0.038442657353789045,-0.03123423173373918,0.0,-0.002489090895494872
2024-11-14,-0.0280719553943094,-0.03728840346082585,-0.0636491800098572,-0.058574496478910554,-0.00883016013615956
2024-11-15,-0.018420787539485062,-0.03313930880038862,-0.11465102582901254,-0.05924550039098886,-0.02162084015683452
2024-11-18,-0.04424874136713641,-0.006905898712137759,-0.1308459703868966,-0.02158761400604947,-0.01756922695537344
2024-11-19,0.0,0.0,-0.1275192954317531,0.0,-0.013989848760167622
2024-11-20,-0.00987297811657939,0.0,-0.10898519134334006,-0.056676338945815585,-0.013626721793985275
2024-11-21,-0.0046757061603213135,0.0,-0.10734382238252693,0.0,-0.008648313402704666
2024-11-22,-0.00037820189992465725,-0.010607936631878978,-0.10176172279803031,0.0,-0.005323633934481209
2024-11-25,-0.030268475351780566,-0.029337356294961592,-0.10265957079258692,0.0,-0.0021259639293124133
2024-11-26,-0.018663563326298482,0.0,-0.07211433932671762,0.0,0.0
2024-11-27,-0.0304462492574904,-0.02083174578374225,-0.07138793235626306,0.0,-0.0031863868646928584
2024-11-29,-0.011637274487782956,-0.004192566637180373,-0.07655131116844338,0.0,0.0
2024-12-02,-0.002739700994613292,-0.018818669655027542,-0.07442907099798235,-0.06966614720735298,0.0
2024-12-03,0.0,-0.017624525250273804,-0.0682631957272023,-0.09792631674069086,0.0
2024-12-04,0.0,-0.0066652953668262516,-0.0517196865574866,-0.10128172124717183,0.0
2024-12-05,-0.0005191857963594559,0.0,-0.05416881268461238,-0.08811202697689868,-0.0016648344631674528
2024-12-06,0.0,-0.009525123937734858,-0.05948163423873454,-0.016708478026749574,0.0
2024-12-09,-0.047281247600928444,-0.05797003068492923,-0.0760353242098778,-0.032481949430966384,-0.005207376655677609
2024-12-10,-0.07414446198353075,-0.07594647499187357,-0.08432685262254447,-0.07085248768123986,-0.008034808987344544
2024-12-11,-0.046224563281999864,-0.059280403953550276,-0.08646061774310354,-0.07594371939291722,-0.0005187959470306369
2024-12-12,-0.046960252675978253,-0.06672149368104452,-0.09500402441412303,-0.09569022653874071,-0.005672496360393464
2024-12-13,-0.033838369697085424,-0.07843144071463737,-0.09083812816849846,-0.055937888819199366,-0.005744362264864855
2024-12-16,-0.03693654767658128,-0.08233509858254251,-0.08282226257331915,-0.01084506022913756,-0.0018432934938811263
2024-12-17,-0.06018863225130944,-0.09294615598151923,-0.07460796436825012,0.0,-0.0060305983595375645
2024-12-18,-0.09394886800604474,-0.11810873342419625,-0.10985419182509959,-0.09406739654743568,-0.03521708301650173
2024-12-19,-0.08196729340589459,-0.11433939766589041,-0.11077839652981969,-0.09511919006383318,-0.03557485023658791
2024-12-20,-0.041669490301646794,-0.11030739260889633,-0.10549610831313083,-0.0653295765491233,-0.024659155861300075
2024-12-23,-0.024912557600496377,-0.10400701166249782,-0.08381963212436827,-0.04424253312145787,-0.017677450197708833
2024-12-24,-0.014330389624757411,-0.10337073953078146,-0.08767260604660743,-0.020448414847062835,-0.0075704704337639095
2024-12-26,-0.016559826876893502,-0.10551960871398791,-0.0844667548868463,0.0,-0.007588436909881757
2024-12-27,-0.044202977167074775,-0.10835747381341887,-0.09599523660066778,-0.05710509105296302,-0.01787496984198611
2024-12-30,-0.05780400270471009,-0.11155706862770653,-0.10429320012031496,-0.09552487926666864,-0.028807737949236856
2024-12-31,-0.07178531762255413,-0.11212437309852907,-0.11136888391309985,-0.12485188850265216,-0.032721305138389445
2025-01-02,-0.04518347228191777,-0.07480680095597492,-0.09858208455211559,-0.12241512481409389,-0.03514477073995281
2025-01-03,0.0,-0.05404461453895015,-0.10118440152131603,-0.008718159546776794,-0.022686191278915913
2025-01-06,-0.021686537759848856,-0.02714460457963619,-0.11207092685140152,-0.004168242278254963,-0.016995170477307475
2025-01-07,-0.07883390199819607,-0.05744834973798818,-0.09864884815190067,-0.04237747839521755,-0.028053815510402647
2025-01-08,-0.09850228433590658,-0.07079561406464674,-0.08520687579061392,-0.06268552361785629,-0.026743378683992125
2025-01-10,-0.12394213978672541,-0.005725900770009451,-0.07988550292296315,-0.07330849605516832,-0.041553892621179145
2025-01-13,-0.13251582722594824,-0.030658177535717313,-0.08391191079169502,-0.15189022802843588,-0.040315210106220634
2025-01-14,-0.12858354826013518,0.0,-0.11180888219288776,-0.15933070769993718,-0.0390942708813411
2025-01-15,-0.09810373191540633,0.0,-0.11444412381290059,-0.1252225102738398,-0.021519151482390142
2025-01-16,-0.10157347875712641,0.0,-0.10218894353316998,-0.14023274171092637,-0.022973431710763048
2025-01-17,-0.0731471667624064,0.0,-0.13021909397189213,-0.15590206861361067,-0.013602296316514884
2025-01-21,-0.045117966460829106,0.0,-0.10930039506155687,0.0,-0.004626200210820941
2025-01-22,0.0,0.0,-0.0983173070286184,-0.039586584517183554,0.0
2025-01-23,0.0,0.0,-0.09003042803211003,-0.06540964473021904,0.0
2025-01-24,-0.03339845670567121,-0.007324260630945378,-0.08016341505241753,-0.07033945037410827,-0.003014280833102956
2025-01-27,-0.16356037621575703,-0.13704033739238775,-0.06841073880981441,-0.11176005973397074,-0.016889795214268033
2025-01-28,-0.11695942390126901,-0.12389011696333707,-0.0686175709842799,-0.09583495847012358,-0.008650162271611861
2025-01-29,-0.11972923854582018,-0.09932083215460263,-0.0667581479722884,-0.15187265370786585,-0.013001906195323265
2025-01-30,-0.09804722344995942,-0.07796224584898859,-0.0812451127068693,-0.14514046379558954,-0.007847396170891141
2025-01-31,-0.10167737922363529,-0.10049865844621486,-0.08949843328841756,-0.0897012709996492,-0.013144477277428956
2025-02-03,-0.11553817525859933,-0.09831711722335867,-0.08544264063944962,-0.07253893455861937,-0.019618379563244748
2025-02-04,-0.03897026801297421,-0.082147561721721,-0.07810098254999165,-0.032646502175064374,-0.013108779074911037
2025-02-05,-0.021289009040543982,-0.07101252268940283,-0.06813335918948837,-6.081352147613295e-05,-0.009060248144635907
2025-02-06,0.0,-0.099238032203529,-0.053102970577684316,0.0,-0.005493310356403436
2025-02-07,-0.013446768129373843,-0.09448491346349697,-0.056867716741291985,-0.016123499434279265,-0.015159541031979695
2025-02-10,0.0,-0.07454719070003901,-0.06473799283962112,0.0,-0.008114910961809496
2025-02-11,-0.035360779219143934,-0.08879621323996723,-0.05644916728886773,-0.08288376495815164,-0.007223342810725897
2025-02-12,-0.026496047659581135,-0.10361371914688544,-0.02882807111500052,-0.10538903155575152,-0.010504916706781109
2025-02-13,-0.017911965622165016,-0.10816808998455085,-0.0298384018114195,-0.05484641580683569,-5.376903174281189e-05
2025-02-14,-0.0034499280835142976,-0.10907364466345504,-0.044195871350491744,-0.027283062402562952,-1.8070829224892115e-05
2025-02-18,0.0,-0.09374874454473803,-0.03397517695209873,-0.050324795946956824,0.0
2025-02-19,-0.038083063947383256,-0.10160933820995655,-0.018125450508739926,-0.07715826797184899,0.0
2025-02-20,-0.03756326217642125,-0.10197418362669575,-0.0319908715978644,-0.08227129514716192,-0.0042047499735327065
2025-02-21,-0.05798117163320904,-0.15342057900415362,-0.03992809545981668,-0.1567112552776816,-0.021147263295338226
2025-02-24,-0.10521712952336071,-0.17306734208976582,-0.039528279654270526,-0.17672027005026614,-0.02577736263542363
2025-02-25,-0.1319205714731435,-0.1792945895423551,-0.02936510784738755,-0.25174988635172924,-0.030620853477785204
2025-02-26,-0.1209683302888741,-0.16243301433604562,-0.07467023300132469,-0.21855869400650263,-0.030017622719412884
2025-02-27,-0.16722472279336797,-0.19005936013449298,-0.07278826894405444,-0.2613066445236273,-0.0455942098669585
2025-02-28,-0.15004953993616543,-0.1751179123174882,-0.06997902979516246,-0.23442677943859103,-0.030762673359918113
2025-03-03,-0.17613878288321327,-0.22272033054890428,-0.07994601614983965,-0.2896525964447302,-0.04745683646822174
2025-03-04,-0.17294417149292685,-0.21953898909342207,-0.09131571330763599,-0.2418254102821099,-0.05893520397360352
2025-03-05,-0.1507593016825871,-0.21818614493552357,-0.07849118259854593,-0.14501719896007392,-0.04837921710131632
2025-03-06,-0.21444430543611015,-0.25055571416272837,-0.09178565253072324,-0.20196891641393422,-0.06564132141722845
2025-03-07,-0.1762825492395257,-0.2404673208950613,-0.10112140667560243,-0.18384785267069692,-0.06060296608674165
2025-03-10,-0.210872554399694,-0.2666435784737945,-0.11891378822172105,-0.27236224179811175,-0.08544002761407343
2025-03-11,-0.19487608319140792,-0.25584117516275173,-0.14058070519203225,-0.26326687193956133,-0.09294440572396512
2025-03-12,-0.17159098349387158,-0.23817067291167504,-0.13795909291958286,-0.2650091946101396,-0.08854468098246104
2025-03-13,-0.20520246437622003,-0.2536027998369359,-0.15094412487356346,-0.30135914612520487,-0.10044894925362591
2025-03-14,-0.14599129508018682,-0.23365388353833183,-0.14210764141257803,-0.24955736994552924,-0.08198065912058439
2025-03-17,-0.13483407754021148,-0.22136246345654986,-0.11424050358262006,-0.24550524508544902,-0.07497303657761933
2025-03-18,-0.15302610500023894,-0.23017170452940172,-0.12754445640672873,-0.29145698096722694,-0.08473043194410124
2025-03-19,-0.1297341226876405,-0.2111472429100797,-0.11328549583249603,-0.2837916828957494,-0.0751149115996752
2025-03-20,-0.12837350262548752,-0.20211901611137406,-0.11764047864265392,-0.30196149364248137,-0.07724386402936079
2025-03-21,-0.13121062246710902,-0.20425982962582778,-0.1211167497036798,-0.27982024090794744,-0.07701315859124103
2025-03-24,-0.08748449357270693,-0.18182716056977688,-0.0971321639539593,-0.20539392257328837,-0.06081580618978699
2025-03-25,-0.09600999734853932,-0.19328390487694036,-0.10810016949000112,-0.21438424467915562,-0.05858054398842483
2025-03-26,-0.12945077058594723,-0.2119326203025037,-0.12980995264064255,-0.2478044371732392,-0.06956188022726462
2025-03-27,-0.14892701858619384,-0.2315019464895478,-0.13640824321715983,-0.2880724637915735,-0.07212202685534808
2025-03-28,-0.18483345387771455,-0.2416069971474979,-0.13743869893882632,-0.3082143350573101,-0.09065427929914949
2025-03-31,-0.1987816660199403,-0.24450686804936483,-0.13382952537426573,-0.34093757228784716,-0.08511773476373652
2025-04-01,-0.19656700724203646,-0.23444881418057784,-0.14662631226790224,-0.34885863230302494,-0.0817531517980028
2025-04-02,-0.179233080727645,-0.21703030968189507,-0.13226260658777755,-0.3191685280227684,-0.07621655212266676
2025-04-03,-0.2861986562700437,-0.27227710976959385,-0.1545173473256577,-0.3572989097777757,-0.12027743100892863
2025-04-04,-0.36883443163956386,-0.3402772788012629,-0.20226882966669035,-0.40708761229753787,-0.17126349825316756
2025-04-07,-0.3408986528025376,-0.32729531035335435,-0.21110183807385796,-0.3676498335547338,-0.17475275258495993
2025-04-08,-0.34419824670224164,-0.3204861242120842,-0.2260002045071141,-0.38905337802309337,-0.18689395710555134
2025-04-09,-0.2237484008006404,-0.2483206397607366,-0.19324961714109523,-0.2706369006872654,-0.11148305439884276
2025-04-10,-0.2950369307977686,-0.2753774196714487,-0.22994054016657195,-0.3027469815342867,-0.14181828307513178
2025-04-11,-0.28529851176663523,-0.24897053708952532,-0.22066464922949114,-0.3006377263593709,-0.1267040441825178
2025-04-14,-0.26556743486043166,-0.24643011584214358,-0.2046260975483024,-0.31510219041614085,-0.1179274226276602
2025-04-15,-0.25208120045014293,-0.2413739061194079,-0.20242074931857945,-0.28022447878141044,-0.12040204723506398
2025-04-16,-0.28609881132894965,-0.24303671678707495,-0.21363710973384353,-0.30724972197661193,-0.13973542762113156
2025-04-17,-0.2938015137279678,-0.236133633636198,-0.15806271748327794,-0.2958546515608632,-0.13854269594523083
2025-04-21,-0.3258518949286585,-0.2720968315079936,-0.1697682654721706,-0.3548075628569628,-0.15906886314712232
2025-04-22,-0.3078283683093126,-0.25116928376126035,-0.15242166021823722,-0.3397500297845356,-0.13784837403394878
2025-04-23,-0.2710317963058222,-0.23082281229614787,-0.1505326695713044,-0.30071821113858077,-0.12399816273776354
2025-04-24,-0.22745849638902882,-0.20428841759086602,-0.13072720781424851,-0.2475872622244476,-0.10559041624025145
2025-04-25,-0.2038578537434268,-0.19666074789291055,-0.12557461010911508,-0.24383541635894102,-0.0990036215901473
2025-04-28,-0.20717215336630734,-0.18129120893311812,-0.12066543175366595,-0.2311390631229926,-0.09845167096022878
2025-04-29,-0.199964359522685,-0.17844631099670205,-0.11119497518157917,-0.24126612987173213,-0.09298636720542064
2025-04-30,-0.2027251666281673,-0.19145202036429965,-0.10084915988576448,-0.26254952583155233,-0.0925413328863326
2025-05-01,-0.18356320235994683,-0.16930942620234446,-0.1669916327872465,-0.2599837550437377,-0.0861147197127432
2025-05-02,-0.14546074983991963,-0.14616889767849406,-0.1504453841647445,-0.19078168825652508,-0.07301209549352461
2025-05-05,-0.14835966117446464,-0.14897684920293086,-0.14564768361883973,-0.2253325833367571,-0.07785442839750178
2025-05-06,-0.18281097081393916,-0.11041253701024822,-0.17500832926997423,-0.22206342896592313,-0.08570514036418841
2025-05-07,-0.16705029799053306,-0.10135497111237879,-0.15751825522696772,-0.21973228201733974,-0.0815749947065677
2025-05-08,-0.13719243397801106,-0.10342576544397153,-0.16974076943006267,-0.2066337174916778,-0.07545087915093363
2025-05-09,-0.13557132360067115,-0.09731953704665719,-0.18793456776872197,-0.24309809646502178,-0.0766792863570599
2025-05-12,-0.07940799922297126,-0.0836185054544154,-0.1636914065727405,-0.20869110010876768,-0.04593486431167759
2025-05-13,-0.04029720899105693,-0.06919181296767152,-0.17262743651290924,-0.2069694588284441,-0.03966821205491089
2025-05-14,-0.02133776313295377,-0.06407037764960744,-0.20080594256496997,-0.16967317074482646,-0.038475535518933346
2025-05-15,-0.03994195410425827,-0.07483576114422863,-0.18525110492527774,-0.15107757300682745,-0.033757763701168675
2025-05-16,-0.03756655325255209,-0.06988091144947461,-0.16908325070045804,-0.1383929780016785,-0.02752695239439651
2025-05-19,-0.05067935508341126,-0.06978995034133895,-0.1703883859207429,-0.16764423365417003,-0.02653013286515915
2025-05-20,-0.04537560457537648,-0.0644527852134058,-0.16905011998271235,-0.1573154461739792,-0.029983766806649048
2025-05-21,-0.06853231085159028,-0.07633635847910669,-0.18117195057991975,-0.1909661882081689,-0.04620163125948451
2025-05-22,-0.06998533641277305,-0.06895788319270735,-0.18794740787115893,-0.17067422698607437,-0.04575665208031954
2025-05-23,-0.07542052050162773,-0.027164659598305496,-0.19020053805149417,-0.18244916907300468,-0.05220107544905994
2025-05-27,-0.05423568042865723,-0.0011228622613643768,-0.17420792895293713,-0.11610004513956496,-0.032725323781628735
2025-05-28,-0.06081546322845088,0.0,-0.17647800163166039,-0.11455518571776602,-0.038243947842044435
2025-05-29,-0.051986387894558006,-0.014599137938185902,-0.1684874652292725,-0.16035230573998616,-0.03454119172812975
2025-05-30,-0.05775132840925723,-0.00769216668653272,-0.1617717132748855,-0.17785421920472622,-0.03553812153721325
2025-06-02,-0.05203241516431101,0.0,-0.14768773360545673,-0.16152565450894296,-0.029930391361118303
2025-06-03,-0.023581017511032587,0.0,-0.14727600563277432,-0.14175385483496694,-0.02442941207608451
2025-06-04,-0.017282347490390593,-0.017550056612283482,-0.139026002885141,-0.0788842554760939,-0.025052382926915695
2025-06-05,-0.049987261799206095,-0.02359576288066556,-0.14477665273619367,-0.05208275019398334,-0.029609807848396397
2025-06-06,-0.031132581394985648,-0.012533763832683231,-0.13425890848505118,-0.0025992000803329862,-0.01969399548293793
2025-06-09,-0.0004230715798404505,0.0,-0.12867776687801824,0.0,-0.01864357994847765
2025-06-10,0.0,-0.022958816614207844,-0.1722299606557115,-0.02888665310630656,-0.013053715107457231
2025-06-11,-0.004935701867998854,-0.0020305496920038912,-0.17869513010209925,-0.015157226969741089,-0.01577740674736261
2025-06-12,0.0,0.0,-0.16259496787518224,-0.02635928670371157,-0.012056675018527474
2025-06-13,-0.004929577219159542,0.0,-0.16289800443803737,-0.025495600737572954,-0.02305852330874869
2025-06-16,0.0,0.0,-0.16121960093016563,0.0,-0.013623420792603924
2025-06-17,-0.010403120730429927,0.0,-0.17214695929053359,-0.024042103323429043,-0.022026193669055116
2025-06-18,0.0,0.0,-0.1684121569257403,0.0,-0.02222194039594938
2025-06-20,-0.011078402944328825,-0.008496800320417996,-0.18160603089953098,0.0,-0.024927876980626595
2025-06-23,-0.005551934074321974,0.0,-0.18349854064254378,0.0,-0.014887338109186521
2025-06-24,0.0,0.0,-0.17449662165569002,0.0,-0.004063481490631182
2025-06-25,0.0,-0.014973997195729227,-0.17260490334229683,-0.047120612362148595,-0.003565016586089542
2025-06-26,0.0,0.0,-0.17385219274738806,0.0,0.0
2025-06-27,-0.027910729786899235,-0.01062351535892947,-0.1838092524591236,-0.02296029947707312,0.0
2025-06-30,-0.02093012633520086,0.0,-0.17724037095264444,-0.04360459698260699,0.0
2025-07-01,-0.04747930912911669,-0.037060664961211076,-0.1740594076652685,-0.07943326073471546,-0.0004577096405282699
2025-07-02,-0.027371465579281717,-0.032697963950988784,-0.16614202085933694,-0.05521087330896901,0.0
2025-07-03,-0.011974903851452834,-0.019995635915638577,-0.16642934083423688,-0.05661248685033071,0.0
2025-07-07,-0.019007283324902535,-0.007029970151450571,-0.1763962067777045,-0.013088844471421335,-0.008014260935437889
2025-07-08,-0.003541692931989582,-0.029432880332185274,-0.16812908822492256,-0.017349696033374884,-0.00867485127323342
2025-07-09,0.0,-0.027891337418519346,-0.15450223814106445,-0.0442679182981317,-0.002798893240098299
2025-07-10,0.0,-0.03713940678399963,-0.1530609835765263,-0.028227738605933528,0.0
2025-07-11,-0.005152226144993555,-0.01914383252627838,-0.15834312149996743,-0.011306455901693435,-0.0035982919277494085
2025-07-14,-0.010322974038679322,0.0,-0.15190806983922545,0.0,-0.0016341526854452004
2025-07-15,0.0,-0.013808919409837972,-0.17286924699034845,0.0,-0.005962301021809613
2025-07-16,0.0,-0.027574281962214786,-0.1562577304582753,0.0,-0.0026945323889748796
2025-07-17,0.0,-0.02015893632932786,-0.17254861618911133,0.0,0.0
2025-07-18,0.0,0.0,-0.17440405998719954,0.0,-0.00045045363141593686
2025-07-21,-0.00704478015785881,-0.03599260446220787,-0.17793263638765455,-0.05216100012484459,0.0
2025-07-22,-0.02639355137561883,-0.03800080291241792,-0.16355356879970784,-0.05176185225728047,0.0
2025-07-23,0.0,-0.026013422672141018,-0.14062259208596317,-0.013606585887668055,0.0
2025-07-24,-2.36005618103885e-05,-0.021241480976217475,-0.13598020062012128,-0.01429927198381964,0.0
2025-07-25,0.0,-0.01740823751276732,-0.13477901510154222,-0.06844644492575258,0.0
2025-07-28,0.0,-0.01347047504752441,-0.14625286649733826,-0.09221533328306541,-0.00023918615960027978
2025-07-29,0.0,-0.004095269391967804,-0.17093847392107597,-0.11495662579744004,-0.002834904389867443
2025-07-30,0.0,0.0,-0.19424409443806412,-0.07817458288950796,-0.004047181684667667
2025-07-31,-0.004207540161311529,-0.005908134050928604,-0.21520987833285798,-0.09284416894565128,-0.007787154690801157
2025-08-01,-0.036781295240392975,-0.01807422310076401,-0.1754382746464238,-0.10986503540584536,-0.024129854883183754
2025-08-04,-0.001973127438219424,0.0,-0.17411465526710845,-0.12170940593738533,-0.009289977783529024
2025-08-05,0.0,-0.016877991221045274,-0.1585940978190915,-0.10946797690152321,-0.01405461248572859
2025-08-06,0.0,-0.018228209066613155,-0.17266106514727042,-0.12254210476929828,-0.006728323543363723
2025-08-07,0.0,-0.021867650073019607,-0.2352291528570235,-0.15601070757427382,-0.007326183481095261
2025-08-08,0.0,-0.025616487221656215,-0.2416482192446302,-0.16098157690704007,0.0
2025-08-11,-0.01605278701491908,-0.027682467723188497,-0.2371940414914866,-0.1642713964773379,-0.002048763567180756
2025-08-12,0.0,-0.017983302290065506,-0.23344747953595302,-0.14408601827703127,0.0
2025-08-13,-0.010127816593369032,-0.038206359800557976,-0.210230859010903,-0.14582908889151291,0.0
2025-08-14,-0.06430967148286448,-0.03795050229567265,-0.19293450465344186,-0.16094261342284355,0.0
2025-08-15,-0.07755984706420782,-0.045083362295110785,-0.18073762928100268,-0.15026795639591317,-0.002159090388250684
2025-08-18,-0.08176428444923334,-0.03930544388588986,-0.18132636625200627,-0.14284302685748185,-0.002513365797641387
2025-08-19,-0.1229389702571988,-0.05666208909084158,-0.17944729422670247,-0.21000680889378898,-0.007961665338177104
2025-08-20,-0.12956557964896442,-0.06627384020001292,-0.18697477285387643,-0.21108459122386525,-0.010576074107623734
2025-08-21,-0.12433264109609843,-0.05764154824231893,-0.1789064842950967,-0.20381648396970264,-0.01447258277086061
2025-08-22,-0.1044504995414195,-0.048691835516577076,-0.1757558689940828,-0.15800000525527502,0.0
2025-08-25,-0.10090169253051917,-0.045516869256063575,-0.19426541858978164,-0.10476332273830324,-0.004231235500153141
2025-08-26,-0.08773884856778125,-0.029975026439237884,-0.16561836313932743,-0.09237778969811683,-0.0002528705597349967
2025-08-27,-0.09075210786640764,-0.03580006168357064,-0.17189396820738367,-0.1297215157480015,0.0
2025-08-28,-0.06785675370306965,-0.017106896160410057,-0.17057749894441454,-0.10779063874475447,0.0
2025-08-29,-0.08193111187588653,-0.034569168014793594,-0.17357371946000189,-0.10145700445827321,-0.005766772198780967
2025-09-02,-0.09875236186928038,-0.0448640266828243,-0.03644736704489815,-0.09654595740449423,-0.013092663104159907
2025-09-03,-0.09182624349752544,-0.03808266793820925,-0.05061743547996134,-0.18229191666360212,-0.008046853898257433
2025-09-04,-0.02962955908091791,-0.044294454205294875,-0.06066407819508224,-0.2177430735509046,0.0
2025-09-05,-0.011779327469140899,-0.05552471397008074,-0.045839088441225084,-0.1866743842736205,-0.0027321748210948904
2025-09-08,0.0,-0.055827794391361873,-0.04536832389915968,-0.1856332289421011,-0.0001509248650887196
2025-09-09,0.0,-0.051734676869416796,-0.02652945151744901,-0.23015601117436457,0.0
2025-09-10,0.0,-0.01953932206023945,-0.03272845132101254,-0.2302075513336861,0.0
2025-09-11,0.0,-0.019813330803890694,-0.021491732922029105,-0.20327585272745818,0.0
2025-09-12,0.0,-0.022813243248087645,-0.02185000434948159,-0.1592547697969059,-0.00021512504781817654
2025-09-15,0.0,0.0,-0.028817957461440447,-0.12931041937017151,0.0
2025-09-16,-0.005768497643577564,-0.028115379064305834,-0.024287847398860918,-0.1897887896724808,-0.0013168597793353776
2025-09-17,-0.01106152079358258,-0.0227965705798151,-0.02021004480153199,-0.1750138710693645,-0.0024687563430287884
2025-09-18,0.0,-0.019512955004962196,-0.010893499982740251,-0.180231660215721,0.0
2025-09-19,0.0,-0.0010553163256218356,-0.008694178647930317,-0.13873101806651478,0.0
2025-09-22,0.0,0.0,-0.010114226032697182,-0.08472220648440842,0.0
2025-09-23,-0.0056946679443063974,-0.0018782825093870414,0.0,-0.0004992963971386377,-0.00523774900152274
2025-09-24,-0.03344950286643755,-0.011570065594439516,0.0,-0.04309428913068458,-0.008556195501643549
2025-09-25,-0.04635459121740304,-0.012408478727384487,-0.03356382691951576,-0.10819732724525832,-0.013289657967154644
2025-09-26,-0.0396515657297315,-0.006620400721105035,-0.018611892771118743,-0.11444393825914234,-0.007482627730656444
2025-09-29,0.0,-0.012074782532699224,-0.026747695587379994,-0.10952023572209824,-0.004692978904950906
2025-09-30,0.0,-0.02020349153731138,-0.00815524375468435,-0.09880823824810159,-0.0010226368399598451
2025-10-01,0.0,-0.0039674599787274945,0.0,-0.026082511496768768,0.0
2025-10-02,0.0,0.0,0.0,0.0,0.0
2025-10-03,-0.010015521630061586,0.0,0.0,0.0,0.0
2025-10-06,-0.01488256368693619,0.0,0.0,0.0,0.0
2025-10-07,-0.01496832151694627,0.0,0.0,0.0,-0.003563335683556379
2025-10-08,0.0,0.0,-0.007418633207251779,0.0,0.0
2025-10-09,0.0,0.0,-0.005691951411494922,0.0,-0.0026988789884324627
2025-10-10,-0.07334164052961989,-0.01890529448208278,-0.024403040361408723,-0.04368265931689119,-0.029510125448759972
2025-10-13,-0.021000934656868475,0.0,-0.03258265455906806,0.0,-0.014803578654423832
2025-10-14,-0.05383501983630379,0.0,-0.04383423540455311,0.0,-0.016193273930594554
2025-10-15,-0.020397000095087603,0.0,-0.03703109307289709,0.0,-0.011862269295556671
2025-10-16,-0.007486154114330845,-0.0220696395900708,-0.04066228931489435,-0.048729175604701136,-0.018391269481260686
2025-10-17,-0.011754278250981742,-0.04819907282416469,-0.0496301729101406,-0.08585082357678264,-0.012945045334280203
2025-10-20,0.0,-0.06085201308656596,-0.04671468094656728,-0.08212461278461991,-0.0025858244314478362
2025-10-21,0.0,-0.08047035583589912,-0.0634393789991421,-0.11868894142469133,-0.002715001205185308
2025-10-22,-0.024642305870751557,-0.08198719499293927,-0.05689406479825143,-0.19196307948404434,-0.007757373774487375
2025-10-23,0.0,-0.062099137327537024,-0.046785661891249,-0.16982210969749734,-0.0021494298606938855
2025-10-24,0.0,-0.038231128900578115,-0.052757888366878225,-0.1518982983813808,0.0
2025-10-27,0.0,-0.041802863628104925,-0.049423580426433134,-0.1118518200361105,0.0
2025-10-28,0.0,0.0,-0.05948705755649486,-0.1338969141893439,0.0
2025-10-29,0.0,0.0,-0.017988141907784527,-0.1047742872329458,0.0
2025-10-30,-0.03050301838904479,-0.02121319510135744,-0.001226575347319403,-0.1591235819589304,-0.010618013916404712
2025-10-31,-0.020630909235240358,-0.03296747267960154,0.0,-0.1253321310410399,-0.007769620718676817
2025-11-03,0.0,-0.040283491362602564,0.0,-0.18633933540344838,-0.005823171602169941
2025-11-04,-0.051008266385086265,-0.06963076870593743,0.0,-0.22423733315384065,-0.01734312959979556
2025-11-05,-0.021024363789503675,-0.07641317848768525,0.0,-0.22343859678253997,-0.014384137165660227
2025-11-06,-0.011812695237265913,-0.09911030709574087,0.0,-0.2984410670799009,-0.024859590127999986
2025-11-07,0.0,-0.0857124333951289,-0.012576844412997334,-0.2630772229038316,-0.02383106595154283
2025-11-10,0.0,-0.07166139962016549,0.0,-0.26383151099848035,-0.00867166224415894
2025-11-11,-0.020493499061354115,-0.08459010441862602,0.0,-0.2728521948988487,-0.006392928197124448
2025-11-12,-0.020078653614248432,-0.08015518703943514,0.0,-0.3000716526341919,-0.005902491230747597
2025-11-13,-0.10517410333383292,-0.11817407914264477,0.0,-0.3496793682216739,-0.022090419114588644
2025-11-14,-0.0900777661924338,-0.11730646521138433,0.0,-0.34780713885117354,-0.022343481860799708
2025-11-17,-0.08789100221127277,-0.12281638930837269,0.0,-0.38926830192811457,-0.03150567851559671
2025-11-18,-0.11898992412931964,-0.12501474387819145,0.0,-0.384265023160976,-0.03948090662530379
2025-11-19,-0.10667451163572028,-0.10303729530847194,0.0,-0.37933043373703723,-0.03599971039565608
2025-11-20,-0.18362950895128405,-0.12966019556302932,-0.004915530097851062,-0.44789061744377656,-0.050621026892959664
2025-11-21,-0.1764324925747216,-0.14880504385727278,0.0,-0.43850891077834897,-0.04117419555133828
2025-11-24,-0.11677726610281258,-0.12272336444149823,0.0,-0.4036926033803949,-0.026916735925175517
2025-11-25,-0.13131942349298997,-0.11025404692901153,0.0,-0.39987438400718545,-0.01786533339530816
2025-11-26,-0.12325544174313108,-0.09770091700526862,0.0,-0.40453960178300363,-0.011076781497907473
2025-11-28,-0.1006740381528819,-0.09040055481392295,-0.015558698779133184,-0.3994019190356489,-0.005601680796571862
2025-12-01,-0.112487591710835,-0.09434903929053862,-0.029732113692361728,-0.431198141358051,-0.010174837416686566
2025-12-02,-0.10955154175766268,-0.09007064659442987,-0.041002383740530224,-0.397282526746392,-0.008497431905219566
2025-12-03,-0.10851332006768444,-0.08907508825916255,-0.039862343561353764,-0.35289781321614466,-0.0050320216458786815
2025-12-04,-0.07143328988953879,-0.0679540110246617,-0.045585817935705486,-0.2602215378547599,-0.004193416334406397
2025-12-05,-0.045340878782523686,-0.0879849558868443,-0.0424162296677425,-0.25611552259947723,-0.0023260919579544126
2025-12-08,-0.03937753088725182,-0.0982611650256281,-0.058033650984281704,-0.23671969137087157,-0.005285279280611954
2025-12-09,-0.037189610792341954,-0.0919964870742449,-0.06838417566631583,-0.22886069845046653,-0.006092215207209928
2025-12-10,-0.010111361546001119,-0.0970880470367278,-0.05465662938166915,-0.16647390630081105,0.0
2025-12-11,-0.0038213094342863796,-0.07903546740134237,-0.04361088683628278,-0.09287705852043437,0.0
2025-12-12,-0.07904183551704702,-0.11783688856040508,-0.029657502653987033,-0.15052293238617753,-0.0107935606535432
2025-12-15,-0.08244346289096294,-0.11984512382566126,-0.007084941802287581,-0.24174998120163516,-0.012229592517941756
2025-12-16,-0.0706731987222573,-0.12109680343815488,-0.011074957169918576,-0.23807161120506726,-0.014991072658859017
2025-12-17,-0.10154536314103901,-0.14660033035975129,-0.006118637831969198,-0.2848501320430257,-0.025816214741278154
2025-12-18,-0.06603736701464014,-0.12144253539585659,-0.0027526716238818194,-0.22182901816697598,-0.01846269766816344
2025-12-19,-0.014424901729859885,-0.11810557249795872,0.0,-0.0945150350512185,-0.009704827333153587
2025-12-22,0.0,-0.11109771464182738,-0.0008774159598554654,0.0,-0.0034682239323486908
2025-12-23,0.0,-0.0990446885693228,-0.00638070314241701,-0.007068768870085895,0.0
2025-12-24,0.0,-0.09923837648772948,0.0,-0.05122735002233558,0.0
2025-12-26,-0.004057725690727265,-0.1053350992753821,-0.0069097172776872995,-0.12843965380094524,0.0
2025-12-29,-0.02233517144532915,-0.10191455414568473,-0.010629112625880954,-0.13461596282158672,-0.003528597893055485
2025-12-30,-0.034540973556220655,-0.1063597713135136,-0.01676166798748069,-0.11314575397877613,-0.004914791325220547
2025-12-31,-0.04575131917506314,-0.10771700759346847,-0.027927730502738113,-0.12966102117082057,-0.012144934837011068
2026-01-02,-0.00535526237730688,-0.06858721594672668,-0.01591254417173904,-0.025848810998515992,-0.0103019001809177
2026-01-05,-0.008407922601647577,-0.07165904260531963,-0.0405703759821211,0.0,-0.0037490385344554067
2026-01-06,0.0,-0.07247285833322603,-0.017438312397349498,0.0,0.0
2026-01-07,0.0,-0.07842625189038854,0.0,-0.07164708976035616,-0.003206638474217982
2026-01-08,-0.049559090459733834,-0.08696980411077948,-0.02309893393372886,-0.0510162256790766,-0.0033794068235197816
2026-01-09,-0.011757098471242844,-0.066530487229713,-0.04039776452424393,-0.0036542397606604826,0.0
2026-01-12,0.0,-0.06731532255625317,-0.03336426712870433,0.0,0.0
2026-01-13,0.0,-0.07153394020228587,-0.04060839584996989,-0.03632242528261587,-0.0020490474772195677
2026-01-14,-0.013445613511008259,-0.059508308062572235,-0.04348174812961492,0.0,-0.006882183227719385
2026-01-15,0.0,-0.03870001899268982,-0.06520837027656934,0.0,-0.0042544580036989466
2026-01-16,-0.013323608486323524,-0.053669889847398844,-0.06974264631027682,0.0,-0.005083431884634559
2026-01-20,-0.0009567837677209035,-0.07360856514678815,-0.0653067670881704,-0.051453586360496684,-0.025323034246100606
2026-01-21,0.0,-0.05079318598581417,-0.04690006972970617,-0.09629056737520558,-0.014155370124687816
2026-01-22,0.0,-0.06030680980645631,-0.04066215254680361,-0.039280146933043825,-0.009025067743714699
2026-01-23,-0.012428599705060162,-0.05201721283574523,-0.054017948292650275,-0.04581511180200337,-0.008618312514220627
2026-01-26,-0.0176588254493929,-0.06452260614157013,-0.050244187397618933,-0.12792765784329208,-0.0035193211615389686
2026-01-27,0.0,-0.04977344662222971,-0.05719772652926591,-0.06530361244623029,0.0
2026-01-28,0.0,-0.026688358062555873,-0.07369507078508708,-0.015356682848512215,-0.00015637106998900308
2026-01-29,-0.007869933289471165,-0.020548438263664592,-0.07314477793006813,-0.02792843946943513,-0.0022353671619601556
2026-01-30,-0.005490016775356765,-0.055599589437733354,-0.065484043787848,-0.10306508262729686,-0.005440062172139104
2026-02-02,0.0,-0.08029979879977744,-0.05685558021215087,-0.16307987231485155,-3.12934124102604e-05
2026-02-03,0.0,-0.06317951346568362,-0.07197747046101266,-0.07803082564468,-0.008675858610603271
2026-02-04,-0.09728256952650194,-0.10786005554177402,-0.01985272265803273,-0.1731387697059723,-0.01374078380206889
2026-02-05,-0.12079449586133117,-0.13086200578111118,-0.06176184489686176,-0.25239936201402646,-0.025949630276971503
2026-02-06,-0.06586665283267679,-0.09817905835687624,-0.03830425427136408,-0.18443566232899355,-0.006971999499305159
2026-02-09,-0.03851141371083455,-0.06360709241990681,-0.056569559189152185,-0.16326585212029943,-0.0022979539867803433
2026-02-10,-0.07730205669179313,-0.06752742179782156,-0.06537165320089466,-0.208249900140538,-0.005096122611813025
2026-02-11,-0.06194119421937527,-0.05663236615241052,-0.06721804347232452,-0.21882228447143826,-0.005236846975596898
2026-02-12,-0.07294702129927433,-0.06728804297504032,-0.05634974822533034,-0.29831663784955376,-0.02065029246861605
2026-02-13,-0.07413480481583834,-0.058322442819421116,-0.05722248559801957,-0.289478752870851,-0.02002490418072278
2026-02-17,-0.07894327325104933,-0.044874709867352536,-0.05029480778819695,-0.27433371987838673,-0.018305494355282503
2026-02-18,-0.06317204818061428,-0.037406571526072185,-0.06366446616578525,-0.24469840999279802,-0.013365550829332884
2026-02-19,-0.04706273360499302,-0.029503839474428917,-0.0580482543936105,-0.22492557412170333,-0.015898013425065805
2026-02-20,-0.016844013229261434,-0.019270991577829966,-0.07131312522970334,-0.2816813509394944,-0.008879073807144922
2026-02-23,-0.016086522058510133,-0.03193205035498281,-0.04767756635290543,-0.26840621765899375,-0.0188681038342301
2026-02-24,-0.022154584993551274,-0.008360990763752074,-0.05615289085968855,-0.2612855869032429,-0.011708535844588086
2026-02-25,0.0,0.0,-0.000710925820295083,-0.2749628362375238,-0.003392071516390538
2026-02-26,-0.01923646444770999,0.0,-0.03343094692125381,-0.24734524782057854,-0.008988504758518645
2026-02-27,-0.024798096779502066,0.0,-0.018971138982443514,-0.29456439687728886,-0.013537664597589871
2026-03-02,0.0,0.0,-0.025177221348754886,-0.25058911201149114,-0.013162335632791233
2026-03-03,-0.036610441203945965,-0.027238177689216325,-0.044470537609417216,-0.23019321433151263,-0.021854032933724787
2026-03-04,-0.013613441061032128,-0.018675347475002102,-0.054529288955999844,-0.16971521078398877,-0.014881937442356774
2026-03-05,-0.04665554731992183,-0.02492078719655777,-0.06906279438677365,-0.22439726961742779,-0.020149981838301745
2026-03-06,-0.07998385106669437,-0.043321510258981455,-0.07233720498799456,-0.24190537744830887,-0.03324992263039761
2026-03-09,-0.03182668999869054,-0.02561536219304561,-0.014397195381807615,-0.2332911296837994,-0.024855320763236932
2026-03-10,-0.016821722862520372,-0.027056786831310964,-0.011654014754967412,-0.25649113472168117,-0.026543725152454845
2026-03-11,-0.008576382659653325,-0.050479733895435586,-0.004190783504510742,-0.23726162037504062,-0.027622195975859576
2026-03-12,-0.03316148329144819,-0.0453706340704928,-0.026308601448461033,-0.26112990907211797,-0.04251997210854663
2026-03-13,-0.02278083465926617,-0.06747426590703232,-0.019392586471623674,-0.26409525925799193,-0.04785041134518697
2026-03-16,0.0,-0.05787335357686729,-0.019046247924548676,-0.23669241590739032,-0.03831484782186345
2026-03-17,0.0,-0.05199771072174664,-0.04293776700917196,-0.16950495500389362,-0.03565721157648927
2026-03-18,0.0,-0.029722313212542484,-0.057833322404042264,-0.23916131300452492,-0.04896046355718964
2026-03-19,0.0,-0.019751899648834725,-0.061091139734520294,-0.2117024344059385,-0.051508476867065056
2026-03-20,-0.05633644261857729,-0.07196708002528462,-0.06904010332516997,-0.25488309232181905,-0.06528055408154432
2026-03-23,-0.03749219936875747,-0.044248313343880574,-0.0697804899763097,-0.2568716943137995,-0.05513524897653288
2026-03-24,-0.03086178656622185,-0.023011728853583935,-0.06416788020794106,-0.27346879890245657,-0.058339752002586676
2026-03-25,-0.03451689928846258,-0.021967752172734945,-0.048676634329401613,-0.1981041895511153,-0.05321243197042558
2026-03-26,-0.10819796843690754,-0.035678189982528585,-0.06666625820367034,-0.27051066802827495,-0.07000153971268464
2026-03-27,-0.11498679094032704,-0.025043175509803173,-0.08492653158918373,-0.3363749624362897,-0.08582112762259952
2026-03-30,-0.163834275261026,-0.035104277512176374,-0.023209276865882367,-0.3761637564275985,-0.08900460838694202
2026-03-31,-0.09827637997574334,-0.048733034053393354,-0.0011192363142016326,-0.3007416916718043,-0.06294161148402988
2026-04-01,-0.06676912005730495,-0.04998767423010664,-0.0013773873080923371,-0.288938935807469,-0.05549281940974882
2026-04-02,-0.048716390239541996,-0.04730091833198502,-0.016065579759561355,-0.240415897301824,-0.05441079688002792
2026-04-06,-0.045971108953789974,-0.04720893580303953,-0.02504025807824617,-0.23177221097629752,-0.05020816838697284
2026-04-07,-0.044684428827752254,-0.05065953434552073,-0.017651309334016596,-0.24851032424355057,-0.0496278963685054
2026-04-08,-0.005622483125357625,-0.03089638937310335,0.0,-0.21708352022622968,-0.025634872303679335
2026-04-09,0.0,-0.047548401445703825,-0.004956894883128005,-0.2500261871431654,-0.01986402148379196
2026-04-10,0.0,-0.03936883775600852,-0.015776300430563217,-0.22919881183494217,-0.020522719017410207
2026-04-13,0.0,-0.03646457563562222,-0.015894184440938153,-0.1981148711332541,-0.010925528589892486
2026-04-14,0.0,-0.03519946584280931,-0.018850887258837323,-0.23116292828425544,0.0
2026-04-15,-0.003238896349852083,-0.032414988726769844,-0.028955207618411527,-0.23102221232087217,0.0
2026-04-16,0.0,-0.016923386828925358,-0.0270501720636116,-0.16445329563496802,0.0
2026-04-17,0.0,-0.03362535300581326,-0.00805621313190763,-0.17988611117681708,0.0
2026-04-20,-0.0007420008793489474,-0.03348758079421155,-0.024464438887593087,-0.17907053964547381,-0.0018996458489251022
2026-04-21,-0.008581945979085792,-0.05587099036995502,-0.033397872363878034,-0.197026180079507,-0.008471512767189937
2026-04-22,0.0,-0.018906089735537757,-0.022818541386354307,-0.15793716775480804,0.0
2026-04-23,-0.04266409357638068,-0.019660424498659235,-0.026074386376558456,-0.21276653347849916,-0.004037392381292859
2026-04-24,-0.016124217809508568,-0.0011013540871172012,-0.04878930862648667,-0.24740372680246703,0.0
2026-04-27,0.0,0.0,-0.05737368365930273,-0.23113742113853686,0.0
2026-04-28,-0.03682788695562933,-0.02124648700638687,-0.052501109610368024,-0.27491449845327387,-0.0049277543544710145
2026-04-29,-0.031109729729739244,-0.027281410806801465,-0.06322274825557606,-0.2923957991094034,-0.004958197877499737
2026-04-30,-0.021221346316683265,0.0,-0.01710679226486156,-0.24666273989738652,0.0
2026-05-01,0.0,-0.0180658905548996,-0.002816596647207459,-0.278895724329843,0.0
2026-05-04,0.0,-0.006956396066619797,0.0,-0.28454504257341173,-0.003622585166507819
2026-05-05,0.0,-0.022282184657252735,0.0,-0.3152872888273065,0.0
2026-05-06,0.0,-0.0031961530984468967,0.0,-0.2531814509638203,0.0
2026-05-07,-0.020390208411182664,-0.04719991549860836,-0.029232405111081716,-0.3081164337354254,-0.0031423033438271464
2026-05-08,0.0,-0.06883319950787492,-0.0460461915517576,-0.1383868045539567,0.0
2026-05-11,0.0,-0.0623647700346307,-0.03255158224986221,-0.04680937956761966,0.0
2026-05-12,-0.019272645894682583,-0.07237928850235187,-0.011039185432394127,-0.10132356645293383,-0.0012509763822469155
2026-05-13,-0.005730219408833781,-0.10239575398525713,0.0,-0.06474165902286233,0.0
2026-05-14,0.0,-0.10733592583780505,-0.0076901492124128445,0.0,0.0
2026-05-15,-0.01994881070145571,-0.12788542429872463,-0.013927640413985198,-0.025372038919448947,-0.012054062954771072
2026-05-18,-0.04666260762547714,-0.13285917379351908,-0.02356356207168664,0.0,-0.01282477603570975
2026-05-19,-0.045337648476316716,-0.13991184352035801,-0.007263683032143531,-0.007363632433346923,-0.019106190003604806
2026-05-20,-0.034022506678944464,-0.11949452742445676,-0.011011383253773488,0.0,-0.008956880476722495
2026-05-21,0.0,-0.11489597371701554,0.0,0.0,-0.007110248730535229
2026-05-22,-0.016319870167646577,-0.10752439562104121,0.0,0.0,-0.0031698123283829815
2026-05-26,0.0,-0.09862346093422525,0.0,0.0,0.0
2026-05-27,-0.010820699431065561,-0.11744757178711751,0.0,0.0,-7.247856648229245e-05
2026-05-28,0.0,-0.11291130855141573,0.0,0.0,0.0
2026-05-29,0.0,-0.11195801588813226,-0.014361311202449545,-0.08930342258636692,0.0
2026-06-01,0.0,-0.130954544046181,-0.0353276609323101,-0.18739155661152673,0.0
2026-06-02,0.0,-0.09266508067281709,-0.04741987967172612,-0.13615532453720824,0.0
2026-06-03,-0.01420322768581983,-0.11441921645476394,-0.03256398107417746,-0.20450561983746507,-0.007017487569555558
2026-06-04,-0.01731528028499496,-0.11158908053259187,-0.01328513874257753,-0.18792462456657688,-0.003150764166165665
2026-06-05,-0.0973710327828613,-0.15275547147565838,-0.008625024052327235,-0.2731447754675882,-0.029015065563702036
2026-06-08,-0.06501757244100603,-0.15451875744219745,-0.005526897859843172,-0.2673379456190874,-0.02660910238681713
2026-06-09,-0.09915757372903866,-0.15856678442874028,0.0,-0.298138895779712,-0.02944462357305655
2026-06-10,-0.11192759211720826,-0.18602019062353103,-0.011801425741134963,-0.3139486333617407,-0.044696913511738434
2026-06-11,-0.06780706077758092,-0.17170636406197126,0.0,-0.24195018185980288,-0.028685708534896937
2026-06-12,-0.046976126789323724,-0.156954365975149,-0.011524152516538155,-0.34172266173026555,-0.02335813724010205
2026-06-15,0.0,-0.13759720321869273,-0.00984837872107569,-0.29906219366890996,-0.006344396468366931
2026-06-16,-0.0411803054288844,-0.1344606491722593,-0.014022302423611133,-0.33517442192759994,-0.012187525039286995
2026-06-17,-0.05550466135516008,-0.14057720580379707,-0.01575647408485148,-0.311679398691858,-0.024131516986740098
2026-06-18,-0.018521544532154155,-0.13638857902848855,-0.03497860980385581,-0.33325422934302784,-0.014536243036557761
2026-06-22,-0.005418302377727224,-0.12843289445686523,-0.03189932815466301,-0.3857334058538452,-0.01741480768863235
2026-06-23,-0.08128424955493163,-0.12481017028988528,-0.024280926429084415,-0.4029091175649311,-0.03139236231832976
2026-06-24,-0.08772809868696974,-0.13749514179451883,-0.014802700607793429,-0.4532963295829052,-0.032323275890031034
2026-06-25,-0.045313627108280685,-0.13969212721803426,-0.016035801308304065,-0.4780086318640281,-0.03229460946777407
2026-06-26,-0.07724631033552798,-0.13417965073504534,0.0,-0.44236752497296616,-0.03730439550054632
2026-06-29,-0.06665129505138756,-0.13935172381127425,0.0,-0.33816035962632807,-0.0218641520165469
2026-06-30,-0.031212697883231555,-0.16176195338311494,-0.015234326380756613,-0.3178995378485193,-0.013533619576764466
2026-07-01,-0.057021635453985864,-0.18163721088633178,-0.013556699462991872,-0.3337937295426159,-0.015472591832050964
2026-07-02,-0.10949485200860898,-0.178553474068472,0.0,-0.33624827273016533,-0.016363091884912917
2026-07-06,-0.10160355899872475,-0.16812064300580998,-0.01349370288336793,-0.37809961153733185,-0.00806131353228734
2026-07-07,-0.12766561609985183,-0.17307676447639275,0.0,-0.4352281347958433,-0.013145790059747364
2026-07-08,-0.1064064445420072,-0.16095024814449477,-0.016286550264402178,-0.4326154230877338,-0.015759869708919405
2026-07-09,-0.08911034242432236,-0.15047869825428495,-0.017483851302375175,-0.43938835129990905,-0.007960761892138457
2026-07-10,-0.07873681459891557,-0.15188841741586667,-0.03375562327107928,-0.4466403663898,-0.003407709987679808
2026-07-13,-0.12217399348827152,-0.15689682071827193,-0.046630115635521996,-0.48301560432877366,-0.011106266164311984
2026-07-14,-0.09364067428244782,-0.1520149418864567,-0.06639018967762567,-0.4712654392170671,-0.007371916759723263
2026-07-15,-0.1195387847653897,-0.16179084535853994,-0.06018668233393809,-0.48966265792335206,-0.003493884584250262
2026-07-16,-0.16797970581472177,-0.1763142082455217,-0.057513155757012324,-0.56278211182865,-0.008750710304851306
2026-07-17,-0.18358284348973175,-0.17729037880251908,-0.047610119784562754,-0.5508182910368229,-0.01876177887510877
2026-07-20,-0.16812366741988027,-0.1760964413920918,-0.06624556888079203,-0.5585390304997419,-0.020140572420237035
2026-07-21,-0.1145401885007411,-0.15669913477415032,-0.0489156219116863,-0.5244329164258877,-0.012011143260752255
2026-07-22,-0.1250812206772608,-0.13260008487530728,-0.06170676393095531,-0.527483799464503,-0.013217587612739501
2026-07-23,-0.12835776463598014,-0.13022819327215251,-0.05029560119289267,-0.5372347987315274,-0.02531131120916741
2026-07-24,-0.17612014856188374,-0.13873376856795427,-0.047177867564294984,-0.568986130036228,-0.02455002921871141
2026-07-27,-0.20276189664124045,-0.15314831222312386,-0.04705813881081111,-0.5507544424833342,-0.024305882472578255
2026-07-28,-0.2633307807198898,-0.1754240010976309,-0.041745031484870965,-0.5676941468410188,-0.02193594956953937
2026-07-29,-0.3002475739087753,-0.17794817479926706,-0.044942328778452945,-0.5990459149821419,-0.036772970877545275
2026-07-30,-0.22991636894282275,-0.1607126424489037,-0.065648271185202,-0.5577933478895631,-0.020743882261130553
2026-07-31,-0.222126217323099,-0.16146509886554383,-0.07533329515980969,-0.554827333575473,-0.013763389279319638
2026-08-03,-0.18193156798007792,-0.1448203018661406,-0.08764247098045896,-0.5189134934900319,0.0
2026-08-04,-0.06902013691980535,-0.14171352699084028,-0.08785913804751444,-0.4793683348586366,0.0
2026-08-05,-0.07642289664664226,-0.14318047911757215,-0.06542115167995621,-0.48532564593937855,-0.0019464652329110876
2026-08-06,-0.09181785815080457,-0.13713727479487414,-0.044059687947625936,-0.4862407408980136,-0.003638968836583545
2026-08-07,-0.04054778281297777,-0.12218264408115886,-0.05076306400326347,-0.45042541206518893,0.0
