Date,AI,Energy,Biotech,Space,VOO
2020-01-03,,,,,
2020-01-06,,,,,
2020-01-07,,,,,
2020-01-08,,,,,
2020-01-09,,,,,
2020-01-10,,,,,
2020-01-13,,,,,
2020-01-14,,,,,
2020-01-15,,,,,
2020-01-16,,,,,
2020-01-17,,,,,
2020-01-21,,,,,
2020-01-22,,,,,
2020-01-23,,,,,
2020-01-24,,,,,
2020-01-27,,,,,
2020-01-28,,,,,
2020-01-29,,,,,
2020-01-30,,,,,
2020-01-31,,,,,
2020-02-03,,,,,
2020-02-04,,,,,
2020-02-05,,,,,
2020-02-06,,,,,
2020-02-07,,,,,
2020-02-10,,,,,
2020-02-11,,,,,
2020-02-12,,,,,
2020-02-13,,,,,
2020-02-14,0.3130224530456046,0.24014710556982327,0.2058958511879656,0.02702373173581518,0.11728554363699858
2020-02-18,0.3050576004460575,0.23882355766031996,0.20260904992776615,0.026660683070618148,0.11509164764244056
2020-02-19,0.3225577535477077,0.2359013486210596,0.20251840567754098,0.026660683070618148,0.11531609354303574
2020-02-20,0.3192420617777414,0.23750830551082128,0.20249523420717322,0.025484136332576634,0.11574017282112174
2020-02-21,0.36299858404761587,0.2343416047851718,0.2034485321213134,0.025484136332576634,0.12010948609966177
2020-02-24,0.4137596303633438,0.24336952133387152,0.21167478250157246,0.025484136332576634,0.15469344546687092
2020-02-25,0.4365280150299591,0.24902970156183057,0.22342980145516136,0.02484243201408568,0.1769327471034723
2020-02-26,0.4284834150450312,0.24921423035154752,0.2553017194476828,0.024893832118757935,0.17553116646596356
2020-02-27,0.4579664523284316,0.2511669799577123,0.26178967644596024,0.02422306907645967,0.21468980212676972
2020-02-28,0.4978314352013189,0.3118548555829939,0.26143612063393873,0.02422306907645967,0.21424521252355364
2020-03-02,0.5028343238619855,0.30967146728056816,0.27473441829017575,0.024083792902096033,0.2536769420986446
2020-03-03,0.5081159289473349,0.3100294074901534,0.28416460230774354,0.024083792902096033,0.26348192269017795
2020-03-04,0.547861724375494,0.30721757557854873,0.3233625029067046,0.022443691943340286,0.29355832153282857
2020-03-05,0.5557041636659483,0.3144013174240785,0.3253620314073014,0.021793944258040657,0.30752920589279675
2020-03-06,0.5671716030609658,0.3186578133097848,0.3254300876882716,0.021652383140636507,0.3098930157745417
2020-03-09,0.6508888855203633,0.569632274337731,0.36252541453232157,0.022611110823951102,0.3763207732673462
2020-03-10,0.6616711321321929,0.593929028713475,0.4156409384717865,0.025253549036765154,0.40950177927139797
2020-03-11,0.7122779255608102,0.5955605870231885,0.4269491642104634,0.019738407972810717,0.42815286987577267
2020-03-12,0.75289379465104,0.6420228310016228,0.5000660365204935,0.037359862824858814,0.5027788354464806
2020-03-13,0.8738088980631677,0.6480820904765641,0.5625031056743643,0.03747456442924543,0.5829521270215602
2020-03-16,0.95454002751865,0.6519630315044849,0.6374293419428363,0.06832518241836015,0.6664049704398533
2020-03-17,1.0585751641608159,0.6532449524783146,0.6639234912078482,0.0680872614376879,0.6992874832531728
2020-03-18,1.072941518702572,0.7532449955074814,0.6624323268391799,0.070983419632239,0.7091458011459169
2020-03-19,1.081588815080511,0.8042343486936259,0.6512116926866367,0.07083913946437087,0.7071395732099849
2020-03-20,1.0816219622728178,0.8426516286363368,0.6609511781959155,0.07083913946437087,0.7126363819918348
2020-03-23,1.086468801813991,0.8657969371625414,0.6610006705030637,0.07083913946437087,0.7145575898309431
2020-03-24,1.1312862385480849,0.9278840858190187,0.6741324807379631,0.08163679884663715,0.7781754087061551
2020-03-25,1.1257699866579227,0.9211865443548519,0.6752183179443951,0.08457054001068819,0.7801836195112674
2020-03-26,1.1327359806892419,0.9288652364129624,0.6975941276754729,0.08584631262342934,0.8044501758478529
2020-03-27,1.1354885098027794,0.9298895068268603,0.6975548601322653,0.08886050726407116,0.8071076701082293
2020-03-30,1.1384547245534595,0.9335666409965843,0.712140361012356,0.08887761215005954,0.8151720772241436
2020-03-31,1.1386667834442035,0.9409645662066457,0.7122889203799403,0.08899861065998689,0.8153732796265332
2020-04-01,1.1520203629180632,0.9408477830387966,0.7130326836798639,0.13405154485969173,0.821647491689458
2020-04-02,1.1528247327182641,0.9559796386355752,0.7151871443310421,0.14109722324776494,0.826939931208143
2020-04-03,1.1485834407553823,0.9567471238922484,0.7160470023582093,0.14397394919114082,0.8271395862985135
2020-04-06,1.1739124372359386,0.9697864299480041,0.7153386278132122,0.1441530000335424,0.8522709738662788
2020-04-07,1.1650442037027204,0.9652690991292223,0.7130179346501602,0.1441579901435871,0.8490508410751945
2020-04-08,1.1681156942075812,0.9720414365537515,0.7072765428637052,0.14502929231369915,0.856110741549117
2020-04-09,1.1547871274772374,0.979454049669699,0.6967930046166398,0.14564726198799557,0.848225509329739
2020-04-13,1.1405228001386651,0.9643602742826174,0.6968919101069003,0.14614792207180788,0.8484928306061267
2020-04-14,1.1409229193165893,0.9661303788232682,0.695646079529403,0.14631414229461745,0.8428937012629265
2020-04-15,1.1408918104440804,0.9660931844316543,0.6907883804788574,0.14631414229461745,0.8414843620137593
2020-04-16,1.1266480572329798,0.9657545540955035,0.6744881613375758,0.14631414229461745,0.832060181201489
2020-04-17,1.122021624248881,0.9687411192282077,0.6853475072192838,0.14651465919882328,0.8309931141511955
2020-04-20,1.1148020942583736,0.9657482939319673,0.6843641041866206,0.14650481085407083,0.8312163458269994
2020-04-21,1.063055132927259,0.8216095374662535,0.6675758727008662,0.146397394401925,0.8043076481902328
2020-04-22,1.0590548637477055,0.8120857819027646,0.6440587518067111,0.1459798417196022,0.7928538677647867
2020-04-23,1.0133929794479952,0.8051545424965639,0.6337621010197101,0.14711613875970111,0.7786614114898023
2020-04-24,0.9690999708380018,0.7484599053395443,0.5623677315411935,0.14313916803447937,0.7208056016090958
2020-04-27,0.8898337220870747,0.7481147277599004,0.5135905217452651,0.143146346884641,0.6718936365528718
2020-04-28,0.7729684869084108,0.7336774454079563,0.403326845954412,0.12876874078276587,0.5677405891853503
2020-04-29,0.6664080801247352,0.7351177786842515,0.3783829492437438,0.1299836719988989,0.5431918529317766
2020-04-30,0.6143923329563742,0.553225071036906,0.3759592382220102,0.12699880132339722,0.5145923564220057
2020-05-01,0.6279876758100523,0.5297672364682044,0.3749798756703528,0.12704955114207056,0.5238584102058298
2020-05-04,0.6258798788060473,0.5031420913227622,0.3434503267303053,0.12704955114207056,0.5024873571544566
2020-05-05,0.6242887711734736,0.4236207667731402,0.33942433646504416,0.12704955114207056,0.489202447265511
2020-05-06,0.552547596054712,0.34548493464550745,0.3272253224840579,0.12272850294863161,0.4165119620394939
2020-05-07,0.5563192182129775,0.328348216096351,0.3348877585691598,0.12170523716758858,0.4163693713337556
2020-05-08,0.5497602431611585,0.32141090693343943,0.2973838439699256,0.12144384064829485,0.3846930730343004
2020-05-11,0.5398863218608534,0.32396917599674624,0.3012511400332333,0.11983136488440944,0.3706081453028561
2020-05-12,0.580681899424,0.329394048097992,0.27860629411916576,0.11983136488440944,0.36823779383230976
2020-05-13,0.5767248385391878,0.3771043347960562,0.27619069046704514,0.11939831870726048,0.36956340073128346
2020-05-14,0.5091168018109323,0.37296579823095927,0.2705676230796415,0.06546922027512088,0.34068265420177557
2020-05-15,0.513335622384564,0.35483480268903594,0.2692559503231122,0.049754973248063834,0.33624874811178135
2020-05-18,0.49223102746814407,0.3586490225959081,0.2632939209721673,0.039963574148269294,0.33933928295061255
2020-05-19,0.43051354586734797,0.33598941595694254,0.26135990896440503,0.03879037247076118,0.28646391294969564
2020-05-20,0.43298648583748317,0.3537192938999612,0.26175532331548323,0.03879037247076118,0.28872423708416567
2020-05-21,0.4556708384729302,0.3491148856037128,0.262691628658706,0.03600131181055083,0.2759146663480357
2020-05-22,0.4511054258011455,0.3321907142677103,0.26181791063286936,0.03157242993452426,0.27345062861885194
2020-05-26,0.45267329101414366,0.33296471260007204,0.26352809143896033,0.02991081750386987,0.27276618483307075
2020-05-27,0.45571166229683435,0.33042194984741957,0.2591949325956303,0.029388022854269474,0.2624510299009872
2020-05-28,0.4414784312618729,0.33392734523267614,0.25804829417318986,0.029388022854269474,0.25271705038482944
2020-05-29,0.4428332486255541,0.3351539696463747,0.2620239250866101,0.030760438297263916,0.2526830717198529
2020-06-01,0.44568493088761685,0.3179464029326416,0.22927187901692453,0.034098104479259726,0.24177721924880835
2020-06-02,0.4448740832149325,0.3315702642204291,0.2317389939562381,0.034098104479259726,0.2345229136679371
2020-06-03,0.43101360040398434,0.32506360124879546,0.2138739011955376,0.034098104479259726,0.2132557911907195
2020-06-04,0.4325306943136206,0.3376076658409594,0.20441946619109225,0.034098104479259726,0.2076199133278771
2020-06-05,0.43629442528972917,0.33832168964044446,0.19757807469252386,0.02952201278131917,0.21659304513346783
2020-06-08,0.44662180234609167,0.3334503707038566,0.19460740574082527,0.029987557646458593,0.2157559903997489
2020-06-09,0.4422684862146374,0.33440087838364396,0.1950719394224007,0.031753926056649416,0.21618910774083352
2020-06-10,0.44107104926646684,0.3547024322667444,0.1843609230360605,0.031753926056649416,0.2167858765797954
2020-06-11,0.4856077409066893,0.3841651550166143,0.23227496280112103,0.027989662504378347,0.2711641369559251
2020-06-12,0.476520168063416,0.38772860423481104,0.23229115816368615,0.027989662504378347,0.271387622785562
2020-06-15,0.45325119719005136,0.382705918978248,0.23550673262860994,0.02541306503852494,0.25783012664058746
2020-06-16,0.45243282367703075,0.37811294940895085,0.32985288916314703,0.02931071365334435,0.2623232916893889
2020-06-17,0.45228850048738733,0.3776079145669604,0.3281426115943249,0.02931071365334435,0.26273174739313765
2020-06-18,0.452117263945642,0.37742811060538684,0.328749048536781,0.029224189175280767,0.2612088604438293
2020-06-19,0.45190951251960576,0.37720258593339295,0.32507320449535543,0.03238536362054639,0.26118986985724335
2020-06-22,0.4534868182761175,0.37388479148162,0.3245955909342403,0.03280927408469848,0.25808175747334006
2020-06-23,0.45588491187065017,0.376090134172887,0.316479414538326,0.033425638173445404,0.2580766309835149
2020-06-24,0.40056498103907007,0.3860524450574483,0.31569496794288254,0.03571801644662274,0.26266246937249
2020-06-25,0.4068846130740466,0.35256023852941987,0.3262155745648227,0.03571801644662274,0.25668145989685776
2020-06-26,0.4232680692722385,0.36334068191186464,0.3313680854235845,0.03571801644662274,0.26647601913012764
2020-06-29,0.4213103744470699,0.3700444977749094,0.32875621045607434,0.04684521882062269,0.2688843359336615
2020-06-30,0.4041666902449537,0.371757688034219,0.32882435800450743,0.05190545457566022,0.257579585714269
2020-07-01,0.4062349077494623,0.3721668959781104,0.3280243491643815,0.05501030199952669,0.2557266912324971
2020-07-02,0.3949698429547854,0.3504468949454129,0.32770538190448983,0.057665341933140435,0.2524382566538113
2020-07-06,0.3913393796875793,0.35366722016097024,0.3239122007837346,0.05825601217180613,0.25386582745166164
2020-07-07,0.3948950754236946,0.35444313000623007,0.3239317073821017,0.05882349871981099,0.25668451851410307
2020-07-08,0.3946050576116595,0.3515737019078751,0.32283382413415257,0.0640850564650517,0.25522214524530534
2020-07-09,0.398944623813288,0.35557539369406477,0.32157803628638876,0.06416080734064891,0.2532326245635301
2020-07-10,0.3989913959677287,0.35303499494155743,0.3221123554314225,0.06461314203128703,0.2542107699284232
2020-07-13,0.40143030056094536,0.35142375409943927,0.3191333735208693,0.06374241614184396,0.25601334734016945
2020-07-14,0.40596595978122624,0.3533345823460054,0.3214401905813548,0.06180787655261196,0.2582445928102753
2020-07-15,0.40676074071597973,0.3604552502171605,0.32154893531432954,0.06301088071551401,0.2583943665534363
2020-07-16,0.40911830138600264,0.36139915777840426,0.32850495272054303,0.06296628969393621,0.2563882301448139
2020-07-17,0.4085868476534858,0.35428786242339877,0.3240464340582474,0.06510622300511204,0.2561727320890624
2020-07-20,0.41157751051444197,0.3530027988917359,0.3244829109804806,0.06733628585155982,0.2467144990845647
2020-07-21,0.4110705176669576,0.35318007855555456,0.32654482443155197,0.0684598356816093,0.24441042255281797
2020-07-22,0.4064031089271021,0.3516421308938157,0.3261063102143426,0.06756216793572395,0.24378636935502332
2020-07-23,0.4032118817268957,0.3322249657159408,0.32662647677023626,0.06756216793572395,0.24579172603360705
2020-07-24,0.34657770142199296,0.28741170396123156,0.29489903166907266,0.07462886585712049,0.17475671704099052
2020-07-27,0.3614426514567562,0.2844766250022769,0.29623242927393084,0.07457575561293674,0.17300731942003628
2020-07-28,0.3551347021134914,0.2864821236650561,0.29220960384997147,0.0778806493034653,0.17340640144068623
2020-07-29,0.37194566550938657,0.3287322147056073,0.1785779138402783,0.08321709538768446,0.16800041595093865
2020-07-30,0.37201477968715363,0.3298962979467553,0.19020034396468227,0.08371681898238001,0.16772780493423736
2020-07-31,0.3709469737481543,0.3276882461745676,0.19586942885340153,0.08369362786607544,0.16888503914414635
2020-08-03,0.376891831725324,0.3283995012664605,0.21547766741152696,0.08269185318367792,0.16777829879995432
2020-08-04,0.36852516737149676,0.3388223100228974,0.2151355815503246,0.08241947527503438,0.16736357100246824
2020-08-05,0.3662575617379995,0.3357606614795637,0.21488411347221414,0.08214511316228464,0.16765209961383
2020-08-06,0.35357951420741485,0.3206717004471858,0.21560387766709982,0.08119741147780682,0.14598902046886328
2020-08-07,0.34819363318431945,0.31594106231316876,0.19356437972693127,0.08270945655940708,0.14448384680572665
2020-08-10,0.33319847228248894,0.3019953380252373,0.18880961673501429,0.08535508099058661,0.1210520515864272
2020-08-11,0.33559785775368656,0.3019381273393703,0.19264301129730685,0.07912689654360071,0.12126501164145025
2020-08-12,0.3495552047075946,0.2939120931984804,0.19494382516120864,0.07660371541630712,0.121538537235583
2020-08-13,0.33484500031324643,0.2925764672354729,0.19599658493014352,0.0747065343262278,0.12173027005837364
2020-08-14,0.34790416198331947,0.29247461767257354,0.1960139715447331,0.07239388362129742,0.12177769073690128
2020-08-17,0.34403498280538103,0.28011254048492973,0.1989908241096818,0.07239932405008842,0.11547180757362373
2020-08-18,0.3470828870275478,0.2767774622098986,0.20055821043382827,0.07228603649369618,0.10919933043717035
2020-08-19,0.350830739284365,0.2768207782973723,0.20595646506103596,0.06945258012831333,0.10993126369673877
2020-08-20,0.3432668122270997,0.2739267449639746,0.20453015154338167,0.0693605890117365,0.10776038928919178
2020-08-21,0.34378674839568835,0.2770538385960467,0.2041785664957583,0.0694872274650669,0.10541454495232208
2020-08-24,0.3263963781800311,0.2817652083431713,0.20311059201618145,0.07029495068163649,0.10218180472347049
2020-08-25,0.32256147179269573,0.28103620125026246,0.1952836881664274,0.07039000308962129,0.09725561970327758
2020-08-26,0.3268787245589032,0.25379267169730274,0.18624338062896084,0.06876963416479702,0.09808686531342731
2020-08-27,0.32925299519997875,0.2560409443255602,0.1781510447766726,0.06877167475665033,0.09671177190974761
2020-08-28,0.3496822659914038,0.2570497026839695,0.17489072051000734,0.06805960594762091,0.09731271437198631
2020-08-31,0.336557283466522,0.2546073511986664,0.17790458666527428,0.06482989862719371,0.09761838917860956
2020-09-01,0.32646458114153465,0.2551040016860052,0.17619501650504193,0.06212459766390493,0.09959733353658244
2020-09-02,0.3365438416732378,0.2560957476606654,0.193523506243723,0.06284474017594295,0.10505289474593814
2020-09-03,0.4601473860797994,0.2699143141762055,0.20229311659532678,0.06842804769419446,0.1457923190177705
2020-09-04,0.46195723316263854,0.26827501588692526,0.20165115716044596,0.06302879081657288,0.14665787019262133
2020-09-08,0.4685846618020859,0.28746648496404253,0.20132689488635075,0.06487285144423414,0.16912989737042877
2020-09-09,0.4798942319447478,0.2894105228330856,0.20753039023051234,0.060977081089631714,0.1759971506985335
2020-09-10,0.4743262178235196,0.24226250059744114,0.21847195469376002,0.05508724105760938,0.18194376311361485
2020-09-11,0.47411635895564086,0.24139988250869127,0.2112437774156826,0.05920285262653458,0.18142321993983462
2020-09-14,0.4982369593989375,0.24785010592999082,0.210977607650827,0.0593707209997281,0.18351980600661583
2020-09-15,0.494342117505568,0.25321498607792015,0.19071705075227505,0.0594480557787421,0.18327470486875078
2020-09-16,0.4994425656335127,0.24375810710184198,0.1914855644808365,0.06761884886397894,0.18366053521700842
2020-09-17,0.49904409074979855,0.24538709413575888,0.19278219069703284,0.06857176802936099,0.18503098356757886
2020-09-18,0.4990216306810026,0.2524025407138836,0.19150320513126845,0.06857176802936099,0.18725151357561448
2020-09-21,0.5021115697452693,0.2534361610762408,0.211322639348537,0.0680422311648383,0.18977034892133296
2020-09-22,0.511477136360527,0.2563169224407548,0.21076530769368151,0.06584101552293048,0.19200258224334546
2020-09-23,0.5277999555941565,0.28097543556091065,0.20757055183310016,0.06566053485092763,0.2020206908225574
2020-09-24,0.5186734994135662,0.2779549062315691,0.20381585024153986,0.06989409686342704,0.19762628592955997
2020-09-25,0.523396015581466,0.27833832416894483,0.20427711225608253,0.06900065224808205,0.20379890962156685
2020-09-28,0.5207860767121023,0.2779048442578057,0.2042778321203014,0.06795110787412487,0.20991572460447036
2020-09-29,0.5137127325434109,0.277908775733587,0.2020268007653809,0.06764499002025828,0.2103028989271136
2020-09-30,0.5098051243502667,0.28668413257026565,0.2019560514329703,0.06865186979512343,0.21148946537672342
2020-10-01,0.5084448255192784,0.2878854190219114,0.19475068286796085,0.06818445013062703,0.21193308981095738
2020-10-02,0.5125976627336795,0.28526111648817437,0.1944467426215745,0.06885437348760072,0.21349383447684142
2020-10-05,0.5145844162262595,0.28717457766290627,0.20724770853249624,0.06969293862434499,0.21935803697629644
2020-10-06,0.5216558048547382,0.28569729298624147,0.2152307483147665,0.07199784337859692,0.22102719573369958
2020-10-07,0.5230282443953964,0.28198821843415944,0.2239160090506288,0.07230723787811377,0.22667762826570168
2020-10-08,0.5196034088712514,0.28808086434116636,0.23143340579734148,0.07230116155300889,0.2261720045926388
2020-10-09,0.5135939808101242,0.28206266286157267,0.23210673440881074,0.07228629507323558,0.22761914325480867
2020-10-12,0.4986574385256878,0.2738810392877422,0.23270123269303908,0.07178323458597341,0.2316552649927343
2020-10-13,0.49934760775779474,0.2736942414035117,0.2321098476232467,0.07195379193555766,0.23222964396106502
2020-10-14,0.5007968007182055,0.2678221506706338,0.22977320558221137,0.07201981411449253,0.23135451381341862
2020-10-15,0.4995665634232191,0.26941374765250614,0.21972414474654722,0.07054511859516102,0.22707764473121725
2020-10-16,0.3951463266900538,0.26001893648212093,0.20906370351937897,0.06438035293051989,0.2031202081843897
2020-10-19,0.39195154452306474,0.2593858637823021,0.20813884393759932,0.07044724501586495,0.20668555990042706
2020-10-20,0.3643877988144248,0.24954985522600992,0.20374112010777276,0.0691466661331541,0.18953528998037866
2020-10-21,0.3508322861759286,0.24650096635888744,0.20258663377713015,0.06831841447491062,0.1813447622984281
2020-10-22,0.3389381085509322,0.24709352256324346,0.18918905143490455,0.06868348616629423,0.17362058245279655
2020-10-23,0.3377947921315468,0.24752269575879218,0.18895664971858828,0.06477265378117487,0.17372518003914958
2020-10-26,0.3062449920221991,0.24240323494723257,0.1855992537468629,0.06477101392939827,0.17917865708752853
2020-10-27,0.3224543148063494,0.23911014324209107,0.2137753070057969,0.06471702237350238,0.17886315963976943
2020-10-28,0.32662768208674425,0.23079966536379273,0.2330370990359181,0.06201266333988347,0.2046706963511201
2020-10-29,0.3236523989267787,0.23750163884006523,0.2324885184155466,0.07455782797008303,0.20595777770301793
2020-10-30,0.3402388171614206,0.23169817002754456,0.23317355725630526,0.07455782797008303,0.20577626549653566
2020-11-02,0.3401401409160043,0.2308674630969931,0.2107784744385406,0.07378314184449317,0.2061240580973722
2020-11-03,0.33164747990134713,0.23238688563905166,0.21113795826255852,0.07481690798279306,0.21031751981946428
2020-11-04,0.3039649485708248,0.21448548743945578,0.300936699577481,0.07444972968605969,0.2070069853407778
2020-11-05,0.41946458436799433,0.2260406425512924,0.30587077862173534,0.07125361021954388,0.21307134509807196
2020-11-06,0.4520271671568688,0.22716242532016942,0.3120502546561621,0.07182980983477384,0.20943597641933484
2020-11-09,0.4530922817443296,0.24310947002332187,0.31176079213214714,0.07214022431573372,0.20720454442760167
2020-11-10,0.47078998094695673,0.24290896396830342,0.315133564058783,0.07318105880897574,0.20616082776622982
2020-11-11,0.5068136800460601,0.2668219904418207,0.31615628705912274,0.0722723045930203,0.2060170964845143
2020-11-12,0.5198919996884502,0.3017028220350316,0.3191012510095576,0.07310142839592502,0.20822511237895797
2020-11-13,0.5151712818521561,0.30204391174684914,0.318434642772188,0.07220795934822768,0.20831918113071218
2020-11-16,0.5147378631929564,0.3003757729447692,0.31430877409961827,0.07101940333574305,0.20551928031548158
2020-11-17,0.5187712311410683,0.29295533141247726,0.3060611095022176,0.06813978061872722,0.2009574138115478
2020-11-18,0.5190734089297249,0.2937460847016436,0.30883632626532315,0.07054681148910445,0.20038024989256395
2020-11-19,0.5226448512075575,0.2994573881858645,0.30541378777410544,0.07206173692508476,0.19936100413731497
2020-11-20,0.5278478093308435,0.2999860171946522,0.3052937161110207,0.07343182635506838,0.19939597941978565
2020-11-23,0.5486755031432522,0.3023636525626623,0.30410667382098266,0.07455188018231476,0.19475390694056097
2020-11-24,0.5499520745818576,0.32523256687106283,0.3047469591042323,0.07449032558313459,0.19871730163613524
2020-11-25,0.5748312236432367,0.32602966013857554,0.3051267123176345,0.07449569385337423,0.1976416801515973
2020-11-27,0.5825711764901863,0.3269212768659561,0.30560914715888976,0.07526908444505537,0.19751796511823813
2020-11-30,0.5762917980402885,0.3327745903492799,0.3110221086574655,0.07760451129946551,0.19819025524955447
2020-12-01,0.5773849766946325,0.3329073971040928,0.31036729252932577,0.07359874300477005,0.19360062592373428
2020-12-02,0.5898359770366319,0.3315302998883141,0.3094097236002591,0.07438120843813206,0.19354163151879442
2020-12-03,0.5871271047759287,0.3311505399748754,0.3092330058739517,0.07375637277357322,0.1933136780534213
2020-12-04,0.5867631414131355,0.37040438723681673,0.316619007682724,0.07255053324273278,0.19396556201292167
2020-12-07,0.6095928173148425,0.386067132900603,0.32132788038296245,0.07597536565915976,0.1943356173262207
2020-12-08,0.6115444394667382,0.37797939739037545,0.32876694650719207,0.07548960771544748,0.18418210550362288
2020-12-09,0.6335446864148953,0.39418921461549616,0.31575464942997183,0.07648983605757965,0.18652621535456748
2020-12-10,0.6189429862486335,0.40405917656469065,0.3076289733289431,0.07325519846901851,0.1500495128496161
2020-12-11,0.6191085408757618,0.4069794120499872,0.30708969071745035,0.05616758974037407,0.1494282352099579
2020-12-14,0.6011572161467986,0.4100310369715737,0.30729898176731624,0.05717110736177505,0.14488070820550794
2020-12-15,0.6032433815262406,0.41432018007425986,0.3318033178613218,0.056884342340904885,0.14604594815922525
2020-12-16,0.6113617622358043,0.4293509541687239,0.33180955164687553,0.18175862809412516,0.14014322314375727
2020-12-17,0.6106130422489687,0.41782308052664796,0.25251403597882405,0.20426287423289066,0.12798861491792426
2020-12-18,0.5524459143162146,0.416659272006614,0.24803151397062953,0.2041026731348681,0.11890973575845125
2020-12-21,0.5293604701782415,0.4194976342526121,0.24430186132325168,0.20979064423272678,0.11965976902580847
2020-12-22,0.5272182930736883,0.4169324460538777,0.24559784661906475,0.21623945625693147,0.11576115538299672
2020-12-23,0.5111249593177456,0.4184718875361008,0.23688664910009066,0.22516723235266858,0.11550578738705053
2020-12-24,0.48079073331754096,0.40168897036539214,0.2361301038662686,0.2387231889255205,0.1145514905422133
2020-12-28,0.4787550362155201,0.36782772633093846,0.23226599297072228,0.2535728026928598,0.11195003060691028
2020-12-29,0.4868160227173815,0.36841870568940555,0.23203270109795768,0.2598695636399668,0.10685361001689683
2020-12-30,0.48778103867273986,0.368423811022581,0.23211309518860648,0.26915397093450133,0.1018934987037713
2020-12-31,0.48713833668559664,0.37014202568420057,0.23349563375654583,0.2702585533937353,0.10100125187027965
2021-01-04,0.4873878166273438,0.3717849414681011,0.22611107536811673,0.27616951003574164,0.10272875101545788
2021-01-05,0.4900475792028271,0.40524885995464804,0.22672907522827462,0.2745933041681541,0.10353768797062221
2021-01-06,0.4994296959505227,0.40392269114372825,0.22878449243634305,0.27613097472882103,0.10144447752521533
2021-01-07,0.4928951435196501,0.40669686157703744,0.22986228096648254,0.27628635028037746,0.10777696184810208
2021-01-08,0.48097400999113776,0.3995126859330298,0.23020436931572325,0.2766124191720012,0.09985322829892022
2021-01-11,0.4321594231806119,0.39903087431832085,0.2903574014085207,0.2788934726031047,0.10228725922489422
2021-01-12,0.42806792699554264,0.403329825980653,0.31100792543283373,0.2789437684405095,0.10231185801623321
2021-01-13,0.42897987094458134,0.39764588782080845,0.30325371230717174,0.29293039606532406,0.10073351748553208
2021-01-14,0.4286129897616743,0.39582645886370876,0.30387614525114576,0.30972301782845474,0.09785029414215467
2021-01-15,0.4152882076153799,0.40955809152928635,0.3056838101468878,0.3118469374118811,0.10078965896811455
2021-01-19,0.423449896780723,0.40944141730618366,0.3013897060746536,0.34921202812065383,0.10267702297384945
2021-01-20,0.42301163897889377,0.38076130875055386,0.2965622003099081,0.35054276654315986,0.10671497706109762
2021-01-21,0.36265078860005495,0.3585802252741443,0.29159398836317846,0.3507244455086246,0.10627844883729921
2021-01-22,0.43045934443281847,0.35871087858020595,0.2875724737132901,0.35257425189268626,0.10719151757601066
2021-01-25,0.40862700307293626,0.34563754434107247,0.2842101533579476,0.373589441361902,0.103004526548048
2021-01-26,0.4148059726680657,0.32866390645854,0.28919462453906647,0.3837340055611776,0.1032371479325521
2021-01-27,0.4149623768991379,0.3247516529639054,0.32020737539239336,0.4142106839805578,0.12759431979111896
2021-01-28,0.4249990224602173,0.3406235381273806,0.3296905241256913,0.42848974383719235,0.12827535185467623
2021-01-29,0.430173252137749,0.32509726644702064,0.3088494534493178,0.4346269451501274,0.1369024299680533
2021-02-01,0.42526815500676873,0.40489174982173715,0.309000743874749,0.4095937557896,0.144726211647776
2021-02-02,0.42714968646171286,0.4089672105098488,0.3115610759623577,0.39767010181264895,0.1494950579387844
2021-02-03,0.4244455585897578,0.4091811624695777,0.30940100197226655,0.4029919288067488,0.14873490167646966
2021-02-04,0.41668323511122585,0.4104878219257133,0.3060445143099707,0.41576551069377643,0.15091358458022383
2021-02-05,0.41765097555638575,0.41827621489373595,0.30428158856226767,0.41738129491773734,0.1506561785803579
2021-02-08,0.4312719911247554,0.42373340930089815,0.30437892198337857,0.4617644282601895,0.15145774251082372
2021-02-09,0.43740532023516904,0.4233429861128115,0.3127755144583976,0.5321282073509922,0.1515696895430437
2021-02-10,0.42835317761828945,0.4412754931010158,0.3132633223771283,0.5357495804062987,0.1503220947341396
2021-02-11,0.41492005881150595,0.4472436088882746,0.31295194025811146,0.5332312812634992,0.1499077181666915
2021-02-12,0.4484713784370658,0.4475193642338879,0.3121784745121053,0.5349605270769675,0.1502151387628202
2021-02-16,0.44989974923726767,0.4602016923156771,0.31089623022336105,0.5338712716810577,0.1500470806421638
2021-02-17,0.4584399978731517,0.4580607219355876,0.31020565464078825,0.5339147973678667,0.14305766407983134
2021-02-18,0.46287250652303885,0.4401212378800799,0.32066998348712206,0.5347345700779551,0.14357040199816878
2021-02-19,0.48025167113553985,0.4480581917243726,0.32076298637969697,0.5336962089586167,0.14333462198919902
2021-02-22,0.4712706658603051,0.4453395229160225,0.3197782283745924,0.5606912258014168,0.13993668888976526
2021-02-23,0.48146582382908226,0.44163037195482197,0.319194557405231,0.5790091731013569,0.13917993988290156
2021-02-24,0.47827265882125797,0.43976732300088467,0.25751883380576934,0.586113817754457,0.14069300963221382
2021-02-25,0.539011022546423,0.4368955926750416,0.2443072697876167,0.6111386232871663,0.1584846407341371
2021-02-26,0.5409190729724241,0.44488591445005815,0.24305995660740343,0.6038429740621489,0.1592411493626447
2021-03-01,0.544598191118752,0.44661866894171837,0.24142132093216698,0.8921806671176314,0.17366330083109152
2021-03-02,0.5488862966715926,0.45147510677126723,0.23704759764288422,0.9375464618913532,0.17391919449090204
2021-03-03,0.5541147237877949,0.4515737451455992,0.23654736593051318,0.9347794734494378,0.17736798963963546
2021-03-04,0.5555425289906282,0.44746699561682435,0.23836574192833526,0.9470003192419528,0.1763992780141122
2021-03-05,0.554355071194985,0.45067791339185337,0.2515657308788858,0.9672737877620133,0.18469302897003992
2021-03-08,0.5113579733713424,0.4508810933136972,0.25217691537006504,0.9856423521745531,0.1849592680842181
2021-03-09,0.5413935339791394,0.4515421447732066,0.24498714952787912,0.9818823590204682,0.18905735057796505
2021-03-10,0.5406927694952105,0.4470621526093966,0.242744126413636,0.9790324710905107,0.18972895889246255
2021-03-11,0.5681283232225104,0.4383960048035518,0.21346493571987332,0.9793043846998752,0.1765153570110468
2021-03-12,0.5673185120181565,0.43458057844782416,0.19070665357859146,0.9731401361177557,0.17537857037449037
2021-03-15,0.5666032329436541,0.44314660646058357,0.20967853927869176,0.9707784436465996,0.16341370547358028
2021-03-16,0.565798479153304,0.3790472701240993,0.21310370722669567,0.9764964264591787,0.1581042978253237
2021-03-17,0.5644780607044312,0.3679044398046978,0.2119758863916676,0.9765661800256529,0.1536219122849305
2021-03-18,0.5829417268414039,0.4120126836535658,0.21369992188530573,0.983880204821836,0.16055859350904753
2021-03-19,0.5816362581852069,0.4092728368169708,0.21284072683678257,0.9759391008181413,0.15768899944911505
2021-03-22,0.5786212476054525,0.4022658493534776,0.2118004747374005,1.0066899760022923,0.15885697413573746
2021-03-23,0.5615989205775559,0.4113372023457675,0.21382046361190107,0.9909018386546559,0.1591060547527484
2021-03-24,0.5475797185660923,0.41101181726194574,0.210011169276123,0.9575218211757515,0.15992369577012402
2021-03-25,0.5493955186749545,0.38817710320718746,0.21565527297681192,0.9602081735232578,0.16076904250898125
2021-03-26,0.5581944481701805,0.3831790234110788,0.22062750090656075,0.9607641122164654,0.167459482044714
2021-03-29,0.5470361855406128,0.3847942136213841,0.21959069800132933,0.9603798130708066,0.1669479072291439
2021-03-30,0.5448715386706968,0.3695135566550167,0.22230151620354566,0.9616989636535855,0.16712810221638147
2021-03-31,0.5592457677337164,0.37230832109308515,0.22150389907128612,0.9666746829840314,0.167451879296952
2021-04-01,0.5576172841204943,0.35683361612705344,0.2978495303853391,0.9688105583910219,0.16930980710004298
2021-04-05,0.5299123806312486,0.3533751935137679,0.2945766409432983,0.9756587458141661,0.17345895768984892
2021-04-06,0.5220995367972696,0.3570665303747367,0.2956640428837748,0.9720839300582405,0.1712994794039936
2021-04-07,0.5156815925950161,0.35703877187449773,0.29577595489914765,0.9648648047665948,0.17129962625961284
2021-04-08,0.5147343773363234,0.3566757892608034,0.3041239334182879,0.9648829038063635,0.16931154362461126
2021-04-09,0.4549773309388756,0.35824506464976685,0.3014349601228112,0.9577638075450277,0.15160290945373725
2021-04-12,0.45846049574290354,0.3517530243265021,0.3072331371807366,0.9604045549926483,0.14981279083995047
2021-04-13,0.46437732263815884,0.3488850724493388,0.3041179585195489,0.6682161315777094,0.1351133182188633
2021-04-14,0.4642980953461699,0.3229980510575258,0.2990774117007768,0.6239709477644266,0.1328759769045372
2021-04-15,0.44493212644441105,0.32341819019357015,0.29471396355545065,0.6121905924056811,0.1266834892565174
2021-04-16,0.44473265039872323,0.3247767417781215,0.29306133540915263,0.599797035077958,0.11802686756661533
2021-04-19,0.45800724226807965,0.31967827563197837,0.2833360984035313,0.5678700070162821,0.11181298985938741
2021-04-20,0.4256116704102931,0.32283963706682245,0.28081714177094724,0.5731946204577262,0.1134740485857079
2021-04-21,0.39149680360373756,0.3263535933391372,0.2804562006784477,0.5682923371111785,0.11023723355840452
2021-04-22,0.3931149409522458,0.31917148519210164,0.28639597116095383,0.5859987376922314,0.11473453798669228
2021-04-23,0.36536307731425144,0.3217314008136221,0.2858900844998373,0.5808583661113452,0.11480133068524795
2021-04-26,0.3599989323529951,0.31007324620251037,0.28585437788382223,0.5787871440730432,0.11478611167961689
2021-04-27,0.36327797525823025,0.27755118707358656,0.2779408749770476,0.5799067697823218,0.11442617007645162
2021-04-28,0.36289043811471794,0.2898614412759318,0.2769739575804222,0.5709287721227829,0.1142931764457303
2021-04-29,0.3669992241385966,0.2880855055072446,0.2770147471731164,0.569591017515584,0.11507514827340745
2021-04-30,0.3443308917797397,0.2380832125937385,0.2754243653997188,0.5573241582410008,0.1069707706720374
2021-05-03,0.3464427847943216,0.2909389964777492,0.2758795588504948,0.5604606295555851,0.10628148110774562
2021-05-04,0.3600435834578878,0.2914506361163331,0.27822716034576955,0.4854183243340063,0.10771331815062764
2021-05-05,0.353252529201293,0.27869779566458847,0.27613955019133063,0.4806041860393406,0.10422900245752326
2021-05-06,0.3653040446026707,0.29040045358976513,0.2764926485759313,0.4527405944874843,0.10295025366678985
2021-05-07,0.3705498889709979,0.34339792412950265,0.2732127317432434,0.45295902193058013,0.10342372152845536
2021-05-10,0.3815115472066819,0.3492221161781512,0.2770510555387306,0.459382173179268,0.10120198848738025
2021-05-11,0.3974780008159879,0.34665867326920957,0.27775383913566415,0.4586298574709005,0.10557731238378174
2021-05-12,0.4291137200745873,0.3413129107544659,0.2731615686654124,0.4555019368710293,0.12431227875444185
2021-05-13,0.4105810508222787,0.3433457136401943,0.27272884691624727,0.44216665037660463,0.128057577189931
2021-05-14,0.4398221200148921,0.35255048290915847,0.18744081755978131,0.44265594111205014,0.13178142693737108
2021-05-17,0.4313064855185629,0.34873679484967623,0.18750991287199126,0.4232271827514384,0.12617743966516803
2021-05-18,0.43174305143526037,0.344189945042198,0.18776334573374084,0.42263161594866094,0.12906531623491901
2021-05-19,0.4322470912787157,0.3508151730614773,0.19036983761818346,0.4225596259389164,0.12936495694414418
2021-05-20,0.43079800210906044,0.3515185618315813,0.17807055374447564,0.4182012528732461,0.13217256296372987
2021-05-21,0.4314652864935359,0.3504849492802618,0.17586656719781468,0.40941002857189623,0.13071849979149072
2021-05-24,0.4292112826818102,0.34303673678599633,0.1662132579655727,0.40428939521376994,0.1337568276651427
2021-05-25,0.41380715030010057,0.34326595786177716,0.1710476792810686,0.38363114396267317,0.13383405057123152
2021-05-26,0.4162882192854692,0.3432689147124656,0.16875894775905656,0.3821244199000936,0.13342230881766715
2021-05-27,0.4148442787170471,0.3463055839934711,0.16811226226392334,0.3807203745857278,0.12994791391290972
2021-05-28,0.41544042062353964,0.3466208057013539,0.16283854087315505,0.37714291062804767,0.12969210329752476
2021-06-01,0.40108713418855013,0.3537669237978232,0.17758648988936795,0.3498523366892209,0.12880765269077407
2021-06-02,0.41013343183297496,0.34655766347854433,0.17772986176265052,0.3224535271647631,0.12674525602100634
2021-06-03,0.40759105215944635,0.3461648533210254,0.1844635533824664,0.352579838440741,0.12462125641351325
2021-06-04,0.41291702355353854,0.3388965639417127,0.17944265363394862,0.33059692212366376,0.12384564880112844
2021-06-07,0.407087420387155,0.3375684684851897,0.23437093467206452,0.2932520807756657,0.12037208858494845
2021-06-08,0.4053006175752065,0.337795061631215,0.24118755559752833,0.8639252742392826,0.12026713905311137
2021-06-09,0.4031681038445592,0.3423980710592736,0.24215610289712067,0.8786818392948093,0.12038770562262559
2021-06-10,0.4024990581665535,0.3370463169963056,0.25893096018261946,0.8894636525895793,0.12098349965033348
2021-06-11,0.40041055995500496,0.3369324805635197,0.27004071883787467,0.8890548109158178,0.11964539850422698
2021-06-14,0.38866307750909734,0.37258957777171675,0.2695930998246386,0.8939890316942691,0.11793385001275253
2021-06-15,0.3914431563139914,0.34060477362786423,0.27050796169881275,0.8913157307730588,0.11809902046344105
2021-06-16,0.3763257786199715,0.33983941598787987,0.26903310988577506,0.89309200300025,0.11781807617695238
2021-06-17,0.3804837522461187,0.3504248505248549,0.26392342614687125,0.8838933926837853,0.11784322405859775
2021-06-18,0.35907182240614743,0.3552366693638411,0.2675010958150772,0.8870285158958026,0.12209299358715792
2021-06-21,0.35667745795548605,0.30929378388662354,0.26812186091845613,0.8956279924816408,0.12718452131012306
2021-06-22,0.3251835004219695,0.3089079670847501,0.2633529847660739,0.8860203849624535,0.12453771217971957
2021-06-23,0.30846619843219925,0.30889203587185365,0.27417015438997117,0.8867633655697674,0.1214945529168193
2021-06-24,0.24447927670139075,0.30707978466598024,0.2969249155141821,0.8832456965428146,0.10244733399341775
2021-06-25,0.24251149306077704,0.30458109526425764,0.29720810899005257,0.8924353174160057,0.09803166827752831
2021-06-28,0.20688636924283665,0.29707200228644826,0.29762692290141607,0.8924528280017183,0.08876616541358505
2021-06-29,0.20973834069733638,0.29195799357719326,0.2976016898196427,0.8915480359410961,0.08820240127396907
2021-06-30,0.2140162790745286,0.2905940157427961,0.2965347295958245,0.9606765438053124,0.08325784914864169
2021-07-01,0.2262703879111419,0.2856023877285622,0.2982139306748001,0.9601864254252681,0.08322191126786717
2021-07-02,0.22494666220265983,0.2838342441858169,0.2972447380264551,0.9596125572228718,0.08078493771235867
2021-07-06,0.2244795955053365,0.28412588014946955,0.29649474071234266,0.9607361642619595,0.08113146887013926
2021-07-07,0.25545331644469665,0.2841677209897552,0.2966034298924644,0.9667063453184893,0.0772360887906637
2021-07-08,0.2593595591224121,0.28966856736934504,0.2937024873304726,0.963813062290262,0.08125484999968349
2021-07-09,0.2552354570823774,0.290050999601554,0.29378192347990956,0.9638579640390899,0.08572231365905393
2021-07-12,0.2553495800208439,0.28599852515183743,0.2940157510656369,0.9635736926155675,0.08590388765300819
2021-07-13,0.2579310275064495,0.2923861039672116,0.2956053853671009,0.9855897434760688,0.08705610704085978
2021-07-14,0.26368668287299313,0.27502841422437707,0.2836178069574496,0.9975333334368343,0.08682384883490113
2021-07-15,0.2598446137443138,0.27287451039447586,0.2802592346185752,1.0179594732090773,0.08784747584465448
2021-07-16,0.2647108368606643,0.2740086840236728,0.27641142840584093,1.0147718814121716,0.09055063721299877
2021-07-19,0.25432241089985774,0.278172336648635,0.2765559387913357,1.017351069632713,0.09863003744993479
2021-07-20,0.25986909924467366,0.28831914726233543,0.2378199107112879,1.0156395421319147,0.1063416778276694
2021-07-21,0.27105870976131163,0.2973070019637015,0.2291297346372179,0.6265989890868445,0.10856004297634265
2021-07-22,0.271955682706342,0.2967394508344194,0.2209423932563541,0.6046434591237625,0.10830036904827668
2021-07-23,0.27213053894104894,0.2956575572292044,0.20158990347161618,0.5868671270583248,0.11085627348219199
2021-07-26,0.27371710169548397,0.30215279918350185,0.18808662502393123,0.5935394780861238,0.11090261452131282
2021-07-27,0.26876466687795225,0.27214183190200725,0.18890981991389394,0.5947173129463067,0.11213211206897378
2021-07-28,0.27722312100840507,0.2721860617951313,0.18603700003919063,0.5902933543170735,0.1118266747405561
2021-07-29,0.27703539673734584,0.2797968437613869,0.1867537410864141,0.5854812599964747,0.11030143632105355
2021-07-30,0.2657803537514901,0.264595587209116,0.18988223111344954,0.5855463888632059,0.11175994732689165
2021-08-02,0.2656088476533502,0.2514086120839934,0.1796413226757411,0.5843269780845408,0.10335222978624928
2021-08-03,0.2666402747509735,0.2351706650268263,0.18480603670957613,0.5769305714385412,0.09858724978470657
2021-08-04,0.27257509395949314,0.2322022721221334,0.29730509099781577,0.5787693565176874,0.09961749937841591
2021-08-05,0.26551174814812456,0.23337798199188162,0.2814460862117833,0.5776780791198993,0.10038295497014313
2021-08-06,0.2677626200129643,0.23127494126591316,0.2655123282444701,0.5821258602609861,0.09958861501429028
2021-08-09,0.2713808330558562,0.23258550073064954,0.26761615509903564,0.5625674720854089,0.09955656382868432
2021-08-10,0.2602779289624083,0.25542327520161956,0.2640080316367937,0.5619689592082877,0.09952259718399008
2021-08-11,0.262669543196452,0.2570434763187921,0.2705091731619327,0.5619515982957727,0.09955784942027285
2021-08-12,0.28927787409899686,0.256884794343724,0.2704966698363456,0.4156809732364889,0.09966811620718075
2021-08-13,0.28569482303716814,0.2601514282474459,0.2676771418428334,0.4149315596863753,0.09884961720118692
2021-08-16,0.28815719844712123,0.2658820979367063,0.2676694012383523,0.4181600157759313,0.09705020229257717
2021-08-17,0.29021062205238546,0.26535531132951956,0.26983651830262584,0.43883467029636447,0.09921307370507952
2021-08-18,0.2717163219893166,0.265361637564024,0.2723844711784926,0.4428467821412977,0.10440414488734212
2021-08-19,0.27083226091390994,0.27295806809931594,0.27163650090323704,0.44674091187428455,0.10137692569507055
2021-08-20,0.2735480263407407,0.2771911159670875,0.2719719816539652,0.4582520542470197,0.09941970528723817
2021-08-23,0.29356865077657834,0.29608668966219953,0.27136670973299554,0.5128744139899634,0.10192089613081605
2021-08-24,0.2913999813799213,0.2917303442610802,0.2737409144162616,0.49971947294225566,0.10116635692152873
2021-08-25,0.28731541068774263,0.29189667459168034,0.27376912110360946,0.5045036606431973,0.10119247355697666
2021-08-26,0.2760512599217644,0.29193603722173206,0.2722453948317059,0.5126096234349706,0.10241454561449505
2021-08-27,0.28292944499241873,0.3011778750561457,0.27276263922855626,0.5036792817974074,0.10154032538450122
2021-08-30,0.2829530951363673,0.2878455823136537,0.2723301823112193,0.5189008559812665,0.08917006288288584
2021-08-31,0.279090048329835,0.28034071360491536,0.2725754186390339,0.5143854928835809,0.0821272712347805
2021-09-01,0.2700482125802964,0.280953829582264,0.2742297738234813,0.5124515883294963,0.07952823846831447
2021-09-02,0.2679076712888784,0.31108895256896035,0.273530262800587,0.5585235990341331,0.07964272849800277
2021-09-03,0.267553783374092,0.31273314427927673,0.27401716092425865,0.6016494311821999,0.07542304165828591
2021-09-07,0.2603313353440125,0.3184434505633537,0.2785694688460089,0.5931145418860946,0.0764747764192335
2021-09-08,0.26786279547749475,0.31355173350998,0.27815233481505397,0.5841174563103058,0.07505816283707963
2021-09-09,0.25767740628918306,0.31381761763692717,0.292567935637357,0.7730279130479286,0.07657533199472533
2021-09-10,0.257668985840265,0.3227957389508048,0.2919769274278688,0.7991488332052341,0.07963579998661767
2021-09-13,0.25758573385993994,0.31630513972255636,0.2904920891013519,0.8383588490604476,0.07822761349336214
2021-09-14,0.25686958698564494,0.3189401240472288,0.293831098092336,0.841626682584204,0.07967744727371223
2021-09-15,0.25751572783589016,0.32510697682712564,0.2894251698999608,0.8403305322034145,0.07990535427675957
2021-09-16,0.2566872055867715,0.3281822632586678,0.15186871701972723,0.8447053870130521,0.07862222263760246
2021-09-17,0.25952063206347165,0.3723519273760982,0.15553588652282824,0.8483144288258736,0.08232265602155348
2021-09-20,0.28545362613091635,0.39017257602830047,0.14320690558744043,0.8791240282285496,0.09488634977542304
2021-09-21,0.2832061599372766,0.3876175605829159,0.14295828729452945,0.8831877944417078,0.09488698750645998
2021-09-22,0.2878259587796803,0.37405183431228756,0.1442701266504116,0.8838133886490495,0.09926462654466797
2021-09-23,0.29057719370972507,0.37765005120737044,0.1410503990580336,0.883967358644762,0.1052800838071919
2021-09-24,0.2729846669073289,0.3869239454121767,0.1447229225884314,0.8722503840966093,0.1050498068732458
2021-09-27,0.28286696039262194,0.3873729365101954,0.14633623168571194,0.8725578936688321,0.10520615195339422
2021-09-28,0.3075016158244631,0.3788707034884855,0.1646577064947445,0.8566997892447766,0.11958281010998822
2021-09-29,0.3066479470323658,0.37903566488970253,0.16280424656138837,0.8498544656634186,0.11851761156328638
2021-09-30,0.3061082670583742,0.38332991176939507,0.16253627055567685,0.852869202448538,0.12006361226891178
2021-10-01,0.30688238436180376,0.366797532242117,0.16296463021544333,0.8486594407905346,0.125418091860108
2021-10-04,0.34954202829325726,0.36591021338561547,0.15986902358107363,0.861462360420675,0.12758203931132822
2021-10-05,0.3343248780707868,0.35919996870868776,0.17777412440638543,0.8394799637657056,0.12818023004906817
2021-10-06,0.33382065981999426,0.36421810052116843,0.17634902091204335,0.8446362090554188,0.12893768514612194
2021-10-07,0.34382263069442937,0.3673283838489283,0.19129847572123476,0.8408638530998804,0.1316251193410662
2021-10-08,0.3444589444897191,0.3781995441823415,0.19143217392818107,0.837570545566424,0.13075927068308937
2021-10-11,0.3288108963830138,0.3721154595369656,0.1879996442783099,0.8413522383024877,0.12907603046836852
2021-10-12,0.3289769868909279,0.41939359794141734,0.18708649634876678,0.8330451476091439,0.1279908181907425
2021-10-13,0.3327384065987733,0.4268753421670386,0.18671808409681712,0.8334315950127598,0.12863006501724858
2021-10-14,0.3441983294143208,0.42626875582937696,0.1880290377951214,0.8334438630543343,0.13861239429538788
2021-10-15,0.3442723930259303,0.4091578825115334,0.18750313701385632,0.8175067819132937,0.1403707963831241
2021-10-18,0.3453798537712753,0.4145358061677445,0.18756050908681812,0.782152629551698,0.14072673066825234
2021-10-19,0.3482712428495831,0.4129905835884967,0.1893297648812762,0.7812000258176534,0.14223428860272583
2021-10-20,0.3424307398559275,0.41702780258373684,0.19769107255639937,0.7799974500515944,0.14261426439117564
2021-10-21,0.3450206260641742,0.4158171605725536,0.18306514405925803,0.5353835063046457,0.14202545637062022
2021-10-22,0.3454384703270109,0.407416939404088,0.1844000060891499,0.5163435056199827,0.139967454699443
2021-10-25,0.3510804108618054,0.40991691960130383,0.18457646884636306,0.483604622569253,0.14049645025120824
2021-10-26,0.355857446002556,0.4055055094301363,0.18160281557867372,0.48770866752104175,0.13934178514912055
2021-10-27,0.3551936558616261,0.4132396826480494,0.1812727637205866,0.4897552578233167,0.13838630803151664
2021-10-28,0.36413902537887427,0.4073780958107556,0.19262767155274288,0.48840545959482956,0.1407104305874368
2021-10-29,0.36295796256689417,0.3825819630581461,0.18743708977728663,0.4796466324318078,0.13695726514625609
2021-11-01,0.3451043961418145,0.3683224016763794,0.1877177563389071,0.4408289320032437,0.12626548215824718
2021-11-02,0.3451075744884404,0.36858858742294,0.18970011351862306,0.4371944836418067,0.1260640665892369
2021-11-03,0.3357088029563266,0.3830682696156754,0.23117443830870188,0.44610288701989737,0.1246171467851216
2021-11-04,0.35005641917801406,0.37873846572262454,0.23114866202766587,0.461519816893746,0.12122114648149523
2021-11-05,0.3494193039446307,0.36750145640882625,0.22808725845647312,0.46317256968780834,0.12131275214710467
2021-11-08,0.34296979114765874,0.3642923366805089,0.22710548476177106,0.4690473193547221,0.12052709768338297
2021-11-09,0.32910086613708994,0.3684621487686796,0.2058782063886495,0.47332402968898335,0.10257844806315192
2021-11-10,0.3456476026108685,0.386732524966617,0.2058703429016964,0.46477620943859804,0.10703810718149527
2021-11-11,0.34958079372791445,0.383519374851085,0.20819730645394308,0.45205717320646527,0.09757313351879088
2021-11-12,0.34992932337977295,0.38276660971123144,0.20803337528896224,0.45159441925747457,0.09464084183703761
2021-11-15,0.29143578663407343,0.38551010351711207,0.20291055447047615,0.4340908549290718,0.08395365456878978
2021-11-16,0.292063423946485,0.38461568758513315,0.19707393032625414,0.44584684461885266,0.08149478411136378
2021-11-17,0.30129068587660357,0.38226840379179045,0.19776124783952498,0.43293836668603436,0.0826330310439161
2021-11-18,0.2955953616605436,0.3808705729400564,0.18972299871648154,0.4153091980415733,0.08063648599957905
2021-11-19,0.29261425638141275,0.3915428754273209,0.19084938642677168,0.3963516007893155,0.0806323853902477
2021-11-22,0.29755656195247654,0.3957656633288433,0.19063054274755684,0.38898044471821946,0.07687881537232595
2021-11-23,0.2986382264599465,0.3432785309471369,0.18795664499497694,0.45799487714296944,0.07580310178817748
2021-11-24,0.3000668893732501,0.3303006590561648,0.1882717613879249,0.4730207164710826,0.07577876275638246
2021-11-26,0.3025709912200971,0.3436107776253781,0.19918709694884,0.47323736708685055,0.09314575420605568
2021-11-29,0.3041608002877425,0.3450449771699651,0.2021918069672156,0.4544142480511913,0.09652905428283957
2021-11-30,0.3071950266688362,0.35219083342539853,0.2158975304787476,0.45407386295456276,0.11322018268760058
2021-12-01,0.3346583050385569,0.36084457174211465,0.21325921243420176,0.4753973947001941,0.11642534115108558
2021-12-02,0.33535728560953587,0.37321251433142577,0.2065367862777578,0.4743269975774704,0.12412064344187829
2021-12-03,0.34424801050519194,0.38338602066043725,0.20843719180281248,0.519376180552311,0.1267829407865877
2021-12-06,0.3434130923280148,0.38588576607457675,0.20924332401163992,0.558616862405478,0.13135024852344185
2021-12-07,0.3750195796073883,0.3932939487965246,0.2090759261387237,0.5994127025779714,0.1431846435237915
2021-12-08,0.37131461664940385,0.3934938819850293,0.20983520090373942,0.5969589471740474,0.14328489371848724
2021-12-09,0.377358744953637,0.39222584690961465,0.21729669190149495,0.6030449207304187,0.14426330786600894
2021-12-10,0.3660279137481724,0.3927543309124078,0.20747763915222384,0.5901614971755724,0.14413863407293465
2021-12-13,0.3775929049654429,0.3868927528615886,0.21307265667326097,0.5986917729866486,0.14687476049850284
2021-12-14,0.3679593980332434,0.3776040374065516,0.21448875464347503,0.594544530813886,0.14833296691010478
2021-12-15,0.40691754138486186,0.38328697525540356,0.2677999520319923,0.5952553787922181,0.1545884917675184
2021-12-16,0.42526137848168505,0.3597536646232459,0.23185113524344753,0.5854492250263593,0.1562101239374278
2021-12-17,0.40366074360584053,0.3611466241421522,0.23905905038980638,0.5650359134629853,0.1585113689904478
2021-12-20,0.40904494930615537,0.359263873938273,0.23896802280725452,0.5676364316132007,0.16093929612898644
2021-12-21,0.4253575028265048,0.3959226092785501,0.23895957324261227,0.5744462254754538,0.16964045680723283
2021-12-22,0.41780411738959783,0.39569678861797253,0.24150196531294243,0.568822478196469,0.17194309323055573
2021-12-23,0.4041016015320841,0.38437577006608636,0.24660488985704201,0.5655100201037473,0.1709482873472156
2021-12-27,0.4027898597802212,0.3819731975892649,0.24642167877721036,0.5653909176735636,0.1754149263356076
2021-12-28,0.40630488229745937,0.38380831130789284,0.24749275599762696,0.5606866487033567,0.17446345453906167
2021-12-29,0.4060342976379831,0.38291248774376024,0.2478121119394306,0.5642464814202648,0.17446196141217094
2021-12-30,0.40606062181493385,0.3845633585215574,0.24696311300013443,0.5774943102070241,0.17455556520514245
2021-12-31,0.40343834222259695,0.38438629151529075,0.24658500960925037,0.5746798035735503,0.1746088388571811
2022-01-03,0.41180912900757943,0.38792744930979833,0.2548299760060635,0.574769697407154,0.17515393573675067
2022-01-04,0.4110390394607082,0.38459756013367685,0.2771660865592205,0.5813383453011219,0.17501471763114215
2022-01-05,0.4323166817159784,0.38270386502075504,0.28794968935081805,0.6185732620209504,0.18413775264258658
2022-01-06,0.4322756166416001,0.3759809839852802,0.2870019308441468,0.5889453567032396,0.18416566098215775
2022-01-07,0.4289938810471535,0.3765052976808234,0.28778236343195424,0.5713396705224367,0.1843219374029174
2022-01-10,0.4252269730174152,0.36623948102008774,0.28185664196032595,0.5792109515841652,0.1725348983487432
2022-01-11,0.4260626071910259,0.3670799815290408,0.2865403101050938,0.5933879797222884,0.1708823526968893
2022-01-12,0.4253021119725107,0.3465997487389365,0.27858153292594934,0.594974972824871,0.1604589786628759
2022-01-13,0.42022473157128176,0.34179620392158055,0.2800743713922779,0.6073127210683383,0.16216543142555573
2022-01-14,0.4173786187095941,0.33153152172948097,0.2798443747128447,0.6071996942905189,0.15659110107917906
2022-01-18,0.4300483339701078,0.32524777054485976,0.27603182505777424,0.5890459188218233,0.1630784928016065
2022-01-19,0.43820669689054137,0.3257621900587212,0.2832001296180542,0.5597217877874395,0.16225025538625928
2022-01-20,0.400641565102533,0.31124212549705016,0.28790146776912606,0.4984598506697074,0.15241032117801864
2022-01-21,0.41159677133015643,0.318588335103659,0.28720086616554,0.529214083626961,0.16069641355203745
2022-01-24,0.40885137083594214,0.31010368356623,0.27999656096398434,0.5239025830977403,0.16107760990737227
2022-01-25,0.41708501183203217,0.30949924884689484,0.280815720632233,0.5267402239391371,0.16009385762865225
2022-01-26,0.410307315021746,0.3059273463088069,0.27779071703802444,0.5149701978201369,0.15895062263941057
2022-01-27,0.41660687045732986,0.30516201634070744,0.27833193052705835,0.5058689540412796,0.15860004532218325
2022-01-28,0.3841663130168184,0.3092456843135582,0.24221290201559312,0.5129144760404984,0.1690337179403974
2022-01-31,0.431277559603772,0.3081552071887359,0.24115731057200343,0.6001923687824418,0.1773930911036521
2022-02-01,0.43401030782297195,0.318058476378764,0.23603292733974066,0.6203651984542289,0.17640433518425977
2022-02-02,0.4297298808521378,0.3204161623994927,0.23480356030443528,0.6176738557938651,0.17587497808736943
2022-02-03,0.43056113829464165,0.28299342663658367,0.2393743955829764,0.6193090510124306,0.18045310337195583
2022-02-04,0.439579541941052,0.2827625614031901,0.2347999472921867,0.6413885810568993,0.17819406677646035
2022-02-07,0.4417070070107713,0.2895365310154501,0.2228820435918223,0.6422166342644807,0.17684589148077565
2022-02-08,0.44018061694187594,0.2885566216307898,0.21919543796346658,0.6437190639485897,0.1728899931268338
2022-02-09,0.47480568915468263,0.34020500515614605,0.22966965398384181,0.6977715862624804,0.1793889231262272
2022-02-10,0.4764858316045157,0.3407732301925703,0.22903498182916687,0.7033262825901454,0.18524370923047473
2022-02-11,0.48886233698008796,0.3382883005981393,0.22950096488886887,0.688888060783881,0.1924473465269541
2022-02-14,0.4915261064535958,0.3438787578224185,0.2292820934186298,0.6906619983416828,0.1924583006312031
2022-02-15,0.5327504039276323,0.33848302126770796,0.23579795488548622,0.7473715227585724,0.198398534926444
2022-02-16,0.5334019862442345,0.3292620497248962,0.2125869768427027,0.7414639497074139,0.19857953069596962
2022-02-17,0.5613774296609216,0.3320011718699261,0.2064623751472121,0.7363073647069713,0.20023442106167136
2022-02-18,0.5707828014683604,0.3325851086623523,0.20732508360300606,0.7374868243707683,0.2005757934754417
2022-02-22,0.5735120257706252,0.32980133664736877,0.2070831004738323,0.7429104819428416,0.20208795714065142
2022-02-23,0.5766708209481268,0.3281931006587372,0.20685314215842776,0.7328417700169707,0.20686462841140033
2022-02-24,0.6213985428088086,0.37302354846586416,0.24800819430202525,0.7986751542111178,0.2110294583912361
2022-02-25,0.6214539172512532,0.36906931983728325,0.2542063679854554,0.7989231862715195,0.22242877642051345
2022-02-28,0.6150169021800489,0.3875353823820666,0.25411236208396487,0.7775330152892536,0.21977769740901598
2022-03-01,0.6142479119042935,0.3858954918761067,0.25345406616672916,0.7796334249416281,0.22285124706858303
2022-03-02,0.6045223808518023,0.3836734774072072,0.27915367632368837,0.7676079402375374,0.22605473928904446
2022-03-03,0.6035547027183108,0.3815758078004346,0.2751372982372361,0.7714398295725908,0.2246657255028292
2022-03-04,0.6145359719073598,0.381505793820198,0.27239716812623455,0.7740515110417407,0.22370684177055045
2022-03-07,0.6113032369042576,0.37016816687912946,0.2730360005013275,0.7483728860889609,0.23251259632640026
2022-03-08,0.611817296057578,0.36345416880655934,0.273212749645013,0.7547644617314841,0.23257923106981693
2022-03-09,0.624689921018612,0.36421462537009713,0.272424012284254,1.0159976752107853,0.24436774072956027
2022-03-10,0.6248703945298153,0.36372886991622744,0.27194102083797017,1.0171800883754574,0.2445930236101709
2022-03-11,0.6186018331941558,0.3770427593230571,0.27426684684556546,1.014623502154807,0.24684289793936415
2022-03-14,0.6322177296906916,0.37523645121695565,0.2590680647192333,1.0231235141501338,0.2354921304387122
2022-03-15,0.6127466537099295,0.3786832206429266,0.267637123880006,1.0115104487158997,0.23842091149763148
2022-03-16,0.6457944039843418,0.36819401268843016,0.26881294435974135,1.0379464112984575,0.24741927816859705
2022-03-17,0.6495177849276417,0.3742891458784299,0.2757824225928477,1.0351698526379336,0.24855620691008834
2022-03-18,0.6387713923350733,0.3702676862116234,0.2689400289581699,1.0268739264987274,0.24177462950367667
2022-03-21,0.6374901050108703,0.3767629508904972,0.2692746432740459,1.0250435581443953,0.24137355100024616
2022-03-22,0.6414857435155196,0.3687896353793397,0.2738351026284235,1.0259074074329184,0.24351594133242827
2022-03-23,0.6453270367018987,0.3648023271206436,0.2732928570021042,1.0341346260255597,0.24533319384735633
2022-03-24,0.6437751383612773,0.32164166374092007,0.26843948805815254,1.0099238962188217,0.24543769520745995
2022-03-25,0.6422368220962944,0.3226884045524338,0.2679567826719604,1.0098490050353244,0.24030832976729516
2022-03-28,0.6293833659612166,0.32504032287649176,0.26674610903872875,0.9978543141748262,0.23298612980862937
2022-03-29,0.6331567210392903,0.32280852158242074,0.26662678388427546,1.0060176610044322,0.23480413906918984
2022-03-30,0.6038276506927929,0.32292930058746067,0.2593488366784638,0.9861190230612377,0.23198136305218328
2022-03-31,0.6050514080384937,0.31993614130343556,0.25940775704895574,0.9886439667656658,0.23686371003919718
2022-04-01,0.5558026560494783,0.31130615330895595,0.26095258898108836,0.9560453528043532,0.2276603783532847
2022-04-04,0.5426593761252425,0.30856182683934363,0.2590905473059633,0.9561778942730389,0.2273214358411483
2022-04-05,0.5546525104587307,0.3059220341569908,0.25657834098304555,0.9479823955078477,0.22805258815373136
2022-04-06,0.5651494219317713,0.30594280156262477,0.263658531315264,0.9476573553913974,0.22318876633043352
2022-04-07,0.5240685179584653,0.27581572505665397,0.19657523189646792,0.8996130049391978,0.21983642029862926
2022-04-08,0.5292473100495303,0.2764839526352246,0.19413005276694492,0.901820121486171,0.2116715952780863
2022-04-11,0.5343231490217456,0.2640548171541349,0.19923448017591713,0.9017569656630215,0.21803497375931233
2022-04-12,0.5348771228573171,0.2637328507004766,0.1986336420592304,0.8987392968672141,0.2134802735531141
2022-04-13,0.538011723296121,0.25504356378938847,0.17522388670006214,0.8980755096925733,0.20937853209778165
2022-04-14,0.5432864312815746,0.25390619260218383,0.17497219877296066,0.8966109901698223,0.21204306830059538
2022-04-18,0.5267187736138846,0.2556674118969075,0.18179544262731107,0.928623813804463,0.21052956286058333
2022-04-19,0.5256467062374566,0.2563679680435019,0.1872833301462176,0.9224773716858717,0.19458881495546965
2022-04-20,0.5277838007100438,0.2559201675255048,0.1859937817462362,0.9166176796347483,0.1926337383083924
2022-04-21,0.5159083772273966,0.3030711771438967,0.18533240974543225,0.591324999383215,0.18455549686364434
2022-04-22,0.5207037365841757,0.30550348003379113,0.20360081531980392,0.5974434294572608,0.20150843640231392
2022-04-25,0.5208937732488546,0.30193175137955325,0.20030841949707667,0.6027501634914112,0.1981937534968995
2022-04-26,0.5259853695199751,0.30228133552070546,0.225900820315841,0.6228829070836079,0.21471286659432848
2022-04-27,0.5113603686488313,0.2993228529631599,0.2184034714964918,0.6019305236673163,0.20472673984821022
2022-04-28,0.48754394933998146,0.2996920322626266,0.229297830335214,0.5624733211657748,0.20747420067577832
2022-04-29,0.49244916766369995,0.30520141158582637,0.22447871449069304,0.5651174530617455,0.2289382166837318
2022-05-02,0.48356686215478306,0.30708552030971853,0.22402573443427867,0.5470012685802041,0.22697557212820665
2022-05-03,0.4836821911853171,0.29857011515388254,0.22345784185012818,0.5474710228499202,0.22768461680010826
2022-05-04,0.49590373344371397,0.3124273983212118,0.2352363931773397,0.5448475140925603,0.24338757701250147
2022-05-05,0.5216200425210124,0.3351692810370204,0.23457547620741856,0.5508523699454704,0.2604082045309267
2022-05-06,0.4933540927788559,0.3332791468055413,0.23345258824765536,0.5416965461908169,0.2555406657637226
2022-05-09,0.5738794170650676,0.4031113026225751,0.24666346255406996,0.6391640731033893,0.26803447315558865
2022-05-10,0.575167615446202,0.40263613429071304,0.24660665283348102,0.6538127818417075,0.26677641032245925
2022-05-11,0.5663187996661725,0.40160409217224685,0.24651989078378925,0.6254781935608386,0.2639205655480129
2022-05-12,0.5721990619120504,0.401108372560319,0.2491893599904582,0.6417565097802732,0.2642167215946244
2022-05-13,0.6387417563186456,0.4203448999141819,0.2496114746607929,0.6815033820376667,0.2749248410059868
2022-05-16,0.6408431541485898,0.4229510161134725,0.24391848787664167,0.7067135976284935,0.27422903255466724
2022-05-17,0.6549294910780719,0.43455716376376297,0.2493193134986096,0.7277440288758287,0.28073728619652194
2022-05-18,0.6546031343435411,0.44232768999750194,0.26064499030788296,0.768921585944527,0.298666605085986
2022-05-19,0.6466856615782814,0.442028822530866,0.2526226223403886,0.768366154238899,0.29826906890487437
2022-05-20,0.6467414749912332,0.42241514845782624,0.26081505741586103,0.7846813418134883,0.2972749239595714
2022-05-23,0.6493844858491381,0.42077625436874766,0.32111086297112296,0.7841514172503101,0.3049635480363112
2022-05-24,0.6637054825502757,0.4161039384371198,0.3253375951870762,0.7987234512325474,0.3024723768306963
2022-05-25,0.6735339410932206,0.4295067197432146,0.3305712439734879,0.8087050692600516,0.3044072849393563
2022-05-26,0.6821590601529971,0.43435943489340095,0.3304660375277494,0.8136738429715602,0.30891734933426307
2022-05-27,0.7012677684863492,0.44776442074676176,0.3472425619383019,0.8572568101410009,0.31784525019141735
2022-05-31,0.7010912954212529,0.45928253883775183,0.35588572549610337,0.8305096206008326,0.3180063152343025
2022-06-01,0.6914600705040249,0.4593394697635424,0.35154236667422817,0.8214600529904469,0.314016447089626
2022-06-02,0.7219358791280107,0.46559873902622306,0.35912970082791457,0.8387989468447757,0.3201617909822122
2022-06-03,0.7213663909459587,0.4406105028378017,0.35933895342655464,0.8286425938368075,0.32066242023892527
2022-06-06,0.7195697126662098,0.4395986312076833,0.3489580287202505,0.8293425201679608,0.31172787490895704
2022-06-07,0.7189364110636666,0.45120243489211054,0.3518206569317116,0.8236303335723357,0.31274822232702026
2022-06-08,0.6991757093385346,0.45263168760221406,0.3307983365583673,0.8059448171854957,0.3031580515756368
2022-06-09,0.7091251565675005,0.4711188220384127,0.34958312429273247,0.8219857429545699,0.3104116489485025
2022-06-10,0.7025401695332293,0.47370593870696875,0.34632957244061985,0.8166888237116,0.3106312266662846
2022-06-13,0.7149682374538145,0.5112131246868031,0.34910849082097956,0.8144168886191586,0.31238966890162345
2022-06-14,0.7075978985282609,0.5116419458667573,0.34907488675378784,0.8074324213561382,0.311164526185358
2022-06-15,0.714633525072419,0.5130788583943936,0.3487117457333551,0.8290763436087178,0.31460903165727877
2022-06-16,0.7134370587620631,0.5098608347553835,0.3431726141691677,0.8274478096713632,0.30982709634408917
2022-06-17,0.6980474926699205,0.49785092869703396,0.3432790379989145,0.830084711495547,0.2970185254802889
2022-06-21,0.7050341544414719,0.5216695188056073,0.35371509378902005,0.8316051356018684,0.3079575799467206
2022-06-22,0.6264150837080903,0.47143996300267405,0.34457634835816064,0.751760783525737,0.29496784097680806
2022-06-23,0.6271173001367979,0.47195390899643935,0.3491213826889823,0.7371586202759952,0.29686696971500576
2022-06-24,0.6393685811543286,0.47866976695371644,0.3500393231859184,0.7340556141010263,0.3080013855977317
2022-06-27,0.6428539338341136,0.47390607259768175,0.34943560064453444,0.7213961948848077,0.30819519244140187
2022-06-28,0.6098054626589144,0.4615933274892201,0.36515247089431246,0.688861839996612,0.305957409374167
2022-06-29,0.6070663048218631,0.4599971121715033,0.3650670175339161,0.6556525228050131,0.30594576917609584
2022-06-30,0.5927993892468129,0.4519671285816404,0.36380123681676385,0.6300869479258223,0.2996228508447521
2022-07-01,0.5817199356778372,0.4450668141348756,0.35246481072512714,0.5732432057761891,0.27988317954636555
2022-07-05,0.5902542205898605,0.4520507511248425,0.34824884928073296,0.5848081158886862,0.27936819371746496
2022-07-06,0.589886052014171,0.45278169473954466,0.34353699547486244,0.5713788060912609,0.2796023681366175
2022-07-07,0.5996454205735903,0.4812267435589511,0.29793770925208063,0.5992020221549121,0.2773071036179744
2022-07-08,0.5734647015513308,0.48138257191652023,0.2912373042577953,0.5707152372052882,0.27655518848844207
2022-07-11,0.5795711343129315,0.4726404352199431,0.2856545626057007,0.5594709915595644,0.27716416636972235
2022-07-12,0.5647252690302615,0.4657881307228388,0.290361263015825,0.5539060793190631,0.27104156625166537
2022-07-13,0.5338286779409982,0.45200903701518175,0.2671422491392038,0.4911562452208571,0.2588520106064963
2022-07-14,0.53382036313724,0.4416225270836968,0.2549290304081372,0.48976455281206915,0.25871905952897767
2022-07-15,0.5393736485099528,0.4392680778784169,0.25712344058034037,0.4926492151410678,0.26550427408992433
2022-07-18,0.49835892124703496,0.4319028804598702,0.26289078349029366,0.46329936439056973,0.2586413546847197
2022-07-19,0.5045295367757199,0.44373483595664387,0.2628263706831102,0.47311144780530606,0.2692616091211937
2022-07-20,0.5305730914061211,0.4443108009380097,0.26853320894670246,0.48164508769874437,0.26994307486167446
2022-07-21,0.5340705506712751,0.42303442990029755,0.26300907696963116,0.48060713871271526,0.2700626380147102
2022-07-22,0.5452937213601534,0.42458387020843796,0.26296207220080753,0.5034595091092475,0.26953642013973617
2022-07-25,0.5302193065426872,0.41678459404100454,0.24401756850827758,0.47601899761519334,0.2610068065593724
2022-07-26,0.5190986753117034,0.41599432202271514,0.24103483406919216,0.43256586073372544,0.24874778528344665
2022-07-27,0.5029909740233667,0.36710673542615996,0.2331925985409038,0.45433862586496937,0.23091616134652226
2022-07-28,0.5031664427359159,0.39811942656769267,0.23331450326052938,0.509290933385715,0.23223116573856373
2022-07-29,0.49821776009208646,0.3951620407036277,0.2329550873751162,0.4862477803074969,0.23237428791760006
2022-08-01,0.46546916270386135,0.3862441806458858,0.23816242760730252,0.46872633761928567,0.20705804130515257
2022-08-02,0.46358593362585254,0.384889746010861,0.23913047484266714,0.4679811585296977,0.20925040593418037
2022-08-03,0.45341148313633034,0.3606028014036074,0.22110050812482115,0.5348579344388861,0.2030745897377181
2022-08-04,0.4531563708933218,0.3438796926814254,0.22659704660988633,0.560189922353185,0.20279816915868673
2022-08-05,0.45049898199146643,0.3666441601651478,0.20978416620758422,0.5614175361489528,0.2022772153272389
2022-08-08,0.46125540326782305,0.36122461421380125,0.2023698151785335,0.5637987627846008,0.18410667831637284
2022-08-09,0.4771396663148101,0.3615461529682416,0.20074513734873586,0.5701333129761175,0.18416192319621033
2022-08-10,0.4721086641946235,0.3615949898026891,0.18621448838980123,0.5988759730638535,0.17801956955975826
2022-08-11,0.46784745101058334,0.35511357537908755,0.17799584729817514,0.6364274619811341,0.17809477711498314
2022-08-12,0.47142820608381364,0.3508922164366064,0.17944810821955273,0.7268834530549101,0.17910289115521974
2022-08-15,0.46645136638147155,0.3544008690837834,0.18297664384832552,0.7255868009799828,0.17818076545259726
2022-08-16,0.4588455095064042,0.3386215810164076,0.18293339782539442,0.7279921558862656,0.1781829144837337
2022-08-17,0.46607275007763344,0.344886558305211,0.18008209595672797,0.7611297596919462,0.18093319418911094
2022-08-18,0.4562512956908769,0.31712584230711344,0.18026713704155972,0.7774082616869422,0.1778919724717517
2022-08-19,0.4773475733561906,0.336245282291751,0.18005924834980472,0.7832007835516823,0.18438144510104085
2022-08-22,0.4757866193124483,0.3307153013892452,0.18110518758846894,0.8075910615399159,0.19286718732249802
2022-08-23,0.47467608945899614,0.3310121507172494,0.17655220844741285,0.8037686742852183,0.19024862304974835
2022-08-24,0.47427940543579616,0.354095152421753,0.17554371792911863,0.7968541979468451,0.188954845005109
2022-08-25,0.47753475600550627,0.35362075775276913,0.174082611156865,0.807860440028982,0.19107353225990606
2022-08-26,0.5114908302277266,0.3599295154133248,0.18054388132310617,0.8079653386039054,0.21466386034793247
2022-08-29,0.5166463593244662,0.3627846544943156,0.16463494512306956,0.8091766949576173,0.21403605947122828
2022-08-30,0.5073359563821873,0.36100348954865735,0.16441512702130623,0.8119263900230917,0.20306000632058735
2022-08-31,0.47676371287330693,0.36201363258694874,0.15945641438892835,0.8115818930085058,0.2037124621363649
2022-09-01,0.49017965115278006,0.3647295553240934,0.16185199993686875,0.8295193620239876,0.20171968651179875
2022-09-02,0.48234995186016183,0.35409835960367525,0.1706491759249686,0.8069863648568584,0.20229022590143475
2022-09-06,0.48410602833368066,0.3527894616632314,0.16958231047620556,0.808750065844432,0.20246406237849493
2022-09-07,0.48672905600380856,0.3523934673910257,0.16938949488928884,0.8005953574179279,0.20601968673275256
2022-09-08,0.4633936880832951,0.34861254409946507,0.17226538331347357,0.7994928333197765,0.19227959774405545
2022-09-09,0.4725210536973732,0.3143337248446339,0.17259670814869466,0.7690401756868225,0.19403418334855543
2022-09-12,0.4744114764567619,0.31251694662955154,0.17349511832836675,0.768826182889245,0.19193121868420976
2022-09-13,0.4990875815454134,0.3018845071891593,0.1790230632432677,0.7892338393830777,0.22978879019259002
2022-09-14,0.4943093329038159,0.3099370934558114,0.1817003382285313,0.784787486116358,0.22972395013972244
2022-09-15,0.49070495280841586,0.3240501520617465,0.18203251842528434,0.8223779136763891,0.2259470578722855
2022-09-16,0.48722097804474424,0.3368872075700628,0.1630047401123388,0.8092333374525822,0.22656915321773105
2022-09-19,0.4884541139977246,0.31194909672946414,0.16396990457842178,0.809980722062392,0.22835237992546414
2022-09-20,0.45860361751532175,0.3128440090807587,0.1825020206546349,0.8111351033198955,0.2299568205610434
2022-09-21,0.4452576528828119,0.3176056696124287,0.18547337097041042,0.8027811028245276,0.23423583157686298
2022-09-22,0.43923153767728756,0.3188126205069394,0.20514096161902323,0.8025831080714484,0.2237875364028792
2022-09-23,0.4391042485435977,0.35137091208423343,0.20388114727071335,0.7581873569979765,0.22662486201901402
2022-09-26,0.41893665292516197,0.350527632974443,0.20855793274700865,0.6116920456692436,0.21789736430341536
2022-09-27,0.4185999234386858,0.359806092635209,0.20845336689768568,0.6054475441546607,0.21621921950025294
2022-09-28,0.42913925962066507,0.373717262520411,0.25557765380573655,0.6169302413908755,0.2272224538937901
2022-09-29,0.4260834179198577,0.3695586134366028,0.2572225534110197,0.6059305322168144,0.2319519247111279
2022-09-30,0.4160740967215378,0.3654449197532308,0.25757283229734035,0.6003079212414184,0.23236871656483374
2022-10-03,0.4176502196310505,0.35853184074107747,0.25625117912636214,0.6109003974812828,0.24896680357153736
2022-10-04,0.4370046901778796,0.3616863897420163,0.2600056786892754,0.6292939582902577,0.26330481672103584
2022-10-05,0.43607342758100354,0.35692653325783485,0.2604633413209444,0.6190783070331404,0.2633187698334854
2022-10-06,0.4357675522537148,0.32912000444835804,0.26053178312004377,0.6286641156752893,0.2636876291298703
2022-10-07,0.443658587606477,0.3287506005131846,0.26473581831675114,0.6365623037339396,0.2677235256582556
2022-10-10,0.4181752049154339,0.33338858370866997,0.25591063679851817,0.6348328729920301,0.252735112237629
2022-10-11,0.4149750847557602,0.32383826046480507,0.2616741964364891,0.6356841950889627,0.25273366182097057
2022-10-12,0.4123626876476185,0.34449545598035386,0.2621414346964425,0.6375532718339781,0.25181541618097203
2022-10-13,0.41689158394688747,0.35055804113859196,0.2659394592270368,0.6320359468868066,0.26555526421095393
2022-10-14,0.4266378226371144,0.36817479155048716,0.264219037194131,0.6245643551635702,0.27135998418784635
2022-10-17,0.45215726738863726,0.3862026344840819,0.26016435351953365,0.6511754818997464,0.28261891162567815
2022-10-18,0.4507769332844627,0.3867740667005834,0.2597780713835405,0.650994186931655,0.28535176123255107
2022-10-19,0.44928322963513034,0.3865268196734824,0.2633864116609929,0.6575472715878025,0.2797330245615049
2022-10-20,0.44339452471262714,0.3777949508392114,0.2620128737952574,0.6574857763818519,0.27896565465330686
2022-10-21,0.4439848389159387,0.38276108848160284,0.27218567664707494,0.6399203600763316,0.2848870634825158
2022-10-24,0.44000469566263056,0.38363643749447,0.27472037550452844,0.6361118100366079,0.28539494920790986
2022-10-25,0.43055643309169783,0.38580458485580504,0.264311147624537,0.6730512840514343,0.26212223964905323
2022-10-26,0.4314637268373985,0.3746051128286707,0.26438064311595444,0.6678798661748879,0.26258340701935773
2022-10-27,0.4305572075210437,0.36942870185102406,0.26581629758248854,0.5981337849304836,0.2611275024036102
2022-10-28,0.4384150129034902,0.36279957440987615,0.26819778199067784,0.6524165332070221,0.2691347141045508
2022-10-31,0.4392369374862908,0.3572662305157263,0.2658152956265403,0.6686088413841699,0.26901766096343005
2022-11-01,0.4359350663403849,0.35783337635961165,0.2567106074834449,0.6678126091926466,0.26720843537575184
2022-11-02,0.45137814158541806,0.35806680626765663,0.2958538496378873,0.6932378159287491,0.2727143899049541
2022-11-03,0.4288713084733373,0.35651589334545153,0.29768076124311466,0.6432553575964091,0.2733784718632872
2022-11-04,0.4301790731040664,0.32734391648987704,0.2998918714069878,0.6366141622823328,0.2720250741641302
2022-11-07,0.44312908054742106,0.3220722793760684,0.2923570002768525,0.6473569089347151,0.27125078569235933
2022-11-08,0.4427522483879685,0.3128034364434719,0.2943619082123973,0.6454567126521292,0.271154897251043
2022-11-09,0.4372684515380977,0.31002827792016374,0.26553488415665544,0.6710145577734341,0.2731149490029309
2022-11-10,0.5389874824328422,0.3393278355927532,0.25914033770964784,0.7409402704834485,0.30751553138833104
2022-11-11,0.5831007853893941,0.34265295446482563,0.28601434880874294,0.814573978762,0.30310932292787185
2022-11-14,0.5839220213552602,0.3331497241366369,0.28586428479527753,0.8626470073869332,0.297161246337204
2022-11-15,0.5854528032797075,0.3269917318666585,0.2838448410639645,0.85283115296538,0.2859604579348323
2022-11-16,0.6112089088555307,0.32857422312212137,0.2825027080042526,0.906169803484919,0.28711537692881944
2022-11-17,0.6184969385643014,0.3276123488275551,0.2839641128935865,0.9034811197923867,0.2851253228099877
2022-11-18,0.6030070639101086,0.33227595522974346,0.2764997305435508,0.8911133124350912,0.2705239272905579
2022-11-21,0.5959051151190826,0.32647870808674573,0.2744674071942236,0.8980916145852722,0.26942501395474394
2022-11-22,0.5963312058729936,0.34440317442499063,0.271980653012901,0.8951063698495193,0.269311958578948
2022-11-23,0.5976981064568962,0.3193956565252586,0.2724230626199319,0.8921080573544674,0.2685708637618159
2022-11-25,0.598701736685655,0.31506576529382635,0.27024544955780155,0.8925855962048515,0.260543371243655
2022-11-28,0.5692723190814879,0.30247055050566424,0.27024242208033555,0.8988369974807426,0.2554498424806265
2022-11-29,0.5579250415065697,0.28254017362490935,0.2696289699880533,0.8848721995689837,0.24723499439577995
2022-11-30,0.5820994118753413,0.29107441829774416,0.2753596847629313,0.8855580136799297,0.2591853422506643
2022-12-01,0.5819053769614526,0.2942338651364947,0.27178900593989846,0.8775591140826232,0.25757915059246017
2022-12-02,0.5836335608663551,0.29588619468404276,0.2710052759096244,0.8773042700710737,0.25564670588695465
2022-12-05,0.59023308613645,0.3003630382275922,0.2724672050210649,0.8810295971733786,0.2555186761172271
2022-12-06,0.6042999345596965,0.3087630181434915,0.2702749375626804,0.90863798599727,0.25823611642771815
2022-12-07,0.5874060208489689,0.30795615032550117,0.26843912063087244,0.8868673268015614,0.25451721646119374
2022-12-08,0.5989995048349953,0.307398379862145,0.26765761338218125,0.8869673058185962,0.2540592835474086
2022-12-09,0.6015002378357734,0.3088633225385839,0.2709637776088449,0.8880049184950185,0.2545680536073205
2022-12-12,0.5988875054081048,0.31486264536401526,0.26752364539053636,0.8509993461802454,0.24903784417432903
2022-12-13,0.6121567027280642,0.31541805989970856,0.27470017398325297,0.8387198306895347,0.248584413957489
2022-12-14,0.6175271145546606,0.3140142207148204,0.26763594544200975,0.8388323831125956,0.24903658884227972
2022-12-15,0.6248811048851459,0.31299532741739067,0.21288452627344523,0.8221452758361328,0.24818569803397472
2022-12-16,0.6250360963254992,0.31399144300455056,0.19219770431882552,0.8235588353046983,0.24874863204390196
2022-12-19,0.6378714488362318,0.3151224504379456,0.1970249385742919,0.7943916086791913,0.24709365582756654
2022-12-20,0.628356596314449,0.31433633209718487,0.19347195723763083,0.7790576076832519,0.24563975217059
2022-12-21,0.6298724760410983,0.32130783539191776,0.1951573381707659,0.7837999612288407,0.2488890095621696
2022-12-22,0.6386915534121886,0.31047053225175353,0.19507653578730882,0.7596694400071542,0.24485878780798903
2022-12-23,0.5514093192987949,0.2792423829738183,0.1952567237837914,0.6598688097328688,0.1850110476720111
2022-12-27,0.5021400306310428,0.2767099300236785,0.16407981275550695,0.5319175977793253,0.18257444891939212
2022-12-28,0.5004404567730423,0.28059871342452897,0.163884206994889,0.5026948978389476,0.18435026564107326
2022-12-29,0.5076938429475083,0.2798259283283685,0.16461010325539224,0.5927828141930402,0.19059605959479906
2022-12-30,0.4854122047881865,0.2784014391102625,0.16360958673041737,0.572852667439334,0.1896693553868699
2023-01-03,0.47916545021514356,0.2908296543152337,0.15914747062109424,0.5745654654734159,0.1897763310150468
2023-01-04,0.4862031939224719,0.2859181897303906,0.1596276077175099,0.5898054926745326,0.19062798795207994
2023-01-05,0.49106442124679284,0.28329304366317487,0.16004551695608643,0.5845981217047923,0.19272837351183397
2023-01-06,0.4970519197989773,0.26725529271043136,0.15989279050647345,0.5934384797251138,0.20062541339469464
2023-01-09,0.5047566564234284,0.26849824741769235,0.1948354776882366,0.589775367768741,0.19951705348944782
2023-01-10,0.5069368001298941,0.270429572243627,0.19354643544542985,0.593918026281687,0.20089708557288477
2023-01-11,0.5049430954203897,0.2619034008278212,0.19601909833136086,0.590134276629975,0.19935627868602987
2023-01-12,0.5060635899844618,0.26393535186577105,0.19662424007220047,0.6210482216529465,0.1995265921274655
2023-01-13,0.47525079703016887,0.2522549987923999,0.1797766997517842,0.6188473413223491,0.1779851177316915
2023-01-17,0.47801911744724007,0.2567664186773027,0.17886821916191442,0.6599073972223238,0.1779970387773582
2023-01-18,0.47905699777633426,0.2578110658831719,0.17675324792655553,0.689577723183428,0.1836994892701882
2023-01-19,0.47341606817777065,0.24700381137796104,0.17185558094951298,0.6957898914262893,0.17777898430255415
2023-01-20,0.46904128536976875,0.24547636055692115,0.17106080148632347,0.6494573757780082,0.18118475373606902
2023-01-23,0.49423040180476946,0.2497232330303114,0.17156024635073258,0.6357223121013754,0.18421342271387686
2023-01-24,0.4856162382179661,0.24986887532623267,0.17360850349620935,0.6354301557525486,0.18306352690950523
2023-01-25,0.4822096802350601,0.24361413133555798,0.17752267308225184,0.6304084774780349,0.18154819595887137
2023-01-26,0.4812885827313493,0.23874427057232347,0.17572094042994976,0.6297337392907546,0.17952049935638387
2023-01-27,0.46751748428827833,0.2392052442476622,0.1749471250703782,0.6141436868355946,0.1785262050523688
2023-01-30,0.4798471087958122,0.2446577434811544,0.17296269777648265,0.622270061732372,0.18154862647179443
2023-01-31,0.4558396546860309,0.24799035279515613,0.17859915468483778,0.6187236784894373,0.16972526021027207
2023-02-01,0.4710659122456517,0.24573246341147092,0.1784394156988209,0.6191056625156534,0.16679833027950347
2023-02-02,0.46498458819503535,0.24252461887604534,0.1801338187061972,0.6202411764504556,0.16691713774387198
2023-02-03,0.48972355924896754,0.25069266992006195,0.1782013159249098,0.6000547822750493,0.17162432947090103
2023-02-06,0.4953638287843699,0.24448308048579978,0.17437754626684726,0.6217659390095797,0.16929634829331064
2023-02-07,0.4806741188293131,0.24183901393223206,0.17468397650761947,0.6222377106073599,0.16499506091445137
2023-02-08,0.48251409657493166,0.24274503524087618,0.1726977076307153,0.6290073758619864,0.1695883071723467
2023-02-09,0.4619372601664045,0.24466651038632511,0.17047986279255006,0.5910189851520783,0.17159051573093945
2023-02-10,0.481556559674977,0.24524950602155704,0.17329171626995168,0.5909912788996724,0.1659912451970306
2023-02-13,0.4624904112084036,0.2504173839787888,0.17438341057398057,0.5431618141337398,0.16204886046485953
2023-02-14,0.5323226860424213,0.2502002279548967,0.17479627775374332,0.5257622529235205,0.16152132440460606
2023-02-15,0.5333427850941326,0.22552385956288448,0.17915751877831065,0.5247268456956278,0.16037037096586643
2023-02-16,0.5436480515623235,0.23258322571940143,0.18406772818344397,0.5365587553002118,0.1669119113901084
2023-02-17,0.543810865599462,0.23716052092404993,0.18921161816171828,0.5365740300098267,0.16294747471761623
2023-02-21,0.5747933001155017,0.25744906672191287,0.1858714502339575,0.5905764787179121,0.16353065481155774
2023-02-22,0.5680534515730525,0.2562739861525569,0.16159521567061538,0.5926833270454699,0.16358572436048827
2023-02-23,0.5835868495683787,0.27624680608872176,0.16358109112215047,0.590505254450004,0.16301031821635803
2023-02-24,0.5901350968000822,0.2751574801674937,0.15873142484529235,0.5902990625245701,0.1623620892968567
2023-02-27,0.5889298933802061,0.2729479180410523,0.1615471622507243,0.575254099265985,0.1623094241173102
2023-02-28,0.5901212053138635,0.2799550481422219,0.16210009116429144,0.5754056396023655,0.1622792769453198
2023-03-01,0.5881454402374846,0.2741888350494663,0.16282883656848568,0.5418534941838875,0.16255335115398528
2023-03-02,0.5869872837389198,0.2727536236173375,0.16150941189703977,0.5141709418597598,0.15665490338887286
2023-03-03,0.5852122711991398,0.27790148660877456,0.16801574837232175,0.5346594073196618,0.1608923871808443
2023-03-06,0.5808031375982542,0.2839557737121066,0.16800637767792403,0.5469618797204406,0.15256010171560336
2023-03-07,0.5621994744354526,0.2828063293742648,0.1928398297118731,0.54800787771542,0.15560848184627432
2023-03-08,0.5584851708000289,0.28200745555022183,0.20120712228906468,0.548542456525097,0.15566035804346
2023-03-09,0.5728559515073468,0.2819672128742379,0.19914644554503225,0.5789160367988734,0.16437732224968776
2023-03-10,0.5808589571784459,0.2816418247174461,0.20082474436617775,0.5968914733328973,0.1653362323847002
2023-03-13,0.5773162714157145,0.2805218609773643,0.19880674376822882,0.5892746534474368,0.1648164078366645
2023-03-14,0.5637420885669688,0.2765700894421974,0.1988639965231888,0.5847961122924551,0.16971399525223166
2023-03-15,0.5594212569115784,0.2796835373718832,0.19215222746638552,0.5749815789445706,0.16435387011461142
2023-03-16,0.5436931067138971,0.28173568324694614,0.19360736308856866,0.5772848099129476,0.169261657349897
2023-03-17,0.5187496149014225,0.2809093427564808,0.1882917716221966,0.5571685492681843,0.16493768559456717
2023-03-20,0.5055446584496738,0.276933300967462,0.19836956184503535,0.5507428527760077,0.1658309767099565
2023-03-21,0.5062472342920398,0.279685350677964,0.1991410129840577,0.5467851400436166,0.17040763923153426
2023-03-22,0.5025957432026255,0.27876977022777955,0.20540674214177784,0.5553506969458912,0.17133377660299554
2023-03-23,0.5045863772624244,0.27740205896537673,0.20875126505660593,0.5525958828932238,0.16943052172894618
2023-03-24,0.5049430898832425,0.27383428729602055,0.21410608433570277,0.5542057602234106,0.1694829212947814
2023-03-27,0.4918544238310691,0.2667546114298763,0.21186069419652956,0.5515039465517529,0.16937001688912873
2023-03-28,0.4899153305772217,0.2740332473065463,0.2106186772161559,0.5545566167218231,0.1652915643400309
2023-03-29,0.40058006711636407,0.27729356676343897,0.21034682933797239,0.5828565025787114,0.17125462582168294
2023-03-30,0.38271966763810494,0.2779702788265484,0.209500663970043,0.5667897958328931,0.17196499886422528
2023-03-31,0.3826806338490948,0.27596154272823537,0.21025890061732888,0.6167040850832318,0.17227996586830374
2023-04-03,0.37169548960032817,0.2743423395448627,0.21114183962752747,0.6170279739110804,0.17238133084442556
2023-04-04,0.33390219934776677,0.2595381142256442,0.2132646109404493,0.5968987294174992,0.16243988170790477
2023-04-05,0.3452407871378914,0.25989818511351975,0.21578995541072465,0.6047729037048651,0.16261394536720442
2023-04-06,0.31450527433493497,0.2347553049910914,0.21547592546694525,0.6132678240453583,0.1623874827346098
2023-04-10,0.3261474744018555,0.23485322096310712,0.21716663242425907,0.6298531486842358,0.15862910111721548
2023-04-11,0.32612120387838395,0.23441818379230703,0.2132111295351013,0.6113018957263059,0.15852452572079054
2023-04-12,0.3314768097105552,0.22592711003165672,0.2108574795880888,0.6136372315510016,0.15858231585529586
2023-04-13,0.32979405464064604,0.22717529253607183,0.21854650793036326,0.6031826631396251,0.1614856484783343
2023-04-14,0.32649083313038746,0.22398975927935202,0.22016527502094194,0.6061092781882745,0.1608936914872284
2023-04-17,0.3129854597519929,0.21737721905785787,0.2174854728587604,0.6071555428074548,0.15512501956869731
2023-04-18,0.3094509173286966,0.20231562302238149,0.21931629580967799,0.5900797236502485,0.15512577150996906
2023-04-19,0.30650076185203257,0.19714227829842523,0.1897312611301878,0.5899545788913132,0.14716555293520572
2023-04-20,0.3143848394726874,0.19884688278140308,0.1684869326451861,0.5906388924471488,0.1486073135959381
2023-04-21,0.29127508582470846,0.19887728209009997,0.17932379352412967,0.568865358992919,0.1366215654736387
2023-04-24,0.27276904606930796,0.19727951997439988,0.18238232643471394,0.5523723073167833,0.12772813231823338
2023-04-25,0.2936275994678243,0.19702553937541006,0.18291685201920285,0.5523334858917907,0.1377946907560876
2023-04-26,0.29273047505704725,0.19687002489807842,0.1867362924536997,0.596352597525786,0.13166980997952235
2023-04-27,0.2945397069318097,0.17530158034249446,0.194383104563311,0.5994521703206485,0.14028987762127593
2023-04-28,0.2870069890028538,0.17680868602563432,0.1959132162238499,0.5966149639544415,0.1343968318149449
2023-05-01,0.28588441268567977,0.17367616338251007,0.19877732560294625,0.6194833021412328,0.1291342300348276
2023-05-02,0.29346934487351467,0.18378352416796068,0.19772004388063655,0.6211430293456285,0.13301713536294277
2023-05-03,0.28679014926497465,0.18698693996321047,0.19446245218633942,0.6224954888109827,0.13047215617016605
2023-05-04,0.29902933036980023,0.17546497387406906,0.18372910107840787,0.6147310906730753,0.12224777847825072
2023-05-05,0.29827840691044155,0.1826488406049487,0.18494716975574732,0.6194864978391408,0.13206465276923268
2023-05-08,0.305710027947654,0.18224080071678658,0.18345703859421117,0.615806440815336,0.13122921830460463
2023-05-09,0.36444825594122726,0.17885243990124217,0.18365276812674441,0.6193990749358889,0.13228291834791361
2023-05-10,0.36424530669084254,0.1697509714950047,0.18647816176192267,0.6183811990468111,0.1322697560247787
2023-05-11,0.3589634030055769,0.1715438560131904,0.18392820504435153,0.5782721420937514,0.1267879053010476
2023-05-12,0.3696673580422494,0.16888355684415984,0.18287211276696624,0.5782022125482492,0.12602798429624612
2023-05-15,0.3673360668567753,0.16784506246946174,0.1797545280349648,0.510066059284323,0.11993298864743066
2023-05-16,0.36868316277619073,0.18482100000975016,0.17794131405139602,0.5054609341263555,0.12105936321501383
2023-05-17,0.4080284783432,0.17359072595651193,0.17831425423297093,0.5002790109573692,0.12464184129949693
2023-05-18,0.4524048072710189,0.17337006257086132,0.1672003495344099,0.46913554784085804,0.12709660371624937
2023-05-19,0.44295301106504203,0.17327638167987575,0.1682603652103782,0.4660447428352416,0.12700775627243796
2023-05-22,0.4348750329525427,0.18616990467716646,0.1688859693454091,0.4887921885150392,0.127006246257646
2023-05-23,0.435854819356092,0.1876977758051571,0.17904284821925665,0.5334804357850308,0.13164215123285816
2023-05-24,0.43771534650093913,0.19261746280851982,0.1789791387265356,0.526329598421206,0.13303966643060666
2023-05-25,0.541780872987245,0.19072812953279883,0.16929871975414643,0.5257891105055723,0.1300540346495115
2023-05-26,0.575813953037665,0.1911060761012482,0.17266654724571237,0.5108687580864392,0.1350718125795399
2023-05-30,0.5864208660201645,0.1897504677330845,0.17307476155410928,0.47609161834053054,0.13481806302018187
2023-05-31,0.5993220823148029,0.19816641458414438,0.1749799893803995,0.4767837371809692,0.13592189963115137
2023-06-01,0.5976388906951593,0.2501761569191664,0.18052431370713304,0.48326641787884134,0.13853322106905894
2023-06-02,0.5870478543447488,0.2498585901690432,0.18474111381863773,0.47867951489376104,0.14296159794388558
2023-06-05,0.5866082412225975,0.24936863323254435,0.1706705137859934,0.4758679786085075,0.14326082845208157
2023-06-06,0.5858117828410823,0.24886817381935955,0.16829186792991827,0.4846203634852433,0.1432805230469913
2023-06-07,0.5739542800849184,0.24854058263347534,0.16969242980713478,0.48564344327704134,0.1346553928113269
2023-06-08,0.5741040588042472,0.2524171137433131,0.1759160071999242,0.4459844767913407,0.1339213155043752
2023-06-09,0.5762775540680711,0.2514720805201113,0.16581660197663967,0.4477591112810609,0.12281898802297707
2023-06-12,0.5803631552342956,0.24884062533595566,0.1635815920041167,0.448574478231528,0.12315316818969886
2023-06-13,0.583204919005087,0.24900830996557843,0.15753730737622015,0.42684375868938296,0.12386409417884588
2023-06-14,0.5837971640547543,0.24086329883900917,0.15548585920891514,0.428307255624991,0.11773555662336754
2023-06-15,0.581847656138561,0.2339099722647066,0.15761039516431638,0.43124005061884507,0.11847525984014329
2023-06-16,0.5595709200465742,0.2333042787728952,0.15559812596298508,0.43038533178004573,0.11624750953726003
2023-06-20,0.5626521744246973,0.22726249439423107,0.1584885973732963,0.4345093595650849,0.10846510293389361
2023-06-21,0.634864228894391,0.22977111780517784,0.15795876209334425,0.4342046339442709,0.11060318488256767
2023-06-22,0.6174123836650437,0.23087812140652272,0.15734087681189401,0.43783718246308145,0.10910392246538633
2023-06-23,0.6248024240258957,0.23296654151821033,0.1540507780321978,0.44643893816541863,0.1123984246181246
2023-06-26,0.6248479880027565,0.22846181218056336,0.15784485965790007,0.45592018199487705,0.11334301597074492
2023-06-27,0.6141002962164435,0.2283574501658336,0.15788151972217646,0.46105188619766585,0.11614517820168226
2023-06-28,0.6149418635552234,0.22843094229394262,0.15969224662971127,0.5625200921490325,0.11616575457987988
2023-06-29,0.6108328924699296,0.21261343089603396,0.1664868152307883,0.5608536063422815,0.11334770347119559
2023-06-30,0.598363959679787,0.21307550095475153,0.16509565939367848,0.5378633883459008,0.11328367732760795
2023-07-03,0.570409532668966,0.21404078645653402,0.16529975484686446,0.5373389712546656,0.11106894300443361
2023-07-05,0.5692866807473741,0.21469918843659852,0.16351939534747512,0.5527285771486908,0.11126988348017265
2023-07-06,0.5794026322634593,0.21629366177335874,0.16805207312252346,0.5278970506337357,0.11508907685108292
2023-07-07,0.5803916094713456,0.21571499775086267,0.16525764073049637,0.4923563720273468,0.10914570894912304
2023-07-10,0.5702428756567863,0.21558462865279454,0.18263378132158067,0.5129206846167373,0.1053230461063626
2023-07-11,0.4826665629968789,0.22110682507010415,0.1915929181322641,0.5138498834921703,0.10433156224072407
2023-07-12,0.4397416897025753,0.21894361680457586,0.19393083764824348,0.5155707281125641,0.10077456290875998
2023-07-13,0.42901086988413656,0.21356059133529418,0.19510239374234198,0.5339426485339533,0.10208130853965483
2023-07-14,0.4221008971918151,0.2172856683412097,0.20050766507532633,0.5527603403589261,0.09983894018360837
2023-07-17,0.4273838652572775,0.15627357639646167,0.19572260079720366,0.5473847583153949,0.0976562394984616
2023-07-18,0.4276061241616038,0.16299439110227104,0.19407346536110076,0.5926660056094694,0.09187347427194992
2023-07-19,0.42761767776657295,0.16454933249246828,0.19575706175938626,0.5927197233755894,0.09106268081616731
2023-07-20,0.4565658167239061,0.16467501442800397,0.1996662631670085,0.5847038859451795,0.0945662273139839
2023-07-21,0.4616134167819197,0.1648743363313027,0.1979318791915855,0.5892312371210375,0.09342914915988956
2023-07-24,0.45976742596090375,0.1577233088912454,0.19020021179979557,0.5898989029190344,0.09292871807355119
2023-07-25,0.4616850099694194,0.16016994859233813,0.19084000822060251,0.5892756357235873,0.09295893242670734
2023-07-26,0.452151075096906,0.15939668678706456,0.19257773737536463,0.5887640288785383,0.09059873611618868
2023-07-27,0.44305083525267763,0.16828122071099577,0.1924270188750617,0.5625357350590969,0.0926920940869342
2023-07-28,0.4195585559816358,0.17032105039401005,0.19263369311982134,0.596083486143856,0.0958114879865786
2023-07-31,0.4301576584590361,0.17747768379878587,0.19155440293420833,0.5988650756172261,0.08976597668509702
2023-08-01,0.4280101353348613,0.18150434394369316,0.1920610060499023,0.5997922426694438,0.08949544300724709
2023-08-02,0.4443238272829875,0.19035271126358985,0.18916823199541452,0.5959302588661147,0.09835926726438864
2023-08-03,0.37062809503865535,0.21242660857817267,0.20359709981254884,0.5938244460518421,0.09713917891160175
2023-08-04,0.3717417568234569,0.20802049669299866,0.20362278612023824,0.5854517728627013,0.09832091896600274
2023-08-07,0.3641581094003104,0.20497562274315195,0.20399286284846851,0.5834361418608739,0.09787810884490472
2023-08-08,0.3706693398842425,0.20449344523970595,0.28723806452811845,0.5887325880350186,0.09797372683210726
2023-08-09,0.41207963523734753,0.20556144994450035,0.2871809323519779,0.596357788424733,0.09609386371565537
2023-08-10,0.4119728724375819,0.20596513516999984,0.28561268177982285,0.5257758017263682,0.09609105762207021
2023-08-11,0.41751427057824214,0.20485281567249453,0.28286776187156665,0.5243864359529108,0.09575137704377137
2023-08-14,0.43041781778291127,0.20539642652484852,0.2828208537650936,0.5256944160836603,0.09097531694577857
2023-08-15,0.43136723306165176,0.21220491037063685,0.2838236980612661,0.5950912912936912,0.09706992154242608
2023-08-16,0.5216326101864137,0.21281390878685139,0.28594138502742766,0.5876905164705631,0.09920055188954016
2023-08-17,0.5216986950359497,0.20059147635704236,0.2837402236266357,0.5763915458133588,0.09915907774104486
2023-08-18,0.5182752127324582,0.20043071667885973,0.27891755907224663,0.5793445291439844,0.09901150757821293
2023-08-21,0.5310028014991398,0.2002813648802647,0.27027187157626403,0.5596229932297401,0.10062108152367519
2023-08-22,0.5311782263117143,0.19145330532198432,0.26165639467606533,0.5574584117844011,0.09905034855683902
2023-08-23,0.541680595007648,0.19136969762737938,0.25789493302360067,0.5569951567596222,0.10146659940028467
2023-08-24,0.5437253541352465,0.20070341413863232,0.25787223808091697,0.5407416756369553,0.10508379398720755
2023-08-25,0.5412994173611768,0.19215447418806825,0.2524943320282445,0.5312613333264408,0.10733931023415504
2023-08-28,0.5332853631962691,0.19178724053496854,0.2540841865202299,0.5454437149103887,0.10874697630082446
2023-08-29,0.5480833118580674,0.18630851721728475,0.2530076996328272,0.4915011270287161,0.11460215612385698
2023-08-30,0.5516288197670227,0.1852932624127908,0.2535479994691572,0.49251646386187514,0.11513199748182452
2023-08-31,0.5367112886591389,0.18793978589064506,0.2508516348709732,0.49092521711633397,0.11365503326763358
2023-09-01,0.5311533289726983,0.19546122055719803,0.2519380354623054,0.4882255408291213,0.11383910731660637
2023-09-05,0.5328934683989227,0.1980872655987375,0.2511082580035636,0.48642788279838517,0.1137584385518247
2023-09-06,0.5297840601150535,0.1994205782772223,0.2507919653096529,0.4860545523508244,0.11486845979308294
2023-09-07,0.5322760083427033,0.19928180741067142,0.24999564670215624,0.48685805371251983,0.11502771651927893
2023-09-08,0.5326446639610538,0.19120183996897527,0.25341807971181896,0.4789400441508221,0.11374150837964699
2023-09-11,0.5204156575632315,0.18927681374432362,0.2533105846828946,0.43159748463727343,0.11161450244120608
2023-09-12,0.5002763465688728,0.18284853921399097,0.25077801856625476,0.43565188784549597,0.11217808501108276
2023-09-13,0.5010641235309085,0.17899338977606832,0.24974270164041895,0.43574898507022736,0.11211628412344539
2023-09-14,0.49475542792529975,0.17756970235283537,0.25407921510838755,0.4374919177080582,0.10807467598579742
2023-09-15,0.5027117610084916,0.15323101115246654,0.24455865346265365,0.43400996857955054,0.11376491296451767
2023-09-18,0.499442248286245,0.153207796605091,0.24684600545095808,0.4332328583337158,0.11297113884707521
2023-09-19,0.5008086681853331,0.1614240319708495,0.24739383701399964,0.43420590295979067,0.10973592774745619
2023-09-20,0.49980348663846624,0.16080425110819346,0.13468171071970048,0.4278476036557234,0.11222371643147258
2023-09-21,0.4750377085340488,0.16315219283964147,0.14477310746322394,0.4215768286459814,0.1200581620308126
2023-09-22,0.48941154975439116,0.16706508473311174,0.144860395831424,0.4181038348853767,0.12004320478421394
2023-09-25,0.489998435154696,0.18101242432791625,0.14351992908020128,0.42444998811653395,0.12098237285141678
2023-09-26,0.4656595032671784,0.1941887319546617,0.1470970268745588,0.42463566653788826,0.12572807285271587
2023-09-27,0.4750980273516373,0.18901388851392906,0.14267550642486385,0.3405711130495172,0.12222639042623337
2023-09-28,0.383344536966395,0.18791979871715814,0.14945161939580107,0.33680752033204303,0.12236605876278205
2023-09-29,0.3778085110600281,0.19836147195755596,0.14556559202318495,0.3398120316785667,0.12047646620988363
2023-10-02,0.37557022521429345,0.22911076321571788,0.1424029917969832,0.33212102172090585,0.12040730594511555
2023-10-03,0.3734681683458787,0.22364256663543045,0.14555337226538742,0.3414732545677508,0.12401936690424603
2023-10-04,0.37776333344229,0.225169369586366,0.14701301372366862,0.35968185268517044,0.12636696536469355
2023-10-05,0.36227789588210413,0.23104128204550511,0.1639260215190193,0.36099829830109964,0.12143982702515048
2023-10-06,0.352398854888913,0.23018706919496923,0.19253539684399593,0.34994539805580255,0.12173729573555207
2023-10-09,0.35466555661291826,0.23218699415788274,0.1925984997542173,0.3649185664138274,0.12175795733066903
2023-10-10,0.36253154819379413,0.2344231827981907,0.19174560637319205,0.4132394604837911,0.12111571015097308
2023-10-11,0.35280561427987295,0.23451685679905993,0.210451537959835,0.4091983629167986,0.11384121251367556
2023-10-12,0.34889720226346266,0.23455495296760565,0.20863074772549597,0.44678003870059985,0.11379808646511569
2023-10-13,0.35946698116870446,0.23280230892692136,0.20802539082370416,0.4584013903792718,0.11442431721605605
2023-10-16,0.3629784745395241,0.22513383106179716,0.20670496650177844,0.47505450849866665,0.1190435233346475
2023-10-17,0.36033768168503866,0.2260088264679848,0.20553301753651804,0.4848609105439124,0.1186451305680246
2023-10-18,0.3761607871541803,0.22333342307473583,0.2108878434137645,0.5079833144312342,0.12292282459640978
2023-10-19,0.3722999942550317,0.22346861023217238,0.22161155708785013,0.5081728516262513,0.12468455576661752
2023-10-20,0.384190168238945,0.2284374933826136,0.2169620525319859,0.509588521419821,0.12853312386684154
2023-10-23,0.38588068661284397,0.22863934229300423,0.21735471563136116,0.5125297455777745,0.12611136828314773
2023-10-24,0.38916111481556986,0.22914253561005102,0.22575689074123448,0.5167147277078983,0.12859861189783783
2023-10-25,0.4104556956342752,0.2288699545874539,0.22787187435716713,0.516851575458566,0.13331027148629876
2023-10-26,0.4152364984301025,0.21901667922497156,0.22968770037144814,0.5720091262111096,0.13247421610224788
2023-10-27,0.40327125983254375,0.220186257830093,0.23340392112811748,0.5830398301675171,0.12937502932858852
2023-10-30,0.4032666102266066,0.2207506888649002,0.23278721135610253,0.5954195685315053,0.13574412940562966
2023-10-31,0.39844937300171857,0.22845957970670835,0.23121189556087204,0.5972767133155015,0.13780511763117376
2023-11-01,0.3934482489074016,0.23029881377006006,0.23126819962036282,0.5946157512765203,0.14080274207084595
2023-11-02,0.46428518982366546,0.249065028411852,0.24380750197761408,0.6422661708244974,0.1449114430240265
2023-11-03,0.47323438128269124,0.2515299120766543,0.2507401331215068,0.6575194275815824,0.14715645225965127
2023-11-06,0.47229697531111114,0.2411425799961183,0.2669009226738247,0.6630639424248321,0.1468002355384059
2023-11-07,0.46934391339181336,0.2351891699801262,0.26634699883207796,0.6566013968217641,0.13988375529309507
2023-11-08,0.4660048098404781,0.2333204501170027,0.2664031214586587,0.6557314851539281,0.139870141349312
2023-11-09,0.4643622555778756,0.23503417157815046,0.2771220799251922,0.6560008224770826,0.1411416585932389
2023-11-10,0.4766465312777348,0.2271920759657005,0.2766135008388954,0.660439847140568,0.1474776953303773
2023-11-13,0.476736376962212,0.19293370096246043,0.2792366325563336,0.6716685589555809,0.14756525153736672
2023-11-14,0.4609652823613265,0.19566613788827908,0.2750971038935677,0.6689817656943475,0.15006440489672176
2023-11-15,0.4598822341367164,0.2026442870056229,0.2805896230585939,0.7556104276343599,0.14924125113811654
2023-11-16,0.4608896744663153,0.19942193545999207,0.2740644634467153,0.7622088646600179,0.14901817330888556
2023-11-17,0.4553348681868708,0.19535869138806616,0.255668388508952,0.7651388790243069,0.14602897503053763
2023-11-20,0.45798866192128407,0.1942431475819969,0.25594170240526454,0.7491012488295938,0.14630734215168636
2023-11-21,0.46978913040782794,0.19251910887736398,0.2556902883325775,0.7421652027496952,0.14644328098669807
2023-11-22,0.4645907406941498,0.19280007020347384,0.23827348916812283,0.7375134449313001,0.14645850237631894
2023-11-24,0.466243094714062,0.1915875320515359,0.2390922192270742,0.7285140067522178,0.14478160284168548
2023-11-27,0.4537108072150424,0.1914202241494614,0.2401451277206771,0.7172092424233458,0.1436715287383403
2023-11-28,0.45198427669453034,0.192046862672785,0.23948353840847508,0.7126459128166265,0.1412969109680829
2023-11-29,0.45246138680468245,0.19768200759766863,0.23976447185222602,0.7199672972026239,0.14136958399744837
2023-11-30,0.43557334562564526,0.2022095744151594,0.24090811716128885,0.6951196825861087,0.1343199199008717
2023-12-01,0.43478470135244324,0.20445290142491576,0.2307600319786589,0.6956403661500065,0.1309749208347116
2023-12-04,0.4326625574072091,0.20266829730053906,0.2298099931176169,0.6901209549201572,0.12525325351457278
2023-12-05,0.43201352912841506,0.2059133885520985,0.227493017999174,0.6882599290171255,0.12487110838909547
2023-12-06,0.43982459333155843,0.2128479151428411,0.22034716477743582,0.6886037128166753,0.12563119062314462
2023-12-07,0.41751089776461375,0.21685397302872123,0.21745706092249645,0.6894344702956696,0.1163258112890077
2023-12-08,0.4065160636749973,0.2200948917728806,0.2117121818249075,0.668063771231741,0.1067738447462024
2023-12-11,0.40565250006988196,0.21672155905678422,0.20374601415856647,0.6623382400003839,0.10396426623164585
2023-12-12,0.40483935340503663,0.2171222065683627,0.20609513254083153,0.6633010443740228,0.10117704194309826
2023-12-13,0.4049274672114994,0.20606342017815493,0.2112127510402316,0.6709991361194275,0.10499327188960436
2023-12-14,0.40694789045772184,0.20437086076338082,0.22765445445111188,0.6783009995979485,0.10287984551910408
2023-12-15,0.3111039581381057,0.17403311449088146,0.21624962035273051,0.6728800334190401,0.09309983807393317
2023-12-18,0.28458075129519805,0.17660493718388262,0.20805512619037547,0.6657507758014671,0.09158340994227067
2023-12-19,0.28431046074171007,0.1819526705438206,0.1910572273969593,0.6586839167623721,0.09198972404859652
2023-12-20,0.3048452188278096,0.19014625063597473,0.22096594640735057,0.6915257875500858,0.10502240207484134
2023-12-21,0.30709687272641495,0.1933057459581253,0.22333944458479327,0.7118031942126656,0.10697190066538792
2023-12-22,0.30297654020031495,0.19048384889607978,0.20490052152018362,0.8023796220915471,0.10243567673491981
2023-12-26,0.2825935631614041,0.19015998975088938,0.20377447824615608,0.8015887970410301,0.09542129603741162
2023-12-27,0.2841062052864331,0.18876395393364337,0.19680871915378828,0.7862678957244976,0.0948107516062276
2023-12-28,0.2745481265222867,0.18136349828297843,0.19822067007884167,0.7785769015607742,0.08128044272062111
2023-12-29,0.27967083794699416,0.17264649456429648,0.19347404067027876,0.714254442139777,0.08248354020352773
2024-01-02,0.2945367883306926,0.17518644756683374,0.20659209934490982,0.7968793180559213,0.08599731602302896
2024-01-03,0.2980945471197209,0.17440096660354937,0.21625800218295732,0.7960715704536374,0.09001460591910553
2024-01-04,0.2885117126594251,0.17398633528168406,0.21589591809054678,0.7981376611911124,0.08906990015150985
2024-01-05,0.26749476718961435,0.1739048057032151,0.21585282794000193,0.7728260785407585,0.0883730710097091
2024-01-08,0.2983986278766334,0.17302012996435712,0.21734103022054316,0.7728092719516599,0.09582961744733444
2024-01-09,0.29517332695612575,0.17862242028485775,0.22148177718772297,0.752301727461224,0.09648971843639008
2024-01-10,0.29650158830602835,0.17790155598595908,0.2202195322942155,0.7487622002947886,0.09710833441080133
2024-01-11,0.2964795968012443,0.1779141664094481,0.22014894791351397,0.7941870316803219,0.09727375157837889
2024-01-12,0.29428435654961826,0.18759674732093073,0.22003582114044465,0.7842722067455217,0.09709554366077763
2024-01-16,0.3061350887275489,0.1829568155029313,0.21589477393395065,0.786446717641558,0.09798544999684239
2024-01-17,0.30617989195997186,0.183468426186472,0.21579354605035905,0.7777341395193806,0.09914370108912977
2024-01-18,0.29377824430570015,0.180547804768542,0.2183711489737731,0.7797937324658314,0.09986552097576004
2024-01-19,0.3003362149723758,0.17786162887343404,0.2182175706994507,0.8602856141905072,0.10433415223750017
2024-01-22,0.29070920120324656,0.17157588586361117,0.21824975827160176,0.8579763296471808,0.1026863950428743
2024-01-23,0.28681713928235175,0.1705975052527015,0.21812431978721003,0.8532877700567492,0.1013323599270316
2024-01-24,0.2807442855008408,0.1638344729008078,0.21759100536386322,0.8393530875919062,0.10116969912236648
2024-01-25,0.28174503549383295,0.16215617694507442,0.21737036930362652,0.8380738696721168,0.10158891205896141
2024-01-26,0.28395591937024306,0.16533750283207324,0.21366685756155795,0.8407389424413139,0.10145094345443013
2024-01-29,0.2964271854094828,0.16534124342168124,0.20341574610589433,0.8622741523507413,0.09657983353939244
2024-01-30,0.2927158803983903,0.16634360421328137,0.1904945981360416,0.8520530181812171,0.09671607954633593
2024-01-31,0.3059963613735846,0.16719685429582729,0.1845516995989716,0.8398663465264031,0.1093339496595974
2024-02-01,0.31058233466475305,0.18464113436670823,0.18826607123640196,0.8649395577845832,0.11417878323473196
2024-02-02,0.32226534735500256,0.17996209240691288,0.18451530467033647,0.8496030207055124,0.11635299821032248
2024-02-05,0.30211599721967203,0.17129960491199187,0.15970616400003074,0.8347796300681876,0.10748917304356852
2024-02-06,0.5274605117819914,0.16888207462147567,0.15119716304661743,0.8208384408508181,0.10487869523743823
2024-02-07,0.5443123553452256,0.1675199648710859,0.1509313596182736,0.6996330625536937,0.10665338716012492
2024-02-08,0.5442856712198253,0.19054378047535916,0.14922079102347807,0.7855453216403776,0.10643343254697
2024-02-09,0.5411702815987656,0.19070469156976524,0.14907056702705895,0.7963834591226556,0.10709203355183818
2024-02-12,0.540565706078193,0.19219380427851268,0.14845495927667107,0.8214493869476678,0.10718449432297526
2024-02-13,0.5429302823122573,0.19972922551479774,0.1493862387492735,0.8429218395962004,0.1159784585773508
2024-02-14,0.5294518522270584,0.19430307246253417,0.1377248811253097,0.808488820027232,0.11596361338737073
2024-02-15,0.5224143971043675,0.19852954439266504,0.12396895546637576,0.8125076497591148,0.11337778682731674
2024-02-16,0.5299629695122591,0.19783765070022846,0.13036311692084002,0.807987203821313,0.11433681222385783
2024-02-20,0.5570674881278321,0.19774153606477402,0.14411245024146796,0.8074127910430123,0.11649874126590513
2024-02-21,0.5538392085892474,0.19857590373167525,0.14274219898154866,0.8134220898244509,0.11054185323732846
2024-02-22,0.5927692571174096,0.198900961632287,0.13608734926872723,0.8163558492936503,0.12328921536006167
2024-02-23,0.5990652649120146,0.1995206460704018,0.14521859909539325,0.8183654450412832,0.12274039974726621
2024-02-26,0.5989331413230814,0.19950330660841914,0.1478936516389581,0.8127049692197477,0.12370166771864184
2024-02-27,0.5967435956387609,0.25376917748757805,0.14790538119464774,0.8242414129737267,0.12361197683527077
2024-02-28,0.5962157641836567,0.25945556456717195,0.1459589804506599,0.8288642469105483,0.12301054608409932
2024-02-29,0.5926404537620663,0.25735971112594824,0.14879148679719087,0.8268035379020527,0.12086897977812334
2024-03-01,0.5954850371843592,0.2602000612641893,0.1647289836674892,0.8253264411512123,0.12123194561870539
2024-03-04,0.5946811913855451,0.26023496596891144,0.16511297763438118,0.7405642441619197,0.11805146192911593
2024-03-05,0.5962079575259249,0.26054338417832,0.167542980574308,0.7462483408408603,0.12311229969778696
2024-03-06,0.5994938168713947,0.2605304667562657,0.17115007577255748,0.7491425917300589,0.1235167371194132
2024-03-07,0.5980579862917899,0.26498199059770217,0.1711960540512815,0.7489102490247588,0.12573458246533684
2024-03-08,0.6066642001516035,0.2896469381890494,0.17190951452921405,0.7436961807159277,0.12736742804776663
2024-03-11,0.6153412859136244,0.28919015169091106,0.17431125500852557,0.7386187865746862,0.12740357538763872
2024-03-12,0.6127228082186555,0.2902936462027805,0.17447217059450024,0.707372771810748,0.12910356688415853
2024-03-13,0.6123641374558259,0.2961166549629129,0.17741799961827245,0.6994295197671803,0.12925697197609323
2024-03-14,0.6135030903673788,0.2954230232709959,0.1789993789339862,0.700002888834787,0.11818916696154164
2024-03-15,0.6192598085561158,0.28472250797987797,0.18097909566325598,0.6578051377636214,0.11625927354369633
2024-03-18,0.6158599140817856,0.28545646974798794,0.18062729147696455,0.6683233641844415,0.11418916393278872
2024-03-19,0.6181569681616406,0.2812035818391877,0.17210502400265676,0.6693665207889632,0.1138023408902986
2024-03-20,0.4423025288133988,0.2835780554858909,0.17412572655928216,0.6585735184327915,0.11556655065928939
2024-03-21,0.4163557876455325,0.28392940398127015,0.17457333887489912,0.6468243125386681,0.11409210590538404
2024-03-22,0.41602273363856135,0.26861779480527437,0.17355805547293338,0.5523676527187281,0.11439138012386978
2024-03-25,0.4152261552470093,0.26812915549068067,0.1770467780153008,0.5383634352533148,0.11436209365893556
2024-03-26,0.4191124505970182,0.2654809196381395,0.17733209079030732,0.5070688266941957,0.11488717524295915
2024-03-27,0.41377559539332615,0.2570127680946075,0.17930092353691124,0.4606730784911725,0.10712452078547625
2024-03-28,0.4102646413766086,0.2567474724287952,0.19843566541631175,0.4158682830653758,0.1049006464542775
2024-04-01,0.40918558993629883,0.2612654501561209,0.2038671809313022,0.427976683146061,0.10413495608570078
2024-04-02,0.4071940111673707,0.26111186485876925,0.19881470383489558,0.5819929871603856,0.10499472597522365
2024-04-03,0.3820884670048203,0.26243517740337535,0.19367349607189374,0.6366996673841853,0.10296241557326824
2024-04-04,0.3874716045412547,0.28208414127313997,0.19342652869876376,0.6279758895102417,0.11060726507171988
2024-04-05,0.3038881743350088,0.2832411251216372,0.1923379536226766,0.6251765694170717,0.09777796456051636
2024-04-08,0.2998866249958183,0.28332664768343696,0.1828759979460344,0.6234977157302912,0.09777979559382023
2024-04-09,0.3005844624433562,0.2870280615212978,0.18611471016578232,0.592296636200583,0.09685210453999772
2024-04-10,0.30066896311443875,0.24246028666285815,0.18639233048617107,0.5846704222074804,0.1016094613950107
2024-04-11,0.3060474110527954,0.23666973127411225,0.1862184089369602,0.5798635535347003,0.10315919336349813
2024-04-12,0.3076289570558601,0.2410087087958313,0.19083994927102207,0.579754041708363,0.11099998894048105
2024-04-15,0.3001313817214868,0.2514126254593328,0.1653652230717865,0.585123405617255,0.1135475422545657
2024-04-16,0.2966093728771994,0.25135706579844813,0.16758235156571616,0.5831790157881832,0.1135960841908203
2024-04-17,0.3062789904482734,0.25109274791201375,0.16940039695107134,0.5787206586086101,0.1112344613313161
2024-04-18,0.2803235246447863,0.2493679913511003,0.1615275354889552,0.5774785695334641,0.11007525838064044
2024-04-19,0.3074747473771183,0.2438651870914928,0.16278272846337744,0.5775624420469501,0.10768862392278145
2024-04-22,0.3292003126469413,0.2160375636284904,0.1626972985317313,0.5823137813221885,0.11031672045329607
2024-04-23,0.3361751554454861,0.2175173942523118,0.16585305179338208,0.5813679468822565,0.11684798361476889
2024-04-24,0.32777088524909054,0.21830446689049698,0.16362243170949584,0.5788142016141824,0.11215311817869823
2024-04-25,0.3350781779476572,0.2087541171112909,0.16276766786139613,0.5766757268912082,0.11259142265673684
2024-04-26,0.3569327048047617,0.2084156247247341,0.16255284474577966,0.5821972461722476,0.116668665914789
2024-04-29,0.35445548381123476,0.2040933913458584,0.16460589599952968,0.5878503629335867,0.11544395139556947
2024-04-30,0.35839727091409107,0.23580283520896547,0.17611787061533954,0.5829119952761062,0.12262138350501249
2024-05-01,0.35927713085195956,0.23598690687921572,0.20687031476860646,0.5881941565006567,0.12135391850374128
2024-05-02,0.3579134630667673,0.23939984156531555,0.20753785861651347,0.591146530347465,0.12178388775721187
2024-05-03,0.3639734344099264,0.2393940939715484,0.20837053632214303,0.6009301369459742,0.12727997592052462
2024-05-06,0.39076229093141507,0.24268305782732738,0.2140156193558463,0.6020600360476734,0.13100391400025488
2024-05-07,0.4413066443882758,0.24319169799918497,0.21593325940284536,0.6117047615415303,0.13090627239999875
2024-05-08,0.43939292819458114,0.24270283291842407,0.21822369692268725,0.61296536353348,0.13066360382036588
2024-05-09,0.4404765052058673,0.25128784028435613,0.21749859055204274,0.6183080000966662,0.12919865835258562
2024-05-10,0.43734867411834427,0.2552063633220712,0.20239585172794872,0.6274110920181973,0.12926090675655236
2024-05-13,0.4390147463839342,0.25572958648388655,0.19660986574774525,0.611259312276275,0.12921079779979927
2024-05-14,0.4447630980072982,0.2597647800977533,0.1995966225667275,0.532302605256502,0.12842740706582648
2024-05-15,0.4479354236473571,0.2555287580331592,0.2043929015869425,0.5110146736635162,0.13295452233992094
2024-05-16,0.4416236081338069,0.23956477695044315,0.2084040546086329,1.0784503293997563,0.12741001371363245
2024-05-17,0.43996669638805813,0.23434583377857185,0.20738180757928817,1.0819034920959225,0.12414663945253933
2024-05-20,0.4406467023983376,0.23366981602156076,0.20829225471609433,1.1072545050087248,0.12414445585273942
2024-05-21,0.4408008542221823,0.23056373093390636,0.20522290353492173,1.1244017950486007,0.12426464241076413
2024-05-22,0.44052721365536235,0.23383258073599814,0.2052492562954971,1.1117837225257279,0.12080126694296842
2024-05-23,0.4482615279947655,0.2323600337804278,0.20437109817483073,1.1406711947765202,0.12173988932545685
2024-05-24,0.4425452900177625,0.2356879605225102,0.1992796503787368,1.148056598041114,0.11530293478735118
2024-05-28,0.4347186794258282,0.220878459882194,0.2016326856041667,1.1491501913314055,0.10752202539287835
2024-05-29,0.4350921097261903,0.23013991141510948,0.19802702378703058,1.4334698780111081,0.11003913729820175
2024-05-30,0.4233840688759835,0.23160330091240078,0.19738115543229706,1.4390853944346407,0.11046682313131283
2024-05-31,0.42653060980492,0.23218122767662852,0.19838395062573663,1.4425403796027767,0.11179920125793283
2024-06-03,0.4506457460356931,0.23862219824495884,0.1932983976835332,1.4394523704602062,0.10757591265845019
2024-06-04,0.44411999456926243,0.24096926888170647,0.19333300728992672,1.4405134010854113,0.10580325421751202
2024-06-05,0.44691489542365914,0.23964496704271793,0.19259826030231736,1.439090384793365,0.10524516797690599
2024-06-06,0.44223356204672354,0.23860041151322273,0.1910484734373441,1.4358280752995154,0.10514567923251059
2024-06-07,0.4438110012436104,0.24818206434090925,0.18749990146152565,1.4456134746177274,0.10404785915447512
2024-06-10,0.42862103158899034,0.25776330923368684,0.1874455297626969,1.4477046830540268,0.10133747918809285
2024-06-11,0.4286185149578903,0.2613799531405806,0.18687236119949374,1.4549581773416587,0.1012197980337903
2024-06-12,0.42211300447824635,0.23338540552533274,0.1816336945924874,1.4451785061360696,0.08821777011174214
2024-06-13,0.4174251481307571,0.23359106873696314,0.15166134287010608,1.4481258203423033,0.08652953845602278
2024-06-14,0.4153926216762476,0.23821911612166646,0.1487045405950104,1.4524053545845372,0.08436264196763416
2024-06-17,0.4147913104390919,0.23999124127730914,0.15161963368826598,1.4559791840319538,0.08067871838732354
2024-06-18,0.3996640439856755,0.2520706556163579,0.15220845663059926,1.4552363540202635,0.07722841706104722
2024-06-20,0.3389584513477801,0.2513893272440353,0.14750562816125926,1.4452703325549294,0.07846338281396643
2024-06-21,0.3553525231229265,0.2528349115328634,0.14003046352136278,1.4562101234427753,0.07918163515100564
2024-06-24,0.3582971608770029,0.24344491685899866,0.1401448085317254,1.4610495706558608,0.07931664185694776
2024-06-25,0.3583683024233441,0.24413468843145641,0.1314606724844719,1.4451941478988521,0.07967287270313174
2024-06-26,0.36223133146776365,0.23965120878454801,0.13177684713030863,1.443141327534432,0.07955144570306871
2024-06-27,0.358882254457781,0.23385617588983582,0.130114958307448,1.4275811349495788,0.07901443052819004
2024-06-28,0.35777149881050735,0.24021556824953702,0.12207323669892238,1.410207606830278,0.07377374642166444
2024-07-01,0.3577964188738792,0.24127609845897324,0.11231119290719188,1.1228121494297825,0.07332694259837146
2024-07-02,0.3572646449726554,0.23338327738374806,0.11812308214437478,1.1169537617496899,0.07493121355504218
2024-07-03,0.3588722594103476,0.23440810072154458,0.13010349889873227,1.0923076153161069,0.07548791106470844
2024-07-05,0.354995354866833,0.23260250910960822,0.13083619679974312,1.0857947872836262,0.07655258372432153
2024-07-08,0.35304462589127616,0.22798403604389714,0.13068161866975267,1.0814146604197965,0.0754047555466644
2024-07-09,0.3462455114268979,0.2275351296849714,0.1354826970040756,1.0466247380721656,0.07032265915627835
2024-07-10,0.3498994471103864,0.2414497943071322,0.1328635825650472,1.040953795073895,0.07245442376479122
2024-07-11,0.36349644040144957,0.2410146476946539,0.13714958469342764,1.0247659589841909,0.0786950865922524
2024-07-12,0.36244781517172386,0.23435918754352034,0.13610426436439352,0.5186436819300595,0.0751040672646682
2024-07-15,0.36241554000135484,0.23434774744859746,0.1366680081674764,0.5126910191882433,0.07020674691426695
2024-07-16,0.3564880366270562,0.23919656910868156,0.1378527432649417,0.5116476832803768,0.0684172781061407
2024-07-17,0.3102793591025354,0.27567917105467166,0.1484890466356564,0.5243601406560428,0.0832643883019369
2024-07-18,0.30940083093938053,0.27448000549074597,0.18693617189792344,0.5605364353101099,0.08763903815732246
2024-07-19,0.3050416007676059,0.2721404448187353,0.1869155445114234,0.5587846806653681,0.08514582587223288
2024-07-22,0.3100936419181652,0.27312730088329074,0.1879015335254328,0.5576421425492956,0.08927005674621184
2024-07-23,0.30853738506722034,0.2671352887681358,0.18989797536145825,0.5543945856546348,0.08937073765157856
2024-07-24,0.3627777329789449,0.27428222918919387,0.19968872368942647,0.5708699776820536,0.11340164301929334
2024-07-25,0.36664712942913563,0.27729440635489033,0.20667998054070277,0.6295477845807367,0.11437162273375637
2024-07-26,0.3641811151457847,0.2780747611312348,0.20664999168585046,0.6585722774945417,0.11643764232657047
2024-07-29,0.36542870075345524,0.2766877956259175,0.20018737805267825,0.6604542963935094,0.11635106437820164
2024-07-30,0.3925197261069676,0.27137105655641514,0.20158765782558463,0.677997727998493,0.11742800290219194
2024-07-31,0.43996075937371254,0.31296424162258407,0.2095864841236263,0.6936973496049295,0.12398071842432627
2024-08-01,0.46018224534593516,0.3405724495836789,0.2351436225085661,0.6977810783083312,0.13017944954227983
2024-08-02,0.4812553929896051,0.36438045411694653,0.24027964028307236,0.7251155642860961,0.1402108639423731
2024-08-05,0.4908189378044946,0.3648346886487101,0.24534176314614117,0.7192496729274185,0.16395575621479017
2024-08-06,0.5202013486794728,0.3891857917006665,0.24464403653417835,0.71998541031424,0.1673267826840787
2024-08-07,0.5165213763144908,0.3853403532802426,0.2449245766187842,0.7223696752015946,0.1673185719581428
2024-08-08,0.5775447571692942,0.39543471582525674,0.306032705796088,0.7572382754706969,0.1821702979418069
2024-08-09,0.5783687886193726,0.3985086025908805,0.31545876808008594,0.7604273563906795,0.1826551586249612
2024-08-12,0.5825515032186664,0.3958801014253449,0.31546237768231083,0.7716719631539753,0.18244997470721241
2024-08-13,0.5903486121330129,0.39400465216579333,0.31518770061988466,0.7401087305071112,0.18903053348082866
2024-08-14,0.5910209519038124,0.3942733042593376,0.3164906114107451,0.7423425413951289,0.1882680498828846
2024-08-15,0.5977350432994932,0.39609029374235705,0.3131834648350081,1.1465521781984342,0.1945146314846532
2024-08-16,0.6062194583035342,0.39613594586116485,0.3118715776071258,1.141500607455041,0.19383325737964163
2024-08-19,0.606635454109186,0.3991532156868398,0.3346298518482034,1.214071480551171,0.19580196121458823
2024-08-20,0.6068446920602405,0.3991904085185312,0.3332361139847915,1.264416458784304,0.195871153370157
2024-08-21,0.6029787863281819,0.38422270021296584,0.3317357285447663,1.263826554668373,0.19411720675000874
2024-08-22,0.6029318701305572,0.384908423454974,0.33024539037667283,1.280431902249375,0.19393837165220154
2024-08-23,0.603202027505562,0.39216563727895337,0.33020918814533606,1.2752613926453995,0.19566997726028426
2024-08-26,0.6054012227053804,0.3914732825698679,0.3295183016643172,1.2772951538956234,0.19562893597965647
2024-08-27,0.6054282916188832,0.3893216332914455,0.3294569714144391,1.3138495034552053,0.19494306774367826
2024-08-28,0.5902481091806218,0.3652056245552221,0.3273178969545211,1.3245825582110378,0.19128119909683253
2024-08-29,0.5932878510524058,0.36496456566965063,0.30767405371855666,1.3066336953816016,0.18989170777617032
2024-08-30,0.5899485937628811,0.3662811654342955,0.3094471303127948,1.307960625617113,0.1903967801734715
2024-09-03,0.6213646861227252,0.40396138222581246,0.31472309451941227,1.3109106999390396,0.19774678912804286
2024-09-04,0.6215060474368336,0.4039711200142767,0.31379315507162114,1.3225342235785509,0.1978180823336089
2024-09-05,0.5931585044528347,0.39202197191298255,0.31651653508363387,1.352647017074313,0.1858645910955989
2024-09-06,0.6014323961064605,0.39086550280473314,0.3149742230494868,1.3342256069773657,0.19186513919656048
2024-09-09,0.6300806681984304,0.3881614919826135,0.313926616716313,1.319675277642843,0.19188434339278207
2024-09-10,0.62860248923426,0.39068313835992957,0.31689610830279347,1.3187540206182975,0.1922174734113041
2024-09-11,0.6192455699844056,0.4013561309075973,0.31786123314108955,1.3218907169320537,0.19356348054789382
2024-09-12,0.5875587675491823,0.37200444675690336,0.30476958114807307,1.3052492933097453,0.18983824004420038
2024-09-13,0.5623388658031468,0.32948876936787164,0.28666303712281066,1.3219372605814457,0.18539238186190304
2024-09-16,0.53243720400412,0.2934035554321808,0.28100782471124797,1.3023939782723628,0.1759418579160793
2024-09-17,0.5073862646783539,0.2901854190734832,0.27403011847721753,1.312172539717545,0.14784744373191624
2024-09-18,0.48778933924713386,0.2679041787343401,0.274939267937095,1.3123776018067999,0.14730987107684979
2024-09-19,0.48427058373388826,0.27593344460355473,0.27366334921463037,1.3098393898823535,0.15071299258220708
2024-09-20,0.4296101832310032,0.38579685821641085,0.21513976111757727,1.2955059446008543,0.13880955237611992
2024-09-23,0.42928864610365103,0.38663849730263894,0.20323579735890726,1.293641319611631,0.13869756508317657
2024-09-24,0.4265775697649889,0.38538596226447125,0.2036430511085696,1.2885779357824474,0.13859247416044057
2024-09-25,0.41922930080415943,0.38648259177779676,0.203297071590123,1.290712977361708,0.13242590044754435
2024-09-26,0.41890713985933326,0.388355435371074,0.20377187250703402,1.290569817368324,0.13251603050101607
2024-09-27,0.4148642978857719,0.38718552882475327,0.21003626008868817,0.9571578863837213,0.12453011017309443
2024-09-30,0.4022507632562102,0.38618357914872947,0.20841945266018821,0.9456559199609907,0.12483848560181758
2024-10-01,0.4033338396110305,0.3864386607098762,0.16727152256597014,0.8293521978510768,0.12595809932520594
2024-10-02,0.4080471997413879,0.3846513660698694,0.16292469323657785,0.785084721297663,0.1257761553790411
2024-10-03,0.4189839930697347,0.38781565701714343,0.16166275586631548,0.7746847829063823,0.1257159511517168
2024-10-04,0.4100530293300645,0.387221576611531,0.16388005886334778,0.8094581188410879,0.12537974646567204
2024-10-07,0.40873403165659716,0.3873763219272244,0.16386179420656385,0.8140585068470212,0.12523113510619802
2024-10-08,0.41943469543659756,0.3873654748510753,0.17159911111601742,0.8188819592299683,0.1275542666007578
2024-10-09,0.420201579343107,0.3953935906724813,0.17131385505970056,0.7827572444530057,0.12871900060726804
2024-10-10,0.4149619392182711,0.3898636410407286,0.16871421079750826,0.7631523588370029,0.12739920329067272
2024-10-11,0.4082010492776361,0.3893448706696217,0.1763045569771517,0.7647576321270249,0.12809640299146088
2024-10-14,0.4088652166028501,0.38915138424617085,0.17034984711892545,0.7673754243195071,0.12747584185139302
2024-10-15,0.3584109677311704,0.34186628166547456,0.16375649579808674,0.7682143596118848,0.11339419143033229
2024-10-16,0.3580945360360071,0.3545710245823036,0.17014976620337072,0.837174514578611,0.11287550648170641
2024-10-17,0.3569755598666557,0.35250037348378044,0.15607384179382344,0.7875383440543965,0.11223163896790955
2024-10-18,0.32953452264340694,0.3436490381210329,0.15253694465822246,0.7563934586687185,0.0972437297721006
2024-10-21,0.27976772306179876,0.3432786896835506,0.15204526430175358,0.7555328026605381,0.09455689284552415
2024-10-22,0.28250054070707403,0.3503634918120454,0.14624480405187165,0.7560166830608351,0.09479071702139788
2024-10-23,0.2602196990013511,0.35104167252923046,0.1614253051636212,0.7452184561285347,0.0970468225567073
2024-10-24,0.26016730421610074,0.35111834907316497,0.1640323791029602,0.7458797602180934,0.09474156278738688
2024-10-25,0.2591871370393474,0.3523990392166168,0.1620041155422694,0.6931755552076865,0.09408729676897723
2024-10-28,0.2541025752114601,0.35185715968042,0.16026661149064728,0.694613283288092,0.09426083696725115
2024-10-29,0.2540490116876362,0.35315472397068115,0.15993878880602685,0.6778348298745949,0.09424389195596959
2024-10-30,0.2647492641799306,0.3551066590834747,0.16934078603254882,0.7034094390934434,0.09414977477315808
2024-10-31,0.2921926212974497,0.3508131224269436,0.16176958903287542,0.7151261926040668,0.09984999009650836
2024-11-01,0.29251371396295456,0.2191621573840552,0.1615061753632678,0.7172552425241909,0.10045450275082274
2024-11-04,0.29330259748430815,0.2586771471027312,0.16151930775878112,0.7181030656977622,0.10044167355793654
2024-11-05,0.40053355186099776,0.26400600210335046,0.16215771536060802,0.7188113216711383,0.10603642154372102
2024-11-06,0.43295389574552284,0.26162833880011427,0.1619385100455608,0.7133018679348889,0.12738204088479108
2024-11-07,0.4448404462967598,0.27501690456198913,0.17026574318825444,0.7133933894390561,0.12856647880408179
2024-11-08,0.4370579120692808,0.2753766006485678,0.18509804247165856,0.6645315243245742,0.12860569093787394
2024-11-11,0.44042839752717167,0.27612194768419823,0.18842029089192136,0.7316958970817744,0.12834445082074344
2024-11-12,0.4323720592735012,0.27303722642283773,0.18994439235019464,0.7024158957684679,0.1249865702459564
2024-11-13,0.43221075729118225,0.27809294300108867,0.19019057343477797,0.925666655645172,0.12495566043855244
2024-11-14,0.43030014974618913,0.2697403991398736,0.2137106276036748,0.9384997465772549,0.12671619709855161
2024-11-15,0.429675055869581,0.2599471643043922,0.263357903016541,0.9103929313951394,0.1311697405971337
2024-11-18,0.4399997302589018,0.27098480356904725,0.26741477613383763,0.9054287462693096,0.12815460112588997
2024-11-19,0.4501981692635558,0.27905890869322036,0.26158450495061353,0.8988380857380099,0.1259894775818921
2024-11-20,0.4521201065595022,0.2705012311939709,0.2702012627437914,0.9136662467580747,0.12478450343654357
2024-11-21,0.45202810697409807,0.3025338486765904,0.2699565201903345,0.9253224341610639,0.12514419724014936
2024-11-22,0.4505002540688187,0.3049492810798417,0.26486539459169434,0.9227356056143666,0.1244818314004362
2024-11-25,0.46207522357872627,0.31134432603848017,0.26491170845602446,0.9220795031394089,0.12279069454701236
2024-11-26,0.4506828812147585,0.3177063322592702,0.28527070024409934,0.9176283254263536,0.12090498022788027
2024-11-27,0.4536644926885542,0.3051975236304032,0.2805169117699373,0.834818426601856,0.12121519152379587
2024-11-29,0.45545526121677876,0.30749388896425717,0.28010204632945124,0.8340144532390442,0.1218202385048414
2024-12-02,0.4548800947478125,0.31131802743919873,0.2802235282470634,0.8683001604009553,0.1216578245694693
2024-12-03,0.4628671178537635,0.3113245835608597,0.28127613163567305,0.8770378642578549,0.12143006749624842
2024-12-04,0.4640203296895766,0.30862884375337346,0.28674567889142955,0.8775111448995161,0.12219120229236537
2024-12-05,0.4621462369353637,0.3059865305586975,0.27597347033167263,0.8640517268670946,0.11846785225379462
2024-12-06,0.4639492434812562,0.30838246111593726,0.2749172743490667,0.8818144884443532,0.11845836425002805
2024-12-09,0.49155229835991054,0.3432463243775428,0.279562149846577,0.8864556668181756,0.11998743667625976
2024-12-10,0.5017058713086543,0.3476452086563107,0.28034969403758814,0.8995295474973465,0.12052161196911212
2024-12-11,0.5065547624445967,0.35036183255322817,0.2787868835762633,0.9010010188898975,0.12189703700919156
2024-12-12,0.501586485328875,0.3498184314646692,0.2747460339818992,0.8834437265108809,0.12273935737323931
2024-12-13,0.4733852671713526,0.3516768671036463,0.27414266277428984,0.8742038320704567,0.10540616711684048
2024-12-16,0.47477307680901126,0.3501969970045012,0.27515193725389053,0.8775284548663806,0.1053342238867264
2024-12-17,0.48218875905643394,0.320417911391245,0.27633002400868634,0.8751412710584474,0.10619800613983119
2024-12-18,0.41877420950031535,0.3280272716965594,0.29604319930450895,0.9312987494768671,0.13579667198631934
2024-12-19,0.3806626361085073,0.3268907718537358,0.2959522983373779,0.9319623866091067,0.11459523102746957
2024-12-20,0.3813384469801918,0.31376868615211456,0.28971499211757307,0.9318314045542909,0.11717418290171051
2024-12-23,0.382427491397049,0.31438036592546725,0.2839645405368793,0.9321991288046584,0.11836005163237291
2024-12-24,0.38102948168924317,0.31323891817458793,0.2828439969523482,0.8874466789725902,0.12207700569416896
2024-12-26,0.3813459210351554,0.3132556907632232,0.28285092562885616,0.8951668613770967,0.1216862156504396
2024-12-27,0.39143312682674714,0.30830756241794843,0.2844428448531934,0.6800871932407826,0.12560498354146693
2024-12-30,0.3907565773354808,0.3084891899346505,0.26952954488468234,0.6676166031880816,0.1284413323162375
2024-12-31,0.3930808135813949,0.3082317912441789,0.21877290465399196,0.6761964561253904,0.12324805419479602
2025-01-02,0.3917323264383233,0.3223662980633945,0.21522454127406246,0.6674264284431423,0.12288504288847617
2025-01-03,0.38894992749041835,0.32157156680843074,0.2154202902166179,0.7564760320423681,0.128140633851139
2025-01-06,0.39385466439928213,0.3316790595917306,0.2099133528784679,0.7331020855426557,0.1291583789261434
2025-01-07,0.43170929635943084,0.3120506022368157,0.21441974343656223,0.722527881941961,0.132678346648285
2025-01-08,0.43617667939280746,0.31312339085089674,0.21791047590444762,0.7249106141485424,0.13234915179599235
2025-01-10,0.43520934963621466,0.371076753777743,0.2183436213165768,0.7242701330749992,0.1388555730051956
2025-01-13,0.43449185334270546,0.36670885314464163,0.19484156155995064,0.7656486488516495,0.13768337908324646
2025-01-14,0.43346860852239794,0.37400798640617183,0.21340533513586107,0.7658533666273911,0.13765877620712794
2025-01-15,0.4419118211139017,0.3759724442997449,0.21309756165240779,0.7648935253060563,0.1474675490199074
2025-01-16,0.44124325322007407,0.3790426498176981,0.21737675288764582,0.73913250387024,0.1471884422096122
2025-01-17,0.4381123934994635,0.3804664624365563,0.23305257095787665,0.7356350015226572,0.15006698920886175
2025-01-21,0.4417199547953965,0.3816051810031987,0.2383862838522976,0.9488422233542083,0.15133199356246665
2025-01-22,0.46283000180321304,0.3802168124074452,0.24194853881041517,0.9581955227739836,0.15216712152133002
2025-01-23,0.4590472369390134,0.38078526745981295,0.2435487768216964,0.9370621835861627,0.15288773286872206
2025-01-24,0.4480078658079721,0.3482973283947566,0.2406213071731805,0.935775033357249,0.152336921526593
2025-01-27,0.5921726307867724,0.5227736406524641,0.2418563598409691,0.9377927392820202,0.15763490752325438
2025-01-28,0.608692882421191,0.5220731461404329,0.24170489631583533,0.938571858059074,0.15798912337454318
2025-01-29,0.6087135220853344,0.5267985773432549,0.23981055746582608,0.9549775778076117,0.15778742824104167
2025-01-30,0.61186888766094,0.5281397419075459,0.2443338728851085,0.9467873177651105,0.1585051324309677
2025-01-31,0.6118988853322884,0.5340722921923241,0.2444932770014199,0.9554603135730574,0.1588853548259045
2025-02-03,0.6095573962021335,0.5322321398852974,0.24338548987286468,0.9554446434160235,0.15955987732159468
2025-02-04,0.650181278576414,0.5251751537120213,0.21632692553407284,0.9187787126516141,0.13451494482278667
2025-02-05,0.651038135788999,0.5255408923848001,0.21795365973735814,0.9220943893899987,0.13474081404721885
2025-02-06,0.6795381685833219,0.5357542851099222,0.2216637873704815,0.9220356778113925,0.13150122607891385
2025-02-07,0.6804110796209178,0.5357000114316072,0.21193462359275397,0.9230897323145747,0.1336035872026257
2025-02-10,0.6816140167104323,0.53801560305636,0.21316317260261705,1.0074905253937902,0.1318719887420977
2025-02-11,0.6909398931291298,0.5408814892301371,0.21429041494085915,1.0301340118442277,0.1318835608480019
2025-02-12,0.6848286835328481,0.5438322864767001,0.22513446877758342,1.0173932553990028,0.12848260993604277
2025-02-13,0.6827131248013718,0.5440336403743024,0.22269145093198714,1.0177597538445764,0.12679025513756922
2025-02-14,0.6806591201835267,0.544063173906987,0.22642789969605728,1.011582640520503,0.12587100398820142
2025-02-18,0.7200323714979501,0.533670654199834,0.2249946833816118,1.016373564444298,0.12540235269142505
2025-02-19,0.7180331603536454,0.5315606987362506,0.22797875323499686,0.9565183446075758,0.12073250870943206
2025-02-20,0.713777400248424,0.5257351079058243,0.22921105653220816,0.9570033204560279,0.12088529214114445
2025-02-21,0.6926292097286639,0.5448428286401722,0.22844668275197816,0.9813983749201349,0.126905005864645
2025-02-24,0.7076657830768003,0.5475642562523116,0.22528163893515887,0.9819701671779533,0.1278386105797594
2025-02-25,0.7083605107463542,0.506028291513855,0.22645412921446598,1.018725556154057,0.12013765297719341
2025-02-26,0.7070521600941198,0.5056248962812058,0.26629279710176185,0.9932549198643981,0.12012951694546262
2025-02-27,0.7275720749493283,0.5031761543069211,0.24963442259751012,1.007512621997628,0.1296354371289402
2025-02-28,0.7235494937920633,0.5018636636375059,0.24929531171588226,1.0062372269498305,0.1265080753201327
2025-03-03,0.7302843500742613,0.5180442337033135,0.249110783448077,1.028227878369719,0.13609220448733303
2025-03-04,0.7253270330456907,0.51540236298909,0.23345921489582178,1.0439179818203175,0.1367167975987867
2025-03-05,0.7242515790468406,0.5116544834907385,0.2268245769941316,0.9284049138385414,0.13822375430516148
2025-03-06,0.7444550584999355,0.5199928692245984,0.22869868980638242,0.9419918077866976,0.1451854363575556
2025-03-07,0.7581954234794728,0.5180128483870605,0.22911386825674965,0.9404008424850983,0.1451198833725329
2025-03-10,0.7618330725249443,0.5233833937735478,0.2333252378793484,0.9935803404921424,0.16166894397501563
2025-03-11,0.649338736620645,0.3811683330470597,0.2387671755833824,0.9856899608796286,0.15903464087866032
2025-03-12,0.6354149374282577,0.3857932840000605,0.23923520715577623,0.9843568198236232,0.1572633543663494
2025-03-13,0.6479291407470337,0.37581121227705216,0.2415686483117106,0.9781560610096561,0.1601156205366442
2025-03-14,0.6783338317643708,0.377974383712691,0.24160918445383522,1.0011334804584837,0.17250057356168502
2025-03-17,0.6784143728003411,0.3788960927128996,0.26059156790912774,0.9836970037368991,0.1746330039789059
2025-03-18,0.6800308077568874,0.37880055042348926,0.2632863059425738,0.997921670549417,0.1759315232458434
2025-03-19,0.638155600010083,0.38285164120143134,0.26696126760722827,0.9896253601537105,0.1779366639616236
2025-03-20,0.6363236094416518,0.38259354068066737,0.26471455689335555,0.9853462815511912,0.1770176233217942
2025-03-21,0.5900159421946645,0.37482569436322993,0.25931510342316877,0.9850297968608498,0.1763392015919653
2025-03-24,0.6071212606542203,0.3854080257133794,0.27308119228819216,1.0330874342835534,0.1838509708600517
2025-03-25,0.6053135876365255,0.3791077626726659,0.27415291024859884,0.9350020588336507,0.18245002662096552
2025-03-26,0.6061615095167002,0.3817249482326671,0.28013828054367534,0.9133625352558961,0.1846354786901616
2025-03-27,0.6089094156019818,0.3848067845790935,0.2636436178288409,0.9225737882604873,0.1846062883805036
2025-03-28,0.6195928690330739,0.3855622773685517,0.2636302238430317,0.905260811590779,0.18787849142900537
2025-03-31,0.6186685163770048,0.38538970034595765,0.26247212620932653,0.9045334509283081,0.1895170783819357
2025-04-01,0.5525786880828795,0.3835871519265008,0.26118032091636595,0.9037805802562389,0.18973324172341313
2025-04-02,0.5501661462826286,0.3919242042306883,0.2614711851264796,0.916742926231176,0.19086330250398942
2025-04-03,0.659266504769125,0.4361537027636308,0.2674220949383125,0.9269457370151688,0.2314168057567362
2025-04-04,0.7278132600760877,0.48275341207926414,0.30710353229307263,0.9245784273225628,0.277275657514931
2025-04-07,0.7364332527897086,0.4868570824862967,0.3068316822221351,0.9496281374664294,0.27729039363438585
2025-04-08,0.7338562232880236,0.4891799635939778,0.3045745775722159,0.9195822447759453,0.27860393202450845
2025-04-09,0.9199447325920425,0.5832212183914479,0.31376228227055253,1.077883668404251,0.3987654005059761
2025-04-10,0.9451740843397832,0.5846324514267072,0.33484488764753223,1.073622469717961,0.4074110966889519
2025-04-11,0.943847659427103,0.5926522270272935,0.33795230024428463,1.068194077127957,0.40828356220637774
2025-04-14,0.9446793080608443,0.5691334563774527,0.345956582296664,1.0486068577039422,0.40776792081591384
2025-04-15,0.9464099937568635,0.5693638112774241,0.34579189632857854,1.040611700016813,0.4067150826302136
2025-04-16,0.9507057465802277,0.5693543428176155,0.34251803177065426,0.9727840986577054,0.40876080345395527
2025-04-17,0.9269900207145747,0.5564613048342303,0.4053112746861117,0.9569063364080547,0.40640500608319835
2025-04-21,0.9225107837144602,0.5723371270952655,0.40607360180639557,0.9819603277424513,0.41034581633539396
2025-04-22,0.9200912373170907,0.5693314313355905,0.4079864623735159,0.9356957645092973,0.41242248162255424
2025-04-23,0.9321018927653133,0.5730076364852912,0.4018544291728332,0.9514334271559907,0.41505726415002625
2025-04-24,0.9450949402665283,0.577426606967276,0.40747891931272917,0.9765562005306628,0.41959970714662026
2025-04-25,0.941444442630254,0.5738558809089657,0.4050035987106681,0.9640347365579074,0.41837437895151663
2025-04-28,0.9158785774941539,0.5715548512249718,0.4043041099275176,0.9420331834473255,0.41399995179279164
2025-04-29,0.9154252909052109,0.5701910277563099,0.39445227553924617,0.9430635874105295,0.41376397339459176
2025-04-30,0.9135008464735035,0.5712854111368765,0.3929543475466799,0.9287737620788085,0.41263077596739595
2025-05-01,0.9126350290193312,0.572249783502725,0.44587434269964693,0.9284747951574527,0.4119947694528639
2025-05-02,0.9228440263332501,0.5764765269974288,0.4500839473841843,0.9606487345486654,0.4140315506467176
2025-05-05,0.9228495707799631,0.5765301737075414,0.45037350199376985,0.9679477373961172,0.41436143471467335
2025-05-06,0.91814294484099,0.5851345941161381,0.452698150435821,0.9211865934265291,0.4118079789838508
2025-05-07,0.9199190106611781,0.5830599466691819,0.4568887839756629,0.920477774591481,0.4119877620492034
2025-05-08,0.9194544175142045,0.5776638543457584,0.4534923016563448,0.9119285453209776,0.41109710377312003
2025-05-09,0.9167075897772596,0.5707247770938537,0.45714136894178525,0.9080831632257466,0.4110317731981865
2025-05-12,0.9242753694977501,0.5683629159310751,0.466174587132631,0.9107576568316624,0.41731194372663394
2025-05-13,0.9276295009814404,0.5679685304554155,0.46683729932061363,0.8967688648059793,0.4173558000884527
2025-05-14,0.928153639669632,0.5677373369163695,0.4750174528426328,0.9018216123243731,0.4173277487095604
2025-05-15,0.9305406295237515,0.5683384576416155,0.4759721359991512,0.8962716692174907,0.41724307785645726
2025-05-16,0.8350728740010909,0.5197522580290721,0.47430903645365496,0.8749874915323818,0.39001919805493007
2025-05-19,0.7479140551751902,0.421353999160159,0.44332446015911053,0.845240069915028,0.3438069964423147
2025-05-20,0.7430270553141683,0.4210404945874601,0.44167349669648026,0.8296959259987683,0.3436480428696088
2025-05-21,0.7492485783986601,0.42679290982393,0.44007129450866056,0.8327279509125967,0.34472749851336765
2025-05-22,0.5472796468786294,0.3162890442666821,0.4241913010642498,0.6288826309609191,0.2248035870284658
2025-05-23,0.4631239337457785,0.3066947028929819,0.4013515756713206,0.6144346676210117,0.19851164096946192
2025-05-27,0.4646107392252533,0.30068287005020894,0.4036432021033963,0.651700894246146,0.20051188313645968
2025-05-28,0.46389330452427113,0.30110080966384095,0.4000827544448743,0.6461487688416181,0.2012307163892748
2025-05-29,0.46298739910736114,0.309140486369516,0.4007826376007624,0.6572077647037381,0.2004956215829882
2025-05-30,0.4365095681500429,0.3074046362857539,0.398345488602505,0.6493331274696004,0.18634012406265446
2025-06-02,0.43236319091615155,0.307809978342298,0.3452131739982382,0.6498612527667169,0.18626621131907103
2025-06-03,0.4022843754670427,0.25700900910221713,0.3424530260615964,0.592049763197573,0.16649917213652224
2025-06-04,0.40043940835388686,0.2646614896094295,0.33834330594032813,0.6187360401286525,0.15573503900448774
2025-06-05,0.4016993114445501,0.26326340332819925,0.3389888097674078,0.6047811904284367,0.15353491702883207
2025-06-06,0.373685402498055,0.2518348828316408,0.33399867792408805,0.5861813562251392,0.14580454015961744
2025-06-09,0.37430531110832516,0.25322109551586974,0.3340809995140676,0.6115512146917003,0.14534586904839622
2025-06-10,0.37268723977601964,0.26641207023923735,0.36365950120449664,0.6228460027532718,0.14539983021633954
2025-06-11,0.37460260742188844,0.2695502205146941,0.36208339049837884,0.618745920732314,0.1460643230406415
2025-06-12,0.37313132056805476,0.26043468571650535,0.3654807784322395,0.6112871571625891,0.1459298618983194
2025-06-13,0.37178865085234625,0.2542514464648862,0.2961142425087608,0.6116552967470433,0.15083807120000203
2025-06-16,0.36116117312663776,0.24945225557508585,0.2903466118052707,0.5865672044067979,0.14817105641436115
2025-06-17,0.36341635181401416,0.2483541870746993,0.2920835298378287,0.5740015425572275,0.14988683189876995
2025-06-18,0.34003764283196974,0.22087124677027917,0.2745665711642511,0.6063275459316153,0.14672091967248366
2025-06-20,0.343174539305925,0.2242181928751725,0.2711746818259943,0.6176994104703816,0.14727417136919532
2025-06-23,0.33262131241797627,0.22480974274467883,0.26811342531939925,0.6555328301783904,0.1486348843913002
2025-06-24,0.33325472384945914,0.23468536735348836,0.2620936608381209,0.6286815480792087,0.15039921787841623
2025-06-25,0.2898601843980817,0.24110210726915507,0.24718408770994663,0.6549224223581128,0.11891494405828752
2025-06-26,0.27052976387923217,0.24984993638135367,0.24523710710659666,0.6665216225923453,0.11947860798181813
2025-06-27,0.2827698051353481,0.2544046598826634,0.22618128476400812,0.673290555604406,0.11988902515664197
2025-06-30,0.2748898363397606,0.24993381101124523,0.22034119465290897,0.682754425874969,0.11991098859753081
2025-07-01,0.2894735872993014,0.2795774364846013,0.21284060940606425,0.700700104473011,0.11917705228141139
2025-07-02,0.28944646477740216,0.27923368434497,0.21462489477084648,0.6856290976517199,0.11948935564873041
2025-07-03,0.2913437282370408,0.2802511598384756,0.2145926278487311,0.6876406080209279,0.12020822185461115
2025-07-07,0.2805821379863021,0.27595971306011663,0.21314829096496427,0.6711218750889352,0.11074249586637296
2025-07-08,0.28141443657945914,0.28798215633147056,0.21336772677718657,0.674413708847907,0.11094752888253666
2025-07-09,0.27993984200923333,0.26200407065219683,0.21768592587634034,0.6810352095628073,0.10811526572342407
2025-07-10,0.2760586580841283,0.2550506266812273,0.21073484174610854,0.6542912448215024,0.09383370689578187
2025-07-11,0.27536591250325015,0.2593935766299303,0.21150494464610967,0.6529049407563582,0.09251450586997123
2025-07-14,0.27711487034618787,0.2613772327898231,0.21083660184979028,0.6437366499278537,0.09236519899570172
2025-07-15,0.27599166808328324,0.26635554108407655,0.22205068656154872,0.6366307190123636,0.09380277892416962
2025-07-16,0.27635119027630994,0.2688327311268421,0.22444363141483167,0.6410266302103899,0.09317584564139271
2025-07-17,0.2683454213145624,0.2684264017559275,0.23112072650665924,0.6639970814029169,0.09329670381800242
2025-07-18,0.2687186992294061,0.27948724461432417,0.22895387730396624,0.6512674760018895,0.093254677373177
2025-07-21,0.24557483490200563,0.30169492409096066,0.22856822567581508,0.6872585764340413,0.09117959262250723
2025-07-22,0.25317364639598355,0.3011038572441185,0.2317102135241684,0.6833533253658911,0.08800061246517277
2025-07-23,0.2503933372588603,0.2994772248599154,0.24517726097093326,0.6691156550436606,0.0901217877756827
2025-07-24,0.25081006472132644,0.2894400426679746,0.1951853280074747,0.6566454980528744,0.08949366866760698
2025-07-25,0.24992582547394082,0.2845021839396168,0.19318184602530714,0.6910908608851702,0.08862910277215806
2025-07-28,0.25029207193022907,0.28406266697622107,0.19033834513818623,0.6973450854366324,0.0887074421293458
2025-07-29,0.24843678780319375,0.28470350574773284,0.20883150006698903,0.7064340241016638,0.08091030157829208
2025-07-30,0.23568241721538163,0.281023624984295,0.2237301993437803,0.6931148346633047,0.0782807381981949
2025-07-31,0.2327760255204608,0.28207284298700136,0.23266795449714503,0.6895386467588831,0.07390643309528029
2025-08-01,0.24786316829122026,0.28530579025941166,0.2774909331735997,0.667860997521307,0.09112323954015822
2025-08-04,0.26126697699921025,0.29428230735376204,0.27347586143679387,0.6574263058252429,0.09850177012330963
2025-08-05,0.2618673351352783,0.29784188213118795,0.2784217356713225,0.6095356625872154,0.09722008569836675
2025-08-06,0.26183530872946403,0.2870513159987004,0.2814653794713188,0.6040948651721288,0.09473028793741581
2025-08-07,0.2566637613226062,0.2833388000275429,0.3569619347778353,0.5978825737211023,0.09487685291908791
2025-08-08,0.2693034888249776,0.27054652492393,0.3573746716894877,0.5710766290292516,0.09472457508275388
2025-08-11,0.2585321623547403,0.26861553757328743,0.357031637551264,0.5661983974678994,0.09459501855707804
2025-08-12,0.27101059246042897,0.26796336863021647,0.35637936890811195,0.5641890387872931,0.09797799004782964
2025-08-13,0.2566879295357408,0.25151835663940647,0.3682573335341828,0.5501038389292066,0.09802015346903924
2025-08-14,0.3097634096226528,0.25134568469745583,0.37309742747246416,0.5510003647434113,0.09768971945090506
2025-08-15,0.3126079838999779,0.24988850020890005,0.37594638600740854,0.5511159365234499,0.09563999271017418
2025-08-18,0.31192334459749593,0.2475584603477037,0.37432644454948966,0.537552019440522,0.09190340045435533
2025-08-19,0.33994849328691645,0.244283448563512,0.37320625751514136,0.5880748045720482,0.0937849446549022
2025-08-20,0.33924062083949735,0.24615542646259256,0.370689677267665,0.5817179489678538,0.09319516590750411
2025-08-21,0.3381240246268483,0.24586680561814145,0.37198116621227884,0.5805145100142995,0.0939301494312128
2025-08-22,0.34337505649046746,0.24139705397023825,0.3718389518250012,0.6009227274820396,0.10230447023670568
2025-08-25,0.3427673419786703,0.23029888404778637,0.3763669891593644,0.5857493081299828,0.10345177584880949
2025-08-26,0.3427613040881825,0.23159069617793526,0.38441543408611417,0.5696241503859941,0.10256250348587596
2025-08-27,0.34312337238943286,0.22837180409699118,0.38055016399926456,0.5643714428549627,0.10242994428528916
2025-08-28,0.34779773830904237,0.23387622378745723,0.3762960917352311,0.5104898247932186,0.10167407294713954
2025-08-29,0.35144170761090127,0.21400203124595318,0.3763991819388519,0.5107887139175377,0.10353761879517595
2025-09-02,0.35540970843499403,0.1886659925776522,0.6094712080921951,0.48951111201190395,0.1062529236637496
2025-09-03,0.35019497202265976,0.1895460080969548,0.6113288272495445,0.5598037296933678,0.10701723375769918
2025-09-04,0.39274657661209755,0.1871536176544691,0.6090882744493448,0.5543950616032828,0.10685435800469004
2025-09-05,0.3948604265885392,0.18953003165303345,0.610091083268215,0.5705879993767443,0.1073436921184398
2025-09-08,0.3956971208029351,0.18904798831095812,0.6101298056575427,0.5514229422723191,0.10704842152062531
2025-09-09,0.39658171527884195,0.18912201517441868,0.6095318929882635,0.5676018208471493,0.1071379735543676
2025-09-10,0.40902217616218506,0.21246285946860102,0.6020692040481012,0.5644853542216443,0.10683920626086045
2025-09-11,0.4154011284520044,0.21096742372848767,0.5935696015347159,0.5601781296797027,0.10865530323068945
2025-09-12,0.41507890833197597,0.21046068814014315,0.5857230604953344,0.5847222149008326,0.10772654696339132
2025-09-15,0.3989658279112788,0.23376227396596339,0.5729335627552417,0.5922579274280616,0.09403365560874503
2025-09-16,0.39230867988803164,0.23336561340956477,0.5727953450307128,0.624653751381402,0.08579808548853514
2025-09-17,0.39379183979981847,0.22858216844178209,0.5715602501608841,0.6257254166943552,0.08409474473530926
2025-09-18,0.4092044630469069,0.2286821979803206,0.5676715792089079,0.6246961360356224,0.08282265745863622
2025-09-19,0.41030792086542495,0.23432100550159535,0.5118362407610405,0.6323826710149368,0.08304336540623572
2025-09-22,0.4038382317844828,0.2375124187155444,0.5101582534532422,0.65625974694054,0.0816947090173684
2025-09-23,0.3997000215701957,0.2374776519237341,0.5106483062235552,0.703714712226991,0.08344525208753158
2025-09-24,0.40474059374586874,0.23853435920155155,0.5109634269504996,0.7160242828792401,0.0798918779554156
2025-09-25,0.4059430301856135,0.22949797604666944,0.5219852473539585,0.7463409429394531,0.08128033010190755
2025-09-26,0.3634049733028408,0.2297175839929495,0.5207812677957647,0.7444663382634154,0.0825725451389242
2025-09-29,0.3785571392142022,0.22909068761266452,0.5221623556854216,0.7439321164728689,0.0821899417475752
2025-09-30,0.37614424303057375,0.2307282416890532,0.5229202970012783,0.7442279112239105,0.08238650887055188
2025-10-01,0.34761360817651527,0.22673723889240735,0.5474473799392805,0.7363436006594288,0.08009848844924855
2025-10-02,0.34258316676675765,0.2238616200863778,0.5450566916602873,0.8132367137150146,0.07911767865463369
2025-10-03,0.34876144077683363,0.22319748810453058,0.546441911560984,0.8194109048397733,0.0774694307674464
2025-10-06,0.35130586262322,0.22325170512616566,0.5464959142508866,0.819984789182949,0.06637823725283958
2025-10-07,0.35232008430201195,0.22328325044931036,0.5382335169701258,0.8100454062008191,0.06590920487984823
2025-10-08,0.35956389060137295,0.22130724488329656,0.5355532073356717,0.8292527638469688,0.06671690159471766
2025-10-09,0.3563693667449278,0.21984825051700524,0.5336651459675779,0.8156144704581926,0.06777428875242922
2025-10-10,0.4339413342352835,0.22379918313682975,0.5396398978680658,0.8342884196934717,0.10588919847976187
2025-10-13,0.4472367761430532,0.23133710248449468,0.5407946986924016,0.8440686433697385,0.11255622883737287
2025-10-14,0.4583752283612641,0.22780414942066954,0.2700595346200242,0.8463306971060177,0.10998545556075529
2025-10-15,0.46311704926197866,0.22866601528042022,0.2649504130533813,0.7754705637020168,0.10978689501654465
2025-10-16,0.43211862719272304,0.2395297036542345,0.26246665849879797,0.7795542588248344,0.10996601599182147
2025-10-17,0.4337645626493825,0.2518169480092666,0.26277174684411303,0.797079003456043,0.11032739075222212
2025-10-20,0.4359830247732104,0.25639281728098473,0.2626501826717428,0.7965730327727842,0.11365083770495829
2025-10-21,0.4366031492736279,0.2657524091567832,0.26453636924282736,0.7856844760528627,0.11366318099539595
2025-10-22,0.438902568437834,0.24855600494558966,0.2636923172935702,0.8390322787885606,0.11494437711209739
2025-10-23,0.4568865241275202,0.25541430319314906,0.2634336757509128,0.8379101130263688,0.11379609837451465
2025-10-24,0.47664295567710413,0.2637399867069534,0.2645291239447819,0.8301269371008997,0.11576724670853666
2025-10-27,0.47589619497733543,0.24296562003377664,0.2630543385056787,0.8332249498694153,0.11944626728017688
2025-10-28,0.47355214179133664,0.2932470509877756,0.26570549204593263,0.8029067100934317,0.11923814639546668
2025-10-29,0.49904758732591414,0.2932627075605687,0.2923421469185557,0.8042596759732246,0.11902568353651315
2025-10-30,0.5043469269103596,0.30277479044668226,0.2945266513402094,0.833500891771872,0.12365446095595446
2025-10-31,0.5036612252616077,0.3027903586451907,0.29453976859277275,0.8303021529785956,0.12330331384719767
2025-11-03,0.5043697569308436,0.30170543354811363,0.2950784057447347,0.8538242695599554,0.12278586450605435
2025-11-04,0.533071778924038,0.3161419529134378,0.29211204518667616,0.8344922149437165,0.1268335964540268
2025-11-05,0.5253966608408311,0.3154950508601093,0.29686063920835454,0.8214918898511734,0.12643912846153305
2025-11-06,0.5204652801022709,0.32424300281813734,0.27527142607088384,0.8482779156206927,0.12979538305439092
2025-11-07,0.5246818230728248,0.32658940887028537,0.2787545408808188,0.8561112234819871,0.12885526362476793
2025-11-10,0.5556955535286425,0.3287059876123867,0.2838981517739922,0.8565721694194884,0.13592218879617327
2025-11-11,0.5642328446191198,0.33057517707579814,0.2831919327731392,0.8587287957782401,0.13573564026313342
2025-11-12,0.5590164302314076,0.3275925504177047,0.22804458946417094,0.8401749580653382,0.13549552142304944
2025-11-13,0.6272177488689316,0.34865307517578586,0.2280023371437954,0.7816132348440065,0.14421207164802202
2025-11-14,0.6253021663888509,0.3485161650287608,0.22127234624639008,0.7676147111961388,0.1442176312000826
2025-11-17,0.6242445294829271,0.34737851917469237,0.22126244634945932,0.7628548021108441,0.14646722089786668
2025-11-18,0.636331511514091,0.347243700089749,0.22170789032658741,0.7518699996247087,0.14800336720114118
2025-11-19,0.6307891155336138,0.3538363659221375,0.21936862747737162,0.7118922995685135,0.1473425037522763
2025-11-20,0.6858297374738476,0.3624597234336093,0.22102046523550134,0.7486432439299321,0.15328741903819149
2025-11-21,0.6454892492621171,0.3637988899904535,0.2097134503884971,0.7499345155587556,0.1351143090952548
2025-11-24,0.6577156445074294,0.3628250918614107,0.20559512148432985,0.7511173994268304,0.13484585223527903
2025-11-25,0.6503345589544415,0.36422824983432833,0.20774269082804023,0.7348830167048446,0.13720131385677747
2025-11-26,0.645116967679162,0.3650591026393495,0.20876113725608383,0.729513241656786,0.13798323158645537
2025-11-28,0.6471982748908681,0.3612627762123516,0.21673241066972732,0.7261428234472556,0.1368283881497925
2025-12-01,0.6490867980322642,0.35327434817388764,0.220442607820804,0.7313831590699463,0.137167490340668
2025-12-02,0.6465683850635967,0.3514504520408899,0.22646984179267976,0.7608601773622706,0.1341179319417513
2025-12-03,0.6465708711144889,0.3457599984084414,0.21577559584678516,0.7960695857084243,0.13437210203157485
2025-12-04,0.6475178210297651,0.35164059486573673,0.2188471905639197,0.8789015443374626,0.13327475568190986
2025-12-05,0.63382804666721,0.35257271899684256,0.21857880718168765,0.8749398079305772,0.13254143235929236
2025-12-08,0.6169097497925904,0.34575622439480796,0.2253044809168394,0.8760942223730062,0.13097568259148212
2025-12-09,0.6167901476097367,0.34640418691182956,0.23036243580124696,0.864514997040117,0.12628416368978004
2025-12-10,0.6201298335995484,0.28089598870096405,0.22698255103212928,0.8953616381735711,0.12747032968897498
2025-12-11,0.5920171950006452,0.28765758379363837,0.19716062228336015,0.9265437286648891,0.12765682224132288
2025-12-12,0.6281661428744574,0.3052800955031413,0.1959613778436748,0.92824982440973,0.1277861329224835
2025-12-15,0.628004877226228,0.3041625969117678,0.20283856130316344,0.9729417347962566,0.12758936436304008
2025-12-16,0.6256139662974509,0.303874265187771,0.20375345786668558,0.9522278414549672,0.12769025405437087
2025-12-17,0.614589056304349,0.3026627446071565,0.20374008689600898,0.9594069072024187,0.12723751524959384
2025-12-18,0.6182777378158696,0.3162698546262213,0.19731087439971656,0.9935598616584217,0.12889045601737287
2025-12-19,0.6366274829211812,0.3088632822815054,0.1988575853752785,1.0536696834068717,0.12734548127279535
2025-12-22,0.6308606598166552,0.30650635931488296,0.19290957592249558,1.0949843833420727,0.12839682140395522
2025-12-23,0.5814789332734137,0.30572327612104694,0.18170433924415996,1.0957948194078797,0.12123847455292669
2025-12-24,0.5778932317999781,0.303186357877177,0.1774680020661273,1.1061141182748289,0.12141281634862622
2025-12-26,0.5781396432628971,0.3033222438720762,0.17490571802345412,1.1301430974862179,0.1214180880549503
2025-12-29,0.5178636344060507,0.2779969840141435,0.17586189090271354,1.1052182039595695,0.1113307467652397
2025-12-30,0.5185362861716826,0.27848659079769544,0.17716968735658412,1.1054145859241362,0.11148118541027598
2025-12-31,0.5202808709299507,0.2778196807514116,0.18117371595856313,1.085836257221095,0.10995854522068962
2026-01-02,0.5205893418180808,0.30436774268812516,0.1826317897248162,1.1271135930714467,0.10648539660138073
2026-01-05,0.5204219180652427,0.2968766956902726,0.19656166151286947,1.1326863809186005,0.1074122094114005
2026-01-06,0.4987026552522304,0.28211349626496834,0.20740920345437872,1.0781994815136449,0.09598952324335983
2026-01-07,0.49894058519541684,0.2739614127623056,0.21485409723141594,1.1149934932855032,0.09415955036865478
2026-01-08,0.49193580275284626,0.2629080651354343,0.2258978274639817,1.1090247239606925,0.08547375399994198
2026-01-09,0.4964703888472768,0.2673807048370917,0.21728666907594826,1.1107883485553736,0.08362644293071783
2026-01-12,0.4978190599724217,0.2648688860721707,0.218515135298645,1.1068092234439169,0.08178475526508763
2026-01-13,0.49508817361497015,0.2645562434390478,0.21488613777232055,1.1200634874068542,0.0809716291000496
2026-01-14,0.4952026042689012,0.2663669980252416,0.2108288775448851,1.0977765732610485,0.08111116591173949
2026-01-15,0.500492427409194,0.27294972176206456,0.21855096046731912,1.0932504523284843,0.08126889625692785
2026-01-16,0.504152992374407,0.27765094860819545,0.2189276850244941,1.107285240742473,0.08091345241682425
2026-01-20,0.49440983379459374,0.2771289013266711,0.21875138200154673,1.0717452252783788,0.10093724847945108
2026-01-21,0.499672150127841,0.2783632444629169,0.22594166270343702,1.0886254200270267,0.10633681993421133
2026-01-22,0.49969303528659276,0.2778907743856099,0.22078025226976716,1.0962726354878987,0.10692063407183716
2026-01-23,0.5028807082912589,0.2782615241356942,0.22235765824936907,1.098599729118914,0.10686114276894698
2026-01-26,0.5001083522812165,0.2808215351747327,0.21882928357881526,1.1226929485070674,0.10627897011683965
2026-01-27,0.5035298239426594,0.278639328429544,0.21758013830010414,1.1140800335289776,0.10666447621477908
2026-01-28,0.4409305275446717,0.25434242546796376,0.2190283040808184,1.0961044605169612,0.1012568066255808
2026-01-29,0.44222521956440175,0.2538923202376519,0.20685342540240018,1.035867867210766,0.10139349018786104
2026-01-30,0.4426584066544856,0.2782721864732837,0.20866682294080452,1.072728660367602,0.10152752967637799
2026-02-02,0.4352743543064517,0.27556068502325237,0.21011269024921797,1.076337983510224,0.096037176609546
2026-02-03,0.4305650477206418,0.26806318709145943,0.21404276366649697,1.0848028254446158,0.09831852511240378
2026-02-04,0.5154597489452023,0.3045837700078206,0.2673425623891629,1.0466211115083366,0.09658796773171983
2026-02-05,0.5234026197295092,0.3130494458057831,0.2942008476557718,1.0332022490327377,0.10153407614518874
2026-02-06,0.548711816268508,0.32978284867022095,0.30398050485015865,1.0650603203803368,0.11593297020168869
2026-02-09,0.5523751904685574,0.34775720305246444,0.3076099836191116,1.0565634909921506,0.11632685233789648
2026-02-10,0.5689477502633415,0.34730232351610046,0.3080505498869605,1.0394620172314644,0.11665414238094243
2026-02-11,0.5646028885279746,0.34848251263832875,0.30799171097219585,1.0403878095906591,0.11614804271587889
2026-02-12,0.564371922491398,0.3500440596192596,0.31004036922260964,1.0856259241068182,0.12472694886402295
2026-02-13,0.5620654192092011,0.3506511425795462,0.3084995213926459,1.0839579424421568,0.12295309839159045
2026-02-17,0.5538015856927655,0.32986172252827534,0.3069926091980547,1.029375974039337,0.12293899183223356
2026-02-18,0.5538259875891706,0.3301625082296218,0.30107031767321757,1.0219010205898464,0.12228125741929248
2026-02-19,0.5019610321845097,0.33066360429554137,0.292658219654349,0.9921261316690448,0.12115111782526924
2026-02-20,0.5079007357037267,0.33068983610142894,0.28675259372847056,0.9931036373308402,0.12270886081829453
2026-02-23,0.48036384520149816,0.33196080632811403,0.2906586484522066,0.9923774931125664,0.12615496144947286
2026-02-24,0.47197025181852353,0.3330464433249847,0.2872781962944115,0.9809245377201955,0.12645343812891516
2026-02-25,0.4730600563637757,0.3336413787809272,0.33411362902676134,0.9789798512163826,0.1288564114628627
2026-02-26,0.4787102457799811,0.3338512539221419,0.3476413242306269,0.9817506044284163,0.12974568513209195
2026-02-27,0.4765964444867558,0.33356098067873946,0.34996983737300197,0.987107916883897,0.12966885289240007
2026-03-02,0.4907838084901891,0.3432268981613341,0.3434516609460413,1.0027183265863462,0.12940685157981427
2026-03-03,0.5033182543732724,0.3504654754325462,0.3485900199038846,0.9558752188951266,0.13176239736872547
2026-03-04,0.5057745181246488,0.3431310701482796,0.3500163754646288,0.9772633742499295,0.11930511777732021
2026-03-05,0.5077458368926985,0.33879848989271166,0.3481567970743628,0.9860964554886454,0.11565819523476274
2026-03-06,0.5196722166336599,0.34273121528389106,0.34759482916973533,0.9671340228976197,0.12059627511674768
2026-03-09,0.5376146848059035,0.34534124397181143,0.3905478816894095,0.9684436292507875,0.12364963648362243
2026-03-10,0.5378060294054711,0.3421766589695173,0.3905009171270439,0.9412054230869219,0.12252229528425956
2026-03-11,0.5341058686261515,0.3492253077803633,0.38992165199038603,0.9183650863143632,0.12166569354846343
2026-03-12,0.5372660562930791,0.34308515203739365,0.39221369138786316,0.9041432703857595,0.12859618277082924
2026-03-13,0.5368019549338661,0.3501185515589729,0.39247105722199976,0.904093262691628,0.12914996444679716
2026-03-16,0.5414171442389161,0.33357680469356965,0.3920732897198702,0.888225751270122,0.13327362063488934
2026-03-17,0.5271446083130162,0.3227327897891693,0.3986504748511205,0.9059432153246473,0.13235812633381264
2026-03-18,0.5232115102108728,0.32505783139344674,0.3984805525598235,0.886821288367564,0.13568387875290927
2026-03-19,0.43337273702868967,0.2871039066321962,0.36232568644596413,0.8434594466319401,0.1352804879279791
2026-03-20,0.46117332865555016,0.3219161216335014,0.3411461121276852,0.810748169181267,0.13694101529011768
2026-03-23,0.43104799090052376,0.31570414089332843,0.3327813944876255,0.7647931229762701,0.12749865324180576
2026-03-24,0.4245281603527413,0.3037670832506141,0.3288394936158351,0.7622781098493644,0.12615741659912103
2026-03-25,0.4045581670173552,0.30297618016049865,0.3310526139766076,0.8074906974144814,0.12789402867138253
2026-03-26,0.4656145133337148,0.30629120500304896,0.33588785529884896,0.8496299456744291,0.13603084770483428
2026-03-27,0.4647492314774677,0.30411012626545536,0.33883742440012077,0.8383679993830474,0.1373817654439506
2026-03-30,0.4930956382075565,0.3062053551209247,0.39234918427262994,0.8547295280333685,0.13714612595134723
2026-03-31,0.5427062862497964,0.30817741794223386,0.39680622122811066,0.9251010510991946,0.1637165140839389
2026-04-01,0.5492590678584727,0.3078310686289007,0.39395800072977943,0.9185831243890045,0.16494138221450239
2026-04-02,0.5497691519735988,0.3072449609698034,0.3968930641844707,0.937061743067595,0.16506434790489044
2026-04-06,0.5431295103417013,0.30608465765947857,0.3954311395630031,0.9105315274917026,0.16405507089002122
2026-04-07,0.5431176400038168,0.3035301192605311,0.3895365428027174,0.912376339398563,0.16203565218882618
2026-04-08,0.5537232791263613,0.3013891613646963,0.39471002868966165,0.9193056676372707,0.17763242553772526
2026-04-09,0.5506037421262564,0.30496470074379356,0.3572141625552157,0.92672633283265,0.176700563273106
2026-04-10,0.5489271505205207,0.3042475795944559,0.34501732946548486,0.9237857586908316,0.17603553555239257
2026-04-13,0.556854419292057,0.3024722138527372,0.34250882427182194,0.908788988157206,0.17793947306629684
2026-04-14,0.5394325110675946,0.2821331135706472,0.3420611666179435,0.9023978654503079,0.18128111866679777
2026-04-15,0.5255049767393005,0.2711196153609646,0.3382044792558719,0.8993351338717678,0.18028942822694846
2026-04-16,0.5256198358496574,0.2739514616144316,0.3364331515653859,0.905573442431831,0.17942060055185172
2026-04-17,0.5141429062816534,0.27786825988007186,0.3364892026575557,0.8850018799765108,0.18132196697593952
2026-04-20,0.49855014135323433,0.2721416076856184,0.34063659295587595,0.8816325834374458,0.17610876246403198
2026-04-21,0.48366248638594667,0.2749418131246077,0.2899428922266625,0.8845223806209883,0.17656064662874724
2026-04-22,0.49266773825149707,0.29842065890470565,0.29163911987580393,0.8882890156620707,0.17813465636102
2026-04-23,0.5141569867988238,0.28928214611517644,0.2909099551123374,0.9091955120522784,0.1787508888298543
2026-04-24,0.5089742896339469,0.29360651517580905,0.29165417690552536,0.9140473095639234,0.1720905022411204
2026-04-27,0.5099902570706023,0.28435343952996783,0.2918163148565308,0.9155493144004826,0.170423870519341
2026-04-28,0.5229492454983189,0.29162972059648606,0.29232827580409987,0.9256278238643639,0.1703635366943315
2026-04-29,0.5229501245636485,0.2921474354954682,0.2855354100638783,0.8892189645424647,0.17047783515882264
2026-04-30,0.5220320838830796,0.3145395711555858,0.31559899278776715,0.8771257129660365,0.16492139876310621
2026-05-01,0.5259929479776647,0.318763178730081,0.31726836930385066,0.8795947425312299,0.16407001120378029
2026-05-04,0.4920706277750712,0.27507264552551336,0.31665577545086426,0.8652925573251584,0.15678308547869943
2026-05-05,0.49125639851776337,0.2681788022904333,0.31643645198638704,0.8742361817450445,0.15578918731339916
2026-05-06,0.49193555898003904,0.26649368604888346,0.32030750157261517,0.9111826261504576,0.1574287807180808
2026-05-07,0.4980122150765572,0.2976921060340891,0.33169292711811377,0.8844986615591387,0.1586765049742989
2026-05-08,0.45065888222551165,0.3023030498427894,0.3308434129275233,1.1053275967582827,0.14556231786503582
2026-05-11,0.4502667214671941,0.3012173500927421,0.32589185387144887,1.10061166855413,0.13077761434884258
2026-05-12,0.4124735828314834,0.30132334107633396,0.2702886795486759,1.0990179232994928,0.1296521367414243
2026-05-13,0.3669780472904965,0.31298610475316324,0.2646452700690792,1.0552001536272089,0.10911295092621674
2026-05-14,0.3615666487463123,0.31326538128522574,0.26595132360557633,1.0784751635509127,0.10907123814307977
2026-05-15,0.37289021693136365,0.31936445076721315,0.26265470004423136,1.071769099745288,0.11882329935995484
2026-05-18,0.3886468886735616,0.31948573098272853,0.2628910886902795,1.0761554958558173,0.1196209025401592
2026-05-19,0.3886387514560256,0.31993588905712417,0.2660230644736056,1.073014232280319,0.12291879762879643
2026-05-20,0.3776833073480794,0.32187454754206185,0.2562849516221994,1.0717257174873003,0.1066332888566415
2026-05-21,0.38586019369634006,0.319342652070114,0.25799736566804093,1.0596084007272155,0.10635169958861647
2026-05-22,0.39148833476795436,0.3192727606666778,0.2575557555530815,1.082460636118587,0.10581789160648915
2026-05-26,0.38244586800295155,0.3207501773124899,0.25811539542256684,1.1031551367787842,0.1044361726528991
2026-05-27,0.3851342738267138,0.3256444994450369,0.2575915932019449,1.0970298411870865,0.10114915339680505
2026-05-28,0.3885179821655978,0.3260009376649862,0.25611950216452517,1.096165437943216,0.10031299763319693
2026-05-29,0.3865468613892647,0.3217246485315906,0.26126930584373426,1.123707683951057,0.10031072314404559
2026-06-01,0.3906473364681906,0.32370886017442985,0.26546269951239365,1.175844215136627,0.09597284390635089
2026-06-02,0.3918083296678065,0.3507467976364132,0.26333408280688536,1.1841883562817206,0.09521775921833298
2026-06-03,0.3946326639627106,0.35120175319067787,0.2642409687260173,1.2109175469645823,0.09557764432254579
2026-06-04,0.38452581557659976,0.33023802843180666,0.26798595417691057,1.206447504735292,0.0927057632491893
2026-06-05,0.440850338834868,0.35397493183954515,0.26739568108370737,1.2337708455810938,0.1223259580451503
2026-06-08,0.4449010307171858,0.3474252773149489,0.25541489646500204,1.2229193622215406,0.12080006394526832
2026-06-09,0.4600434321205962,0.3455999250175811,0.2524587661818379,1.2326142477017454,0.12137169732374455
2026-06-10,0.44679842680697385,0.35179307500828877,0.2568004794113646,1.2202892015628932,0.1297185836950335
2026-06-11,0.4648891351517001,0.3579594639694277,0.25367203916705444,1.2447421742501175,0.13779833743752512
2026-06-12,0.4669789362858657,0.33066972201743616,0.21979996913331618,1.3061355946123898,0.13608496095153066
2026-06-15,0.48187377588346875,0.3383726983830819,0.21689618171346936,1.3061810351842253,0.14402868765229346
2026-06-16,0.5012322253241017,0.33605815940338923,0.21568470274706913,1.318241168364189,0.1448835638092664
2026-06-17,0.504122081452455,0.334532360547297,0.2158701737563999,1.3097467139486005,0.14877157881044795
2026-06-18,0.5125640849341683,0.32818872916019876,0.216437137610335,1.2952365588919499,0.1459788557327609
2026-06-22,0.5069399077746929,0.3080855553465539,0.19772855606592635,1.29820061365297,0.14592965539887817
2026-06-23,0.5359322326722316,0.3027829423971266,0.19049415900718003,1.0924264029785067,0.15034123996099175
2026-06-24,0.5279423370673565,0.3037220076388518,0.18848332968123457,1.0716275159187458,0.15021335801612823
2026-06-25,0.5403515740001216,0.30275547631956934,0.17856144298040127,1.0671867022987778,0.15017727086253527
2026-06-26,0.5495001717364613,0.289921323569636,0.2019508364715694,1.0804504559252814,0.14990037630122938
2026-06-29,0.5499816751940471,0.2899873900662369,0.20148361419048508,1.1863558360703126,0.1556383593342357
2026-06-30,0.5557938775627956,0.2920983760804392,0.206519075237358,1.18754668444858,0.15340834002074136
2026-07-01,0.5554990523558546,0.2991130154656674,0.2033431612551818,1.1820393667711586,0.15353285194013508
2026-07-02,0.5814698721032471,0.298896796044726,0.20371780608483858,1.181931884561836,0.1522337724913296
2026-07-06,0.5810810121790263,0.29248615849540643,0.20829957589167308,1.189538901182087,0.15127486493728567
2026-07-07,0.5778985927777724,0.29197225865181214,0.22110486718289707,1.2155288420034203,0.1521138473061034
2026-07-08,0.5802928621597827,0.2945052701607478,0.22556996367221355,1.1795592409221924,0.1519541021499077
2026-07-09,0.5800557420412691,0.29547072614928743,0.22482919785821995,1.1379170630256263,0.15252593220817007
2026-07-10,0.5797759619827683,0.2898845108268987,0.23091585140569473,1.1122486599360861,0.15305790036076927
2026-07-13,0.5905673477553343,0.2895646746400581,0.23179417166956404,1.1187495451884997,0.15389992364806707
2026-07-14,0.5962960543297446,0.2902553228409239,0.23595159225332216,1.1049409155246466,0.1541638261043281
2026-07-15,0.5929146423309718,0.2857170334499176,0.22788966103647165,1.0718671400243083,0.15440635502893127
2026-07-16,0.6067296223193153,0.25527781665237337,0.22436680471711584,1.1104068344189963,0.15508373851690568
2026-07-17,0.6074618074114554,0.24750401062379096,0.2220364253866442,1.1040907115409295,0.15650371394001944
2026-07-20,0.611503879570794,0.24721686219649783,0.22259780117515787,1.098386109326009,0.15600797552373688
2026-07-21,0.5981262398344264,0.22082612195411744,0.22873814981183102,1.099735172468888,0.13805866308750867
2026-07-22,0.5894067700580835,0.23576152560770725,0.23200949513370203,1.098280925480346,0.13804127759517845
2026-07-23,0.5799726664808534,0.23517512555635067,0.23416048681977156,1.094978321927888,0.1426235468044126
2026-07-24,0.6000716062109028,0.21507193514789993,0.2316182551831158,1.1070876852415998,0.13442529254649965
2026-07-27,0.5861260140110334,0.2164216513111937,0.22903714831480507,1.063083565393671,0.12554023895193628
2026-07-28,0.6158029777915697,0.22397767958022644,0.22683886654867408,1.0070321251709244,0.12472795074388819
2026-07-29,0.5963228947667607,0.21255532396585275,0.22711234525414678,0.9945916953021623,0.12106325892565632
2026-07-30,0.6710200183055085,0.22192858792220985,0.23574997110675455,1.0467659518170231,0.130421777967516
2026-07-31,0.6721835232482298,0.2211655534313957,0.237599093887121,1.0389082069989952,0.12712165175946294
2026-08-03,0.6803515826668609,0.2285949217832968,0.23389292895006059,1.0713681095314336,0.13052670027098093
2026-08-04,0.7959642553881378,0.22716049941765026,0.2336787787128645,1.0813928205371035,0.13956437636369645
2026-08-05,0.7638029549232981,0.22677104652451416,0.2435585290698705,1.0791755208821783,0.132086722661046
2026-08-06,0.7652238420875815,0.22388654863014573,0.25084402694669217,1.0510575597109344,0.13222942303881716
2026-08-07,0.7708990307038479,0.22918665198455604,0.2517942827097546,1.0608221306631653,0.13253275010596785
