Date,AI,Energy,Biotech,Space,VOO
2020-01-03,-0.02244249406002402,0.008639245798117146,-0.008508520775545148,0.002026388854668104,-0.00730508068772695
2020-01-06,0.010260172645627508,0.01092180033367407,0.0024952728249577616,0.0,0.003746944070248892
2020-01-07,0.022547876379177434,-0.005243504212288919,0.0029088678875549556,0.003033339932232204,-0.0027579190335613735
2020-01-08,0.015239296014378234,-0.018761607875374287,0.005966311636335764,0.0,0.0051599815169576235
2020-01-09,0.005221455678247888,-0.006129178994059958,0.010615953872103123,0.0,0.006911112586231116
2020-01-10,-0.011101811677519502,0.023538946556600604,-0.003196641875478745,-0.0020161751622832513,-0.0028654337425669807
2020-01-13,0.026926239580151057,0.010106032381194008,0.006498983736569541,0.0,0.00661647447704361
2020-01-14,-0.00620196666476458,-0.005887756868234895,0.03857837863393976,0.004040400342860462,-0.0013280896651206575
2020-01-15,-0.010612126990884652,-0.0011367400707344433,0.005175893087794092,0.0,0.0022272572879113994
2020-01-16,0.017523317929885485,0.01062306349348252,0.01027488490329398,0.001006059286116301,0.008357801890749528
2020-01-17,0.0037870079032824577,0.00031997666144850667,-0.011852114694690996,0.0,0.003387758218230452
2020-01-21,-0.0038871426208021975,-0.01928942050361393,-0.00194690037237788,0.003015048597614811,-0.002065190880125911
2020-01-22,0.010387344767613382,-0.014668295417599675,0.005354020009268212,0.0020040539760575182,0.000262945050773844
2020-01-23,0.005893429856959065,-0.009655081265365795,-0.009728146943820903,-0.0010000228881835715,0.0009852055898256218
2020-01-24,-0.012883322295134003,-0.020549984417177536,-0.016051022637554813,0.0,-0.009120520023927603
2020-01-27,-0.038219724637512,-0.024365305760191636,0.001297408538635747,0.0,-0.015892390897673803
2020-01-28,0.017703076293718922,0.008969701275992059,0.020924664073810106,0.005005024212254572,0.010833495038815588
2020-01-29,-0.016263589954639446,-0.005483846235298573,0.019644359353333862,-0.002988021223623072,-0.0009988540123543332
2020-01-30,-0.01306328589119149,0.005765405501359344,0.00946407464438287,0.0,0.003131842231433035
2020-01-31,-0.028555052415932924,-0.02120037889472448,-0.003768864834979846,-0.0009990238414763208,-0.017934800798812933
2020-02-03,0.009882150286173563,0.01003022963879191,-0.005932038157775099,0.0010000228881836826,0.0072710789890877425
2020-02-04,0.04465687632319504,0.028182215910470654,0.014355731295593754,-0.0009990238414763208,0.01541106917697066
2020-02-05,0.015859101696039324,0.007906877742300256,0.03856470968847203,0.0,0.011308211576516403
2020-02-06,-0.004433039684997031,-0.02384899405836327,-0.00031741940809315583,0.0,0.0034006582315961875
2020-02-07,-0.013657931899195286,-0.012083101272922558,-0.007555801551078656,0.0,-0.005083316321811693
2020-02-10,0.02790186619190549,-0.00639086778282133,-0.005560676012298649,0.0010000228881836826,0.0071726528253843735
2020-02-11,0.03649629015401157,0.028373812388727715,0.0013194082274174956,-0.0009990238414763208,0.0018207001415662116
2020-02-12,0.012969659681943635,0.016536467434607127,0.013796606493019559,0.0,0.006427053353320167
2020-02-13,-0.0036276124808169996,-0.013805848414315702,-0.005646395134570381,0.0010000228881836826,-0.0009676790642331179
2020-02-14,0.03071161883047485,-0.0017505185475357732,-0.0014363585270461554,-0.0009990238414763208,0.0016787037023984208
2020-02-18,-0.008167718802866764,0.0038968636073314356,0.008200377173266327,0.0010000228881836826,-0.0027391280671473783
2020-02-19,0.041189569754550126,-0.0021497921023589384,0.0037964125466828924,0.0,0.004815460539885574
2020-02-20,-0.0015940498863468155,-0.01193654124947302,0.006492155691620316,0.0,-0.003923859472697466
2020-02-21,-0.05589787852806771,-0.012406400671819195,-0.0020001715798657616,0.0,-0.010365287329118456
2020-02-24,-0.06602256061512574,-0.02487311562874467,0.025527062794111988,0.0,-0.03344291545809397
2020-02-25,-0.04877627769708781,-0.03605616218706442,-0.020710166399217356,-0.0009990238414763208,-0.030043474711189178
2020-02-26,-0.004437029147088267,-0.020595881354969148,-0.038175222901119465,0.0010000228881836826,-0.004419468903850365
2020-02-27,-0.05784619074523739,-0.016363764826388738,-0.03997272403596347,-0.0029970715244288515,-0.0443249984001014
2020-02-28,0.0641915356140198,0.057872273313831935,-0.0010781671166275042,0.0,-0.0060353108597628324
2020-03-02,0.029289013829726596,0.0036690377367503135,0.030824607416070293,0.0,0.04463792960970148
2020-03-03,-0.026711649664729276,-0.011300671654201788,-0.026955213872764283,0.0,-0.027582671571052098
2020-03-04,0.06888749657234006,-0.009053440257750234,0.053806922418578096,0.0,0.041443364807334904
2020-03-05,-0.0334909700347748,-0.02933876882511438,-0.01064964680441094,-0.0010019314294756887,-0.03349810823379851
2020-03-06,-0.04095371601727299,-0.023183916971733276,-0.009948151027870944,0.00030083306366757157,-0.016771467813082808
2020-03-09,-0.11283993881396609,-0.1683400509696562,-0.055755540297894146,-0.002306203196037915,-0.07716255074861667
2020-03-10,0.04827720269980251,0.050238986146127984,0.07054069248302708,-0.004020096745708579,0.051320675828191664
2020-03-11,-0.09711051000979354,-0.03112449509632581,-0.03648489268578092,0.0,-0.04958136907009225
2020-03-12,-0.09118383885063946,-0.0918950994861874,-0.09175280308420908,-0.011604417042266113,-0.09671758711789658
2020-03-13,0.14393493464098084,0.023081341347426676,0.08646003103219568,0.0005104762023453446,0.09342997558920896
2020-03-16,-0.13815415249951485,-0.03749746834758133,-0.1037324183564644,-0.020408143405366563,-0.117388120991061
2020-03-17,0.15064920229461465,0.014076565578368672,0.060521820802576176,0.0,0.06547093762576939
2020-03-18,-0.08258590409237287,-0.14885397787104065,-0.007645813737537588,-0.0083333250549108,-0.05466315151118373
2020-03-19,0.044775345688026325,0.08229006611685885,-0.008302478107266698,-0.0010504441597668501,0.0008630843426886692
2020-03-20,-0.009824902106269906,0.07246659309770442,-0.043030854279539676,0.0,-0.04356918958925038
2020-03-23,0.029940902070001885,-0.08048753280515758,-0.008813435848537943,0.0,-0.030701113860649776
2020-03-24,0.10784374624177007,0.10099098649787286,0.0404874627121965,0.012513089204748029,0.09536372960043327
2020-03-25,0.007792817487825343,-0.02416969338493341,0.010332980203897058,0.006335016319132025,0.012826729398432324
2020-03-26,0.04257907716721132,0.03749469620995527,0.05905877078478161,0.004127963218285791,0.060100743047101
2020-03-27,-0.029556841050246196,0.0036591523825833527,-0.004696735044092737,0.007194311592171543,-0.030719301539329558
2020-03-30,0.04073362693674787,0.018763756295529788,0.047626307528407685,0.0,0.032337208199583856
2020-03-31,-0.012027911381071899,0.032366278553635275,-0.010526902225490575,-0.003061197182379072,-0.014850995255350607
2020-04-01,-0.0801695709374437,-0.015189113296054657,-0.013193599185186866,0.033776858571569646,-0.04505541102946076
2020-04-02,0.008681095518759008,0.048709592040103944,0.019141120232645636,-0.014851541241502675,0.02339148303092009
2020-04-03,-0.04280707624862795,0.006362725092614041,-0.013085215820370755,-0.01005019394093798,-0.01477688049540904
2020-04-06,0.09989358906898993,0.05105778150316742,0.02326328546597356,-0.0030457548714359906,0.06802032578142536
2020-04-07,0.002987377921367995,1.0641785682108384e-05,-0.0027017980392644025,0.0,0.0005337871256119175
2020-04-08,0.030963499382724247,0.04042203955578194,0.023342252127674823,0.005091669275836708,0.033940725117237
2020-04-09,-0.008889699133903084,0.04334851829953412,-0.005402593953881207,-0.0056737341954085085,0.014845442094534311
2020-04-13,0.002433695648682732,-0.006304966133201917,0.007918000398581593,0.0036682546662163418,-0.009699942499582503
2020-04-14,0.03113821204904077,0.01911815678693507,0.02702932151512427,0.0020304064279002,0.030530549333849466
2020-04-15,-0.026568248113513326,0.009441247002293207,-0.00784844545035579,0.0,-0.021769171055696868
2020-04-16,0.030597487509955723,-0.001679811378770768,0.01102224579162231,0.0,0.005053941942412932
2020-04-17,0.0034601477414257786,0.040871137611614095,0.046053953322732655,-0.0030394866584633196,0.027599166543175624
2020-04-20,-0.0025276206264790435,0.0024523032050386417,0.010287605861352689,0.0,-0.01801897954956766
2020-04-21,-0.0239707942375027,-0.018738821833554853,-0.02768583086113202,0.0,-0.03055708485029507
2020-04-22,0.03455753224267899,-0.0007051370123430933,0.032798463072103545,0.0,0.0219963281386355
2020-04-23,0.013688421642638005,0.02059663829334768,0.019156741602203153,0.006097506606908221,-0.00019482902009870795
2020-04-24,0.03137966024278416,0.025933562755565354,0.014925002005566235,0.003030372505202328,0.01450725708386158
2020-04-27,0.03537308124868299,0.0032472840807051817,-0.0033693239977680145,0.0,0.014453586133194252
2020-04-28,-0.0017467801680992046,0.010756132523395356,-0.020614050339195777,0.0,-0.004622736260781246
2020-04-29,0.05006064775934704,0.028817551619515103,-0.014866900623286772,-0.005035265780284237,0.025773031852978967
2020-04-30,-0.023644976833887277,0.0020676461227940313,0.005687491086805052,0.0,-0.00872155876885028
2020-05-01,-0.043851745118609786,-0.020272456590343768,-0.005273699137157806,0.004048579088026694,-0.02725565215649728
2020-05-04,0.00044058366728721987,0.029015299061771693,0.011645071611955826,0.0,0.003155889582662663
2020-05-05,0.022894099191959505,-0.00960907921270987,0.013474023401928437,0.0,0.009207752550637771
2020-05-06,0.020176208054769162,-0.011119757943034492,0.002443026414638172,-0.0006048910032941945,-0.006728712282311755
2020-05-07,0.029436663382733874,0.0069405651117112055,-0.01617726684243731,0.0,0.011826702342715656
2020-05-08,0.027312496444653944,0.02200926849194451,0.008239282211609855,-0.00141213834877163,0.016719824419742402
2020-05-11,0.021913304535476574,-0.0038206554119073477,0.02624571876906645,0.0,0.0001487745011452546
2020-05-12,0.0886905164354505,-0.009261186539711364,-0.00871293367276621,0.0,-0.020124976866270128
2020-05-13,0.009048482779620282,-0.05605867891629285,-0.00445457785557879,0.0,-0.017729109683325306
2020-05-14,-0.0005417063863657479,-0.005953159643144135,0.005332823857996494,0.0,0.012058386384728559
2020-05-15,-0.00912072484082066,-0.0035499210270492076,0.015598922826318584,0.0,0.004506042711613256
2020-05-18,0.044648837846233524,0.025227128316881287,0.008473329758356296,0.0,0.030565960751614663
2020-05-19,0.03974824682039291,-0.004990845151616685,-0.007426107363456502,0.0,-0.009443742617065487
2020-05-20,0.03452768258916061,0.044789312920483604,-0.004045733509436489,0.0,0.0163118135823328
2020-05-21,-0.03671952693015551,-0.02162180630658722,-0.015173551725021384,0.0,-0.007182037133563246
2020-05-22,0.008780251352222879,0.017142955909812296,-0.00209898540498632,0.0,0.0022515871616342054
2020-05-26,-0.00335512977904856,0.01850276668562656,-0.006842419486830453,0.0,0.012851792747550661
2020-05-27,-0.012779308541832679,0.006569726035286938,-0.01455994475870348,0.0,0.0145795587013684
2020-05-28,0.0046269547488528295,-0.012557168132869778,0.00923942802506611,0.0,-0.0019706623815917146
2020-05-29,0.03418292149073998,0.015956366397165467,0.02045962142692903,-0.003030276174459612,0.004488200159164846
2020-06-01,-0.006531156267244098,-0.004108431129526691,0.008242552667364289,0.006079069940465365,0.0043611798640548205
2020-06-02,0.0004442313836942047,0.03575035502712964,0.016181043455220756,0.0,0.008221350665255978
2020-06-03,0.018336727636346695,0.013074694014489685,0.006404190746457927,0.0,0.013202291218757267
2020-06-04,-0.010602834760655377,-0.026453729553781613,-0.0190128079535688,0.0,-0.0025430555223887596
2020-06-05,0.032613983249989986,0.02224698719730417,6.189457877503468e-06,-0.0010070723639982182,0.025568265425815362
2020-06-08,-0.024862183957012396,0.013708693304792408,0.008815918456556937,0.003528210397472531,0.0121250451793955
2020-06-09,0.022731438886250066,0.01299882925314877,-0.005394383449835838,-0.003515805894559909,-0.007100588919881523
2020-06-10,0.019041501092057156,-0.03698802904465537,-0.00043552722455214576,0.0,-0.006235449757932665
2020-06-11,-0.06982913125548335,-0.055456315052028415,-0.04961092181402016,0.0,-0.05763616566801566
2020-06-12,0.014085064630766753,0.018278098237348606,-0.0056573198608056985,0.0,0.012050960442024028
2020-06-15,0.03185442665885829,0.004421392145640024,-0.014357473517981278,0.0,0.009118767794378035
2020-06-16,0.0051966014962179785,0.02040449120641219,0.0798057177510767,0.005040341769185108,0.0195608167106891
2020-06-17,0.0007780524814527401,-0.007353078733270402,0.0047545914900064545,0.0,-0.004587882509954344
2020-06-18,0.019133297392536552,0.013911944030140289,-0.005437511324857036,0.0,0.0009071897384245187
2020-06-19,-0.007917180779485111,0.004092955344017546,0.008208617590315936,0.005015064131965508,-0.0058949460477490945
2020-06-22,0.03152616206909742,-0.010081945010993243,0.0037487679964067766,0.002993985189686077,0.006631865359230105
2020-06-23,-0.010715625479009894,-0.013752721671937529,0.004659154150620515,0.002786057452565993,0.004531940723805139
2020-06-24,-0.02809569799441619,-0.030787506409306553,-0.005262045884218136,-0.0037705999754531483,-0.02557592829782762
2020-06-25,0.02986742224065453,0.022029568596900972,0.030519165942849202,0.0,0.010577359181188406
2020-06-26,-0.034836511980959606,-0.028744781587157042,-0.01788879391302739,0.0,-0.023435169243690268
2020-06-29,0.0031821476578904884,0.026745840302354384,0.0004971777994141613,0.010956141144939258,0.014593172800248189
2020-06-30,0.004092815783424519,0.028281814631159974,0.0088211007294281,-0.006896521916752052,0.013335660968518903
2020-07-01,-0.03758649339959874,-0.006977269674704023,-0.00268008169872036,0.006944414221630613,0.006844537325987998
2020-07-02,0.011095337888014423,0.005624605336123689,-0.0010232135814751686,0.00689661587481627,0.0050461724664121466
2020-07-06,0.03505045667548545,0.03130674882869011,0.003854345559565986,-0.0019569919022601745,0.015515606991921338
2020-07-07,-0.01687490790683638,0.01926352063943909,-0.002267603730652157,-0.0019607357316996366,-0.010368913700494087
2020-07-08,0.003034602474931314,0.0005311589864272492,0.0036795316670731326,-0.007858538438882068,0.007424423525056678
2020-07-09,0.027894534840862795,-0.016180054566310498,-0.01157388078591548,0.0019801488449493476,-0.005096677658018467
2020-07-10,0.0008403796419637066,-0.0009363740845717561,-0.007058214957648856,-0.0019762356043001583,0.01003810630390034
2020-07-13,-0.033286240128788946,-0.006026721790481138,-0.01026139296116213,0.0019801488449493476,-0.00904753165718486
2020-07-14,0.023529770086136326,0.015808380792578736,0.015988282046948465,0.0,0.013383651288655596
2020-07-15,0.010957934601878161,0.04360078230850162,0.0164484967723304,0.0049407303656408,0.008873118189739015
2020-07-16,-0.02063341770736432,-0.011937234030914401,-0.022700643861703063,0.000983306667336814,-0.002909078144234023
2020-07-17,0.011107345240086608,0.018295833927387095,0.008255736091013044,-0.004911609944593165,0.0026461877395220768
2020-07-20,0.03690117133457771,-0.014166287426532254,-0.004681422067030927,0.006910137614354994,0.008323435333933427
2020-07-21,-0.02395074945774195,0.014308905714563946,-0.01418186097673979,0.005882394190066309,0.002080116808877319
2020-07-22,0.004124623895405688,0.0015340208597922067,-0.0002435843774451496,0.003898631672583086,0.0056928815590600035
2020-07-23,-0.004634989396791689,0.00691538767039257,-0.005930433613833719,0.0,-0.011953805714746468
2020-07-24,-0.012615007852582516,-0.01394794708689634,-0.01578257052174048,-0.00970877472018683,-0.0064698314963099746
2020-07-27,0.03942687344770435,0.005969976945808753,0.013787225414196858,0.0009804146145917514,0.007292450647230719
2020-07-28,-0.016022315654287078,-0.007621262180732946,7.060385486079568e-05,0.008814902277338721,-0.00619623501608646
2020-07-29,0.039883029819059335,-0.055165195567396186,-0.0046665743557652295,-0.00970877472018683,0.012096693757457366
2020-07-30,0.006181007873403865,-0.011542777678371308,-0.023632725932654863,-0.0024509430389955122,-0.0036493062565469137
2020-07-31,0.01600671622983252,-0.0017208778246725065,-0.017798947222123773,0.0004914117294534392,0.008366745589442504
2020-08-03,0.028882278830643537,0.008699521396950627,0.030642080039405273,0.0004911703625760655,0.006297751148332864
2020-08-04,0.010939731984728196,0.03185268845117195,-0.003389339080083653,0.0014726940628837504,0.004205524510400016
2020-08-05,0.008025511784348516,-0.0020071550926074044,-0.006116914270308804,0.0,0.006232018646480597
2020-08-06,0.0005383254398191317,0.004962298533857212,-0.00857693467942472,0.0,0.0067179326137905004
2020-08-07,-0.010304103442146217,0.004980618862416186,0.002792655703003799,-0.004901979575474669,0.0005212279107476014
2020-08-10,-0.01427909457382398,0.011663473004697389,-0.00801647790807214,-0.006896521916752052,0.0031885040706345347
2020-08-11,-0.009452330719574964,-0.019389747691126447,-0.01576809863562556,-0.001984077801659545,-0.008075803645697155
2020-08-12,0.03769901713186896,0.013033004374225665,0.0126489407836482,0.0,0.013699611877680429
2020-08-13,-0.020829403672863622,0.002632388041001077,-0.009603681611304149,0.003976139183357041,-0.00170920933619656
2020-08-14,-0.027611636896581637,0.004058858299483714,-0.0008181836941846266,-0.003960392113094846,0.0
2020-08-17,0.02955750777149102,-0.004498203584920701,0.010643479923092225,-0.001988116990996547,0.0032308340901570087
2020-08-18,-0.022025506480830903,-0.010098175865523529,0.006026084848658297,-0.000996038737035021,0.0020932148495818037
2020-08-19,-0.013644921545351796,-0.001240525869978193,-0.019850879794496568,0.0029910954580474325,-0.004242249711435941
2020-08-20,-0.0012702960998580148,0.011176105754425014,-0.005452888950940649,-0.001988116990996547,0.0031631980913890967
2020-08-21,0.009259283893597092,-0.013124765987660492,-0.003917518415209931,-0.002490001855105506,0.003571106770217547
2020-08-24,0.005455277511598022,0.020238175063444275,-0.005329398572363808,0.00399400504061842,0.010162407218610392
2020-08-25,-0.007130777692547885,0.014015304215014956,-0.0035719357439532584,-0.0014918292260053256,0.0034911447287599984
2020-08-26,0.022775474346864333,-0.011679118043146308,-0.0014505812518780803,0.000996038737035132,0.010214832635037085
2020-08-27,-0.02411728603619473,0.01718407362369867,0.0020275415892000437,0.000995047631049406,0.0020037325675630324
2020-08-28,0.04445723936235124,0.0199285094774192,-0.003720309653843734,0.002982080687858879,0.006498406911903176
2020-08-31,0.0108806674343217,-0.008282556045967893,0.00790125503423722,0.0009911029465416998,-0.0035075644635771397
2020-09-01,0.0010039493385392562,0.015370010715054117,-0.010450867505987893,0.0,0.009345191118245166
2020-09-02,0.032587177730874495,-0.006664142705128662,0.02474472170565123,0.0049504193239715555,0.014566946310016649
2020-09-03,-0.10309787317660685,-0.029428998652064386,-0.022666406684646367,-0.009852160744208027,-0.034616754422531315
2020-09-04,-0.01815554756471366,-0.00951444121395878,0.010214827046089225,0.0,-0.008003902174808508
2020-09-08,-0.046822520773400045,-0.03662141226067461,-0.017923315653015803,0.004975143262281545,-0.027475816636869044
2020-09-09,0.03845565325144362,0.011693351722155854,0.014700598023238531,0.0049504193239715555,0.019727493557792908
2020-09-10,-0.03221617215001593,-0.011662897801774708,-0.025944224051775377,0.002955732785520304,-0.017488182508727967
2020-09-11,-0.00829860568146551,0.011112892865248747,0.006784988223006105,-0.007858538438882068,0.0007496998869160887
2020-09-14,0.05334394231386652,0.020944083060369656,0.014387361319244674,-0.0019802432681454984,0.01299745126131846
2020-09-15,0.020164071814603113,-0.017446976900807598,0.00796399885038701,0.0009920862061036928,0.005145344620967718
2020-09-16,-0.029112658462964736,0.02131014105049489,0.004492100601067861,0.010901848861621044,-0.004031037316651442
2020-09-17,-0.011234603357218875,-0.009299933169865049,0.00778221116753175,-0.003921564960883028,-0.008737370521265553
2020-09-18,-0.006647215492817882,-0.02054480257661706,0.0009812981138175303,0.0,-0.011633518095859108
2020-09-21,0.017378975741739855,-0.010140759994596349,-0.03183743306830611,-0.003937004178520276,-0.010852430651546063
2020-09-22,0.03375926109903338,0.01722462111610823,0.001970499728737196,0.003952565445193956,0.010109888074490758
2020-09-23,-0.04634806996572066,-0.044201382580107085,-0.008672082365972666,0.001968549022052013,-0.0231675036084108
2020-09-24,0.020120759524767884,0.0029701387238338373,-0.0065698397530578045,-0.007858538438882068,0.0027546270146974194
2020-09-25,0.028636239564328703,0.004853471028782197,0.007624747456242753,0.0009900272108767094,0.016013465975479813
2020-09-28,0.020744692314084823,0.000765497526997394,-0.0019112254684072738,0.0,0.016750105724568698
2020-09-29,0.004647498639651193,-0.0045453730353253174,-0.008527079079494515,0.0,-0.005702337240959698
2020-09-30,0.006276001937973508,-0.027311964190690874,0.005818759871289325,-0.003956475095091561,0.0076974189877407895
2020-10-01,0.008719787816788357,-0.011619809330568387,-0.0018570371810385788,-0.000992976714056848,0.006338244921410663
2020-10-02,-0.021077687498494518,0.00215318093517769,-0.0031122856404406374,0.003976139183357041,-0.009302692291727865
2020-10-05,0.01839078673824583,0.012709966330465172,0.023638941435485616,0.0049504193239715555,0.01747544614294827
2020-10-06,0.03084266079451059,-0.023938928667474768,-0.020919622100570356,-0.006896521916752052,-0.013970558659970878
2020-10-07,0.01837775123119534,0.004907324095838661,0.020636550751017002,0.00297616400776346,0.017158072544048775
2020-10-08,0.003263541041182131,0.018106159038474734,0.020148761396052595,-0.0004945711781123574,0.00885001730618784
2020-10-09,0.0031648443591940265,0.00154680598254342,0.00681502002853146,-0.0004947215233119806,0.008898980943281787
2020-10-12,0.0073751712807622605,0.0025233665583798137,-0.006463531643153775,0.0,0.016134039224622976
2020-10-13,-0.01149428040821221,-0.0014007175281728346,0.005247567107318274,0.0019801488449493476,-0.006394587625780823
2020-10-14,-0.012041454904758572,-0.00033203193116504437,0.0021731170159383084,-0.0009881649204468435,-0.006248644654517466
2020-10-15,0.030289533775705053,0.006041833222195148,0.008301551561806175,-0.0009890480264176382,-0.0011888057253330864
2020-10-16,-0.015365880385474892,-0.013164109850740624,0.006466076163901879,-0.0010891715667584734,-0.00084580049627625
2020-10-19,-0.00998637424667633,-0.003912218521545718,-0.004969154904849671,0.010010886576842237,-0.015110210153712389
2020-10-20,-0.010542670150578934,0.022328822968879947,0.014357093361053175,0.0,0.003946885977701653
2020-10-21,-0.0028466686058733113,-0.0016720921752180762,-0.009281865634636344,-0.002944036722920318,-0.0018072811030389602
2020-10-22,0.024765132098736098,0.010474863709396098,0.014875717865814764,-0.003937004178520276,0.005494883511709681
2020-10-23,-0.004593818388950899,-0.014889642400677472,0.00536140493899151,0.0009881649204468435,0.003411323174064229
2020-10-26,-0.00015204955616839508,-0.018685789275803943,0.0008291798134471007,-0.0019743788289953157,-0.018416031907330987
2020-10-27,0.041991057605683,0.002729355992944993,-0.035268013719618796,0.0,-0.003303750205807199
2020-10-28,-0.03346720576301906,-0.015230218648902949,0.032730932973894844,0.008902092546407614,-0.03443060293414246
2020-10-29,0.010656447963112567,0.016647586453956253,-0.0020191261922763437,-0.01470584522894025,0.010530923674920478
2020-10-30,-0.03264315116169695,-0.005525581288065462,0.007394511784556024,0.0,-0.011245611057263072
2020-11-02,0.01708043950709855,-0.0064616484444854905,0.003552853566983649,-0.000497523815524703,0.011640292182126366
2020-11-03,0.019095434547423573,0.01920861760094994,0.006935382468820361,-0.006470934152705277,0.01763871685902152
2020-11-04,0.02994093043806978,-0.0313538291600296,0.07810300487209243,0.0,0.022516720871143203
2020-11-05,0.10661281881634843,0.023195533788164302,-0.016640029513380006,0.0,0.019581219038528275
2020-11-06,0.07004798633675453,0.008632157483538183,-0.016196191099489055,0.0030060809640863884,-0.00012433387969568166
2020-11-09,-0.004742415276044761,0.028936971926787014,-3.7997377603404825e-05,0.001997952410795145,0.01246334499520163
2020-11-10,-0.03450527510166793,0.003406777208340539,0.02594152562047758,0.003988032195209046,-0.0012895954031678647
2020-11-11,0.07331098846414112,0.048812841828484665,-0.0030175222519109868,0.0,0.007038815900585638
2020-11-12,-0.029283145269712135,-0.04752472304473132,-0.011022587337677192,0.003972190969736333,-0.009248288103811286
2020-11-13,0.030798384605215,0.006573486258503958,0.010180114782086469,0.0,0.013586186827440283
2020-11-16,0.012641026439806247,0.004339286226291872,-0.0011616242106872732,-0.0024727615607545994,0.012127018455935445
2020-11-17,0.04059212566559397,0.015283011650273348,-0.004197181242740267,0.0004957971662871152,-0.004984864091115426
2020-11-18,0.0014791992343676046,-0.005037769967232764,-0.016509722261887405,0.006937531592233537,-0.01213240508882496
2020-11-19,0.033384203968162295,0.027711387784806862,0.008611547990586998,-0.004921278689546393,0.0041853764688608575
2020-11-20,-0.014985895875031408,-0.003455998374687297,0.00487405292975579,0.004945617451316053,-0.006693398881471024
2020-11-23,0.0630517019322061,0.015667225546434627,-0.0008185386682462714,-0.004232305304944894,0.005911634380503239
2020-11-24,0.042228423049659236,0.04478861454669247,-0.003191720460684444,-0.0016802654263212702,0.016198338939618084
2020-11-25,0.07971668413386179,-0.004609103124074365,-0.0018467947715469224,0.0009900744224746738,-0.0016474840613037722
2020-11-27,-0.01772352494554404,-0.00410136116568266,0.01103164350667718,0.003899797647623049,0.002851100241193505
2020-11-30,0.003121179240409185,-0.023207596248642215,-0.016768209569857584,0.006866191865596893,-0.0044891005324989575
2020-12-01,-0.01257155488912387,-0.004548962813223423,-0.0008744670934751619,0.00520258089609249,0.01100278203459415
2020-12-02,-0.03258153157281881,0.01924857305418959,-0.005940368386459727,0.004012032174694036,0.0021114108762823047
2020-12-03,0.015603607686879148,0.003284253462300768,-0.008720111273650966,-0.0004897271716196028,-0.00029709159806678986
2020-12-04,0.011878680625659702,0.061251539796470245,0.028640976388773165,0.0007426274691726409,0.008607796277927626
2020-12-07,0.07786037228641884,0.04928215661406432,-0.016543170350430958,0.008428074510876682,-0.0018540230262603652
2020-12-08,-0.0063572171315276664,0.01102576690314927,0.025994761705362412,0.000731120149626896,0.0028893168707337935
2020-12-09,-0.04402416707471438,-0.030245802045884784,0.027544177065364273,0.005397478649720622,-0.008878314397719689
2020-12-10,-0.003116221352780372,0.046950407409923844,0.018999955775646726,0.0034207538288277828,-0.0004742007109769242
2020-12-11,0.008980959945183331,0.027666546531663228,0.0024481150655485395,0.001987873797476891,-0.0012762414556445334
2020-12-14,0.015146448510463317,-0.01302694068907595,0.009351167951591521,-0.0024154680624158265,-0.004575540706802661
2020-12-15,0.001118337186003478,0.03676216795032572,0.04785370661355748,0.0019902627076405777,0.013820266441837203
2020-12-16,-0.01643558241655411,-0.028849004656326505,0.007184617067400478,0.06195732929419473,0.001530904942397715
2020-12-17,0.025111378220919505,-0.014105299235257718,0.009172766268591093,-0.028444082315791097,0.005438727031363388
2020-12-18,-0.011610141302377993,0.0015088201708048365,-0.0089182752548575,0.0019417456850635562,-0.004005703508215386
2020-12-21,0.03424897283498581,-0.007387362244619167,-0.010094486573458239,0.01968083029799289,-0.0030824765442816204
2020-12-22,0.008838442903906119,-0.005043234284388076,-0.00534977428879313,0.021700880715464388,-0.0019720655260221376
2020-12-23,-0.004189517505340949,0.021059975644384665,0.006564719238224992,0.02582050417307824,0.0007999617707006301
2020-12-24,-0.0072872278933970485,-0.003768915914402815,0.005138832732617837,0.032873835314288,0.003996318781780417
2020-12-28,-0.02632872916541777,0.014020065120050718,8.719297070436394e-05,0.03562063732135079,0.00869773515182004
2020-12-29,-0.027527150204139168,0.0011993174616617974,-0.0012931908445777407,-0.013648610396293115,-0.002104606908159057
2020-12-30,0.019671748848005155,0.00428701984865576,-0.001584681832646817,-0.019040326196072432,0.0013474780199049796
2020-12-31,-0.024501227054276375,-0.005958776389133391,0.015937372611609768,-0.0039648023616039585,0.005382369591565794
2021-01-04,-0.0008346688592922868,-0.009701826662859903,-0.00280870843141684,-0.01379921690803998,-0.01355870454358743
2021-01-05,0.03845412516693888,0.06630012010579411,0.011669083660280188,0.007978209783370716,0.006577832331435163
2021-01-06,-0.032749716118732786,0.003384887910150347,0.015484062154261458,-0.004425595805726046,0.006065766420775498
2021-01-07,0.05611564485445893,0.026592698336820098,0.015419757418705382,-0.0047373006942764695,0.014941604095336958
2021-01-08,-0.0024971041687112208,-0.0171560303373256,-0.0041476404332032035,-0.0030408144067889387,0.005624836177746673
2021-01-11,0.029844886745200066,0.01824064398240588,0.06761528445891585,-0.007657868057855677,-0.006535157748010945
2021-01-12,0.007651085894048763,-0.015321031623519055,-0.030566860573588317,0.0028615875193611084,8.612818830644464e-05
2021-01-13,-0.00627305849035753,-0.013193371413223298,0.012341885224978477,0.03577486262857543,0.0024991129750084884
2021-01-14,-0.01136820057084964,0.00836046524098466,0.019091868656098132,0.040622427603736244,-0.0033809571827644325
2021-01-15,-0.0005149305037715305,-0.02974646554034216,0.02754801398573814,-0.005759714435878804,-0.007129264406174007
2021-01-19,0.03467219774174982,0.008717958299612638,0.01670689919320284,0.061725743141349376,0.007904308216159839
2021-01-20,0.001477664225160824,-0.01573289211923712,0.005721165351902036,-0.004346705517336957,0.013588010454152588
2021-01-21,0.012926772224777597,-0.010798270836540114,-0.00906399243994127,0.004747712493049949,0.0009354441625564203
2021-01-22,0.08309912979648149,-0.007155550344884354,0.011070117117245815,-0.00603779485608108,-0.0035680097630147456
2021-01-25,0.02745212883543639,0.0064453044130617365,0.019952090362382213,-0.03433548192540531,0.004063804562439488
2021-01-26,-0.01899115451046555,-0.024633351747784027,-0.01241494060224102,-0.023373654994100546,-0.001499951174801506
2021-01-27,0.011434552681532187,-0.02184393547760577,-0.03958467632882484,-0.04775568906040356,-0.02426321441076551
2021-01-28,-0.025796431217121052,0.03715053777637212,0.0337437075845588,0.04315539250249356,0.008395565203684674
2021-01-29,-0.01746229100176307,-0.012880418535296645,-0.0068497748308692374,-0.019369330730704404,-0.020021338458009463
2021-02-01,0.007512661089112156,0.08825886377751885,0.0018171731162207605,0.03374010429432023,0.01643233026824431
2021-02-02,-0.018743225724365264,-0.023005384446653065,-0.009008493630095316,0.004824223315050724,0.014373874909491935
2021-02-03,0.002751697119779628,0.0075217277431521845,-0.001194666703717595,0.028315101313304947,0.0009976334419370403
2021-02-04,0.015689832429298667,-0.012248522568107878,0.005679917380707056,0.04372331374767513,0.011193776041050096
2021-02-05,0.01508348513556168,0.03192527039511994,0.0060027510664222294,-0.013160638484377818,0.0040000312183055
2021-02-08,0.04313617359379599,0.032716043845499754,0.008674836191400248,0.07642379851369857,0.007378422738249846
2021-02-09,0.03546142368681985,0.010340157020148955,-0.0187844864500068,0.10164289458783904,-0.0008076651761177445
2021-02-10,-0.008550092289203818,0.04854730894431203,0.013469145016012707,-0.025186169936475822,-0.0003901844522528064
2021-02-11,0.00509165030331471,-0.019428910333917637,0.0005488447503858018,-0.0046141115797070364,0.001616991163986281
2021-02-12,-0.05074427361187032,-0.00015776443616383196,0.006050758981974602,-0.02270818871363861,0.005094468039467337
2021-02-16,-0.026769016422129737,0.04434216407764002,0.002423796704510983,0.012415914502928782,-0.0009417376137019762
2021-02-17,-0.02426952959862394,-0.00028375741254638154,0.010717540972169481,-0.013918362939983941,0.0002219394305620348
2021-02-18,-0.03508740522630124,-0.037557579777649674,-0.022830984917989294,-0.0016265223882861446,-0.00426839185751704
2021-02-19,0.06295447814970705,0.03269595511007928,0.015802376608348545,0.0023573870973817024,-0.0018369032635286997
2021-02-22,-0.034615151436380755,-0.01103868962203658,-0.0021415460048521684,-0.05191646601028749,-0.007864485358034745
2021-02-23,-0.030590653666779006,-0.00373584171950897,-0.001051398062540787,-0.043645736634113586,0.001264828261689166
2021-02-24,0.022278666956797328,0.008398891802104624,0.008866412649889077,-0.02822237829182611,0.011060535797889015
2021-02-25,-0.08346591488221115,-0.004827392680428311,-0.0158161023122399,-0.05481101810583827,-0.0239893020642854
2021-02-26,0.01659157795414416,-0.02944118432382986,-0.0021738090688034895,-0.008044289677348104,-0.005490292638255956
2021-03-01,0.02570940489866147,0.017703980310536993,0.016088108595973094,0.2303432904881515,0.02440004529028239
2021-03-02,-0.022063315338429312,0.04623492755531078,-0.019305202735295957,-0.09210714216483057,-0.007734897414077402
2021-03-03,-0.043986349706853924,0.0019560103807528817,-0.015386125481551771,-0.05025176723173491,-0.013198183371233907
2021-03-04,-0.015994408770961883,-0.0013367214390653803,-0.012406184611073456,-0.05123783298736545,-0.012319839664956533
2021-03-05,-0.01246320995086577,-0.01867476101013671,0.0283806143272044,0.06764567034896185,0.018334687331246213
2021-03-08,-0.05626237003537349,-0.007923424255747213,-0.012664725957102163,-0.06383243151061196,-0.004905034286419752
2021-03-09,0.06234599970469371,-0.0022672418865224975,-0.00559502660754857,0.020161545038322903,0.013990067890156999
2021-03-10,0.0022759823240580865,0.029681446932726452,0.0005056904113369121,0.004463593634865259,0.0061819391165893744
2021-03-11,0.05625853053300937,0.013205852513889615,-0.0032768927940131087,0.05695145134619439,0.010556792064691178
2021-03-12,-0.02315956065589808,0.02933075303716326,0.00913351947503771,0.011141892182649216,0.0014091184677746948
2021-03-15,0.0054035002456972086,0.04661088416446124,-0.031043248442348792,-0.0035638759128170383,0.005795308825675249
2021-03-16,-0.008873392098218654,-0.005601751257181098,0.012125227187379184,-0.04213640480207598,-0.001124616382817023
2021-03-17,0.0034292340831408863,0.009971223962113696,0.002886036033881545,0.0073731639973061425,0.003268556879676199
2021-03-18,-0.054250974959934396,-0.05541275707832066,-0.009892617269753823,-0.0466847023429261,-0.014702491675734675
2021-03-19,0.01102411547043299,-0.0032213511997090105,0.0002741985968903182,0.010930085891743713,-0.0017782846340662628
2021-03-22,-0.00020942799844503313,0.004969470445393143,-0.0009385435390974473,0.08609913484008547,0.007905568781597871
2021-03-23,-0.024135550051047432,-0.03569233847001907,-0.015997974954201855,-0.045025064949685556,-0.007346414620056585
2021-03-24,-0.02354756282454547,0.007476473478532086,-0.011828213737703819,-0.06473811138774171,-0.005537073761326172
2021-03-25,0.005246392674921108,0.0027192527150946555,0.020802924069733608,0.025038532649297895,0.00562336858355672
2021-03-26,0.027112847655588707,0.008212742392335382,0.0145567330560048,0.006131667488590453,0.016313790831624875
2021-03-29,-0.027483249573462525,-0.009568550630752848,-0.0022439048743905787,-0.020164096287478284,-0.0006041876497939747
2021-03-30,0.0017379232191558163,-0.02113988988006238,-0.014113051758571138,-0.030089005634047705,-0.002556542322363242
2021-03-31,0.04020638090905352,0.016129731475731823,0.008996976113127775,0.028905268403622397,0.003968426510600143
2021-04-01,0.023198341080279666,0.017807354983249257,0.0707100033827428,-0.027199289170390828,0.01059567920700144
2021-04-05,0.027608210225723722,0.027543920057835014,0.00012112211543274798,0.03483440648562358,0.014423115983376311
2021-04-06,-0.004490142462698299,-0.019539917212353763,-0.008505407705512669,-0.04258915432597982,-0.0005621280918035598
2021-04-07,-0.0034655211624839235,0.008600106506917005,-0.0027478481213436545,-0.0005024165773695466,0.0012591812178313067
2021-04-08,0.01989644533857926,0.004418156103395299,0.025991560924685908,-0.02830102084810676,0.004869618018008781
2021-04-09,0.010859211753859102,-0.011022960972396356,0.011698696350672111,-0.036628108516940594,0.007189470462412029
2021-04-12,0.025597774197723282,-0.01965531966353795,-0.01896419158465734,-0.027211742600046773,0.00044952892878979966
2021-04-13,0.03622599678215858,0.003271581039937188,0.003740057458068269,-0.04937133621620671,0.002721932809422567
2021-04-14,-0.02188117436776767,0.001771337297611919,0.010018042209702926,-0.016365654544011565,-0.0032152321460499067
2021-04-15,0.012633741500592044,0.00653298884976905,0.005241179258249851,-0.014465865742053607,0.010734166478737484
2021-04-16,-0.015453971402484576,-0.009514643273124068,0.01406290578885272,-0.02030096952608207,0.003505348388329832
2021-04-19,-0.037372083122781806,-0.0014972052110073242,0.0013002260831624923,-0.049592954466282535,-0.004926965178289722
2021-04-20,-0.012016890803974056,-0.01667251975151457,0.011731456000635854,0.0512944504047147,-0.0073345641702468045
2021-04-21,0.020422413082417618,0.01782974629713152,0.011369576162214123,0.0037452849081103246,0.009394552467620443
2021-04-22,-0.009863272729361569,-0.01649753678253546,-0.01634600680356607,0.04260531567102188,-0.00917649731861625
2021-04-23,0.02549180421423684,0.019102244982745265,9.277623068715268e-05,0.051281893102272935,0.010659736640984407
2021-04-26,0.014527286932677167,0.0045914086227092366,-0.0025040830911323697,0.00030877179547383893,0.002167076975041038
2021-04-27,-0.014972246120548075,0.008200860683500177,-0.022461738347343163,-0.02032658390508374,-0.00031246047683231026
2021-04-28,-0.0071926926831387865,0.027360767241731532,-0.0013984655728846995,-0.012397944059596766,-0.0004691370037657183
2021-04-29,-0.01741907439164477,-0.0022040603539061343,0.0012135434655681787,-0.012989766936256253,0.0066741787813011655
2021-04-30,-0.03376152481623925,-0.003372315586951724,-0.004996635697932517,-0.007066866970360242,-0.006604220827506002
2021-05-03,-0.015088695667617577,0.0585236998760118,0.009187860297971806,-0.03372952320734146,0.0022682297105101057
2021-05-04,-0.0330560559313133,-0.0038897513703853304,-0.009775910212275696,-0.0032826753557293475,-0.006086822398439384
2021-05-05,-0.004901797575135203,0.029740676417807088,0.01933681520250896,-0.03614245320863346,0.00018314402285946052
2021-05-06,-0.03937136479625295,-0.02391825334400738,-0.01251687569448201,0.00018132243389923364,0.00813770871929309
2021-05-07,0.021750896708655487,0.06672827608148124,0.01266639813515924,0.025379855126136497,0.007137838272244901
2021-05-10,-0.04243934420502238,-0.01657527939376413,-0.0158633368673039,-0.0388832923583865,-0.009793105411184388
2021-05-11,0.045518488813574086,0.0025001159224267155,0.011613310180393854,-0.003238323526979281,-0.00877066688635042
2021-05-12,-0.055425407570693884,-0.011329163005834308,-0.0009171698145258311,-0.019850382251306975,-0.021346235369821054
2021-05-13,-0.005476781788181229,-0.011798019398189863,0.0023333121192136708,-0.0005040437905708406,0.011884914806596258
2021-05-14,0.05688325949648587,0.03493581169961191,0.013836936658695453,0.01035715446885066,0.015351860308651322
2021-05-17,0.003970782632792269,0.019158574191153077,-0.000671548171693237,-0.011687738404018433,-0.002402538445679281
2021-05-18,0.004359848717213584,-0.010486106159021624,-0.009033985524718124,0.02391596633608628,-0.008638082192087282
2021-05-19,0.00495985345513202,-0.018639100447378598,-0.009995067029004323,-0.0009990238414762653,-0.0026402930133344604
2021-05-20,0.016345765291057173,0.01191818592846805,0.011029340443558744,-0.003475154838704808,0.01066892660008234
2021-05-21,0.013192062808714619,-0.008060725986892281,-0.00532409411220669,0.002668515794844839,-0.0007597472411161599
2021-05-24,0.02124063377710343,0.0015976029127117708,0.002560269851445529,-0.005638540918541657,0.010092485803147033
2021-05-25,0.0027364977034108895,0.0005664643881302389,-0.013331465126440623,-0.016600916177919478,-0.002101991231708289
2021-05-26,0.021970415963117773,0.008940491894681435,0.002553197323633294,0.0020491620401412725,0.0018204738856970604
2021-05-27,0.006737051857183984,0.021249932449707964,-0.0012834597324575814,-0.00017519316576053434,0.00044140677097326275
2021-05-28,0.014118899065065952,-0.010307703914507693,0.0017861181182705632,-0.004642640705752599,0.0019460068393406527
2021-06-01,0.003244994025452419,0.031767502225699684,-0.02503637810721482,-0.006689248709504381,-0.00077702710179961
2021-06-02,0.03279051853319662,0.008375988872602769,-0.015531610271891316,0.024092893034812435,0.0016849247031702763
2021-06-03,-0.010215225010518228,-0.0010687080121266623,0.019391483529200615,0.047614696305592896,-0.0038035418984948555
2021-06-04,0.02633853127446854,0.011231444145683556,0.00034844351579288446,0.011625834039030614,0.009064508566611673
2021-06-07,0.00625613080383236,0.01238268125570896,0.05056714092352654,-0.016699029878669613,-0.0008492787433855842
2021-06-08,0.004762662368720545,0.002557383882244746,-0.01949698477859213,0.2767188357669371,0.00015445319293450055
2021-06-09,-0.006605640274016074,-0.011451116456916377,0.024560812351082872,-0.05496211126745548,-0.0015713862751092211
2021-06-10,-0.001870786239581294,0.005310597808348916,0.033104877020731394,-0.04566364600031658,0.004618208925936784
2021-06-11,0.015403585133060874,-0.0016804075822073883,-0.024027376823158197,0.018115348438177914,0.0017460771927171326
2021-06-14,0.021106277276469482,-0.048984586707071676,0.005964227223131835,-0.029655391469241843,0.0025121728399182253
2021-06-15,-0.020729432758818483,0.021913349628652767,-0.00904526440526704,0.035441700227440975,-0.002096720455539547
2021-06-16,-0.004460281700476003,0.0032688994544556316,0.007807568125378805,0.027957827614241093,-0.005483596713868
2021-06-17,0.027350893483348997,-0.03663212925878989,0.0004766931515277073,0.0015947344690667165,-0.0003608699735770937
2021-06-18,-0.010509409079328921,-0.03066439259805004,-0.0189805100512766,-0.018481716631442824,-0.013273981650580247
2021-06-21,0.001568643524647621,0.029486605111619157,0.014215949250780513,-0.03944317963532368,0.01400146428510407
2021-06-22,0.008341974518127349,0.017540182593817177,-0.0009306088131675883,-0.001332245836265622,0.005306565978890676
2021-06-23,0.02216716539159691,0.0014480301532118212,-0.02699509196053068,-0.009141445708023332,-0.0010762797478315322
2021-06-24,0.011839464626002197,0.00826126546616257,0.03972785675437818,0.005299632432009649,0.0057205976592802354
2021-06-25,-0.0012432385783521054,-0.002339789832014605,0.0061890435787848586,0.052485692393265615,0.0036986130473553036
2021-06-28,0.029857082535168205,-0.0231477115849969,-0.01217703627299993,0.011408624430410852,0.0020836049841128634
2021-06-29,-0.003911845491508877,-0.004187299175678116,0.002011659111122943,-0.0066520531370647396,0.00044029497596098643
2021-06-30,-0.006606224559215446,0.004002126464607736,0.007134819663951686,0.13323375309219726,0.0009156971233861277
2021-07-01,-0.01724730146306182,0.006770247944833052,0.018166516929307264,0.0036003512663644877,0.005641327669918095
2021-07-02,0.003514909283544624,-0.0021413846097392275,0.005201550293565116,0.026566621010159608,0.007606032278515862
2021-07-06,0.010767878573905673,-0.00910801239927661,0.005669934207825911,-0.005399866749958848,-0.0018808901560148916
2021-07-07,-0.03812247739415312,-0.0015698970926678602,0.005464431269307846,-0.027604470728695485,0.0034421076102266746
2021-07-08,-0.010589798936364655,-0.018998958109266828,-0.005265996994543443,-0.0026295674960583604,-0.007962528851391593
2021-07-09,0.012459534255888563,0.01023861159013506,0.005482566764330565,0.026414078579465428,0.010550773634377064
2021-07-12,0.00042455769624438755,-0.015625821750950897,-0.0028124018909545523,0.02771011617063479,0.0036215368777463564
2021-07-13,-0.012687250657300883,-0.024027805114341605,-0.0075058085760514315,-0.05835818065670689,-0.003384681984437643
2021-07-14,-0.015797154750715896,-0.00944280720395757,0.0023400824638839524,-0.042817092216374586,0.0013735387285405132
2021-07-15,-0.02583990323843392,-0.005869895038844719,-0.008689570357221399,-0.05908666514378247,-0.0032167839365681017
2021-07-16,-0.01977694625883823,-0.012873409430748717,0.004310161403306978,0.036132235157082415,-0.0077805835925317535
2021-07-19,0.008735853706976196,-0.02762473941639021,-0.0009002138427918194,-0.015974131580895612,-0.014951720073061225
2021-07-20,0.01905388437225834,0.02594912870485644,0.004961199486939405,0.02509716895485925,0.014129118704553356
2021-07-21,0.026920720497657518,0.02097313055377814,0.00030251316035373454,0.016285981746736122,0.008404918399432582
2021-07-22,-0.009751146472276262,-0.00045963397696413555,0.010762512243874034,0.014504765495398475,0.0021275411214882745
2021-07-23,-0.0035089877551786794,-0.008404515693714032,0.008583029148026,0.011809931665512974,0.009990683336787543
2021-07-26,-0.018238642040782776,0.01713170888067217,-0.005446658547519856,-0.028601765852305783,0.0025469255230856636
2021-07-27,-0.014643873452714376,-0.013658928399272519,0.00913606542840606,-0.031992081100018666,-0.00444005951969717
2021-07-28,0.029590907716898762,0.02196966182203719,0.003653224055507498,-0.018964603399955537,-0.000544932766464723
2021-07-29,0.003107639846277599,0.020326350996155762,-0.0057364110469290686,-0.0068205055340119225,0.0043135203367334896
2021-07-30,-0.008388141796741041,-0.017978627536927583,-0.009945121052695405,-0.0025799921770495726,-0.0048876102726335136
2021-08-02,0.008703128810298074,-0.010569943146685468,0.0006765532582900247,0.01581648273567099,-0.0020336818604239637
2021-08-03,-0.008689280915273398,0.00455188334850648,0.021262866134453717,-0.024934195877409082,0.008077617824546524
2021-08-04,0.020660497739882544,-0.017391943464906356,0.08303752916895901,0.018535396828864514,-0.00478316558330627
2021-08-05,0.008200286315533267,0.006248267772217875,0.0016509673624882093,0.00453272688111328,0.006243293337235389
2021-08-06,-0.018784608891843784,0.0002600829751065459,0.017833930423027944,-0.02171056305746233,0.0017234162161463562
2021-08-09,0.013502978019168702,-0.011446148082962349,-0.0060881496635508126,0.005742921498264886,-0.0009585347759315521
2021-08-10,-0.02052585526774949,0.03934664130902987,-0.0038502709612762143,0.006801818510922875,0.001254826184813318
2021-08-11,-0.015126760233881043,-0.011450680610017805,-0.015139427165846264,0.008241651814627715,0.0024076635047167727
2021-08-12,0.0387791784963788,0.0030448718292819255,0.002494987340171173,-0.04412257580431139,0.002917154311111503
2021-08-13,0.002055248353696637,-0.018180686739660112,0.0003453080447484713,-0.003944855923845025,0.0019795188177587075
2021-08-16,-0.015125923058037727,-0.021173157103149653,0.0030704801174045726,-0.043412211301387615,0.0023907222811576645
2021-08-17,-0.019770241267865935,-0.005552687727447159,0.015834262829481305,-0.05341839747273175,-0.006594737936730599
2021-08-18,0.008451434396821944,-0.0014149740500307706,-0.008590223121350438,0.019813595818421348,-0.010753566553967753
2021-08-19,-0.0069674744257843075,-0.02992191655722487,-0.002203237467363617,-0.028460127944388847,0.001411442908351157
2021-08-20,0.017739665916456298,0.01806467008655499,0.008826711991746228,0.04081220011175579,0.007912461594415943
2021-08-23,0.03582181391223386,0.03586983427560542,0.0009075004906660689,0.07853451083570706,0.008856462698258794
2021-08-24,0.006020542016633083,0.015683732572687625,-0.012738438930128992,0.03230274699735636,0.0015809651981333328
2021-08-25,-0.002575091790930628,0.011071531189760675,0.001874155154378332,-0.04926531632314607,0.0018450740666242638
2021-08-26,-0.0035744084554632702,-0.006063014270008882,-0.0041262342687146125,0.06433325656853167,-0.0058403629367261845
2021-08-27,0.033931701385761404,0.03059055439335734,0.009948630178116258,0.01551695165824879,0.00887325915313375
2021-08-30,-0.0015209001567731233,-0.0016524587319092787,0.005709627652692895,0.04687041848964146,0.004590980382999987
2021-08-31,0.0027941905832146543,0.009232033197980771,0.000543999138392981,-0.0004045014354882026,-0.0017079685078877915
2021-09-01,-0.0026314640420287048,0.02202383140981712,-0.00665582571034079,0.0018398491627775182,0.0010600623882746074
2021-09-02,-0.0008206519103175122,0.04897782551138319,0.0031576633650548525,0.07836534597309419,0.0029847580782500494
2021-09-03,0.006133274346708924,0.021941292131659962,-0.0036331673572133627,0.08044761507011627,-0.0003842375506207807
2021-09-07,6.888978509940931e-06,0.02896691399012452,-0.015801397136298245,0.010757143163457106,-0.0036967983650101344
2021-09-08,-0.02471669405776485,0.0005606459171040856,0.00618487912501875,0.026312452148210874,-0.0009637394796706555
2021-09-09,0.013202493188611183,-0.011259361130922574,-0.02823764897622233,0.18654735267849132,-0.004485909154078316
2021-09-10,0.0019411453828000285,0.0350419047236501,-0.002535220322194054,-0.057411050531146424,-0.007728240588996682
2021-09-13,-0.008154544486438339,0.01640075496600324,-0.004736913296090439,-0.07473310676775341,0.00234367170648464
2021-09-14,0.0018928337607763135,-0.015467908775268324,-0.012975916189271519,-0.014790866335900765,-0.005188259425578656
2021-09-15,0.015229035447363351,0.028476691681850852,-0.008700535361274186,-0.021183512291541584,0.008349513644199114
2021-09-16,0.019226840370190474,-0.021699763635532,-0.0036249942166494686,0.040952318848106906,-0.0017239117747263055
2021-09-17,-0.011685227485807137,-0.05345033818839662,-0.014367361909290721,0.03926256153608715,-0.009802834911998515
2021-09-20,-0.0435075979317057,-0.03514892144415699,-0.0005770860486524199,-0.07352189974968232,-0.016335855158491563
2021-09-21,0.0034283963495590117,0.009086858296985356,-0.002366935079942345,-0.018838045954270688,-0.0009739266620543141
2021-09-22,0.03019846504274944,0.01076262961497454,0.003708201517896581,-0.001974902904731457,0.009648939780251942
2021-09-23,0.0263061473326837,0.02818277168705452,0.004907045037763791,0.0154007917122852,0.012082267777669742
2021-09-24,-0.007563356421432836,-0.023960683464048615,-0.014470131748529624,-0.01401133560394996,0.0016634866915055113
2021-09-27,-0.023035093061196627,0.029000591642669105,-0.010933762240773415,0.028444121129936217,-0.0028331034683596323
2021-09-28,-0.04283037249523406,0.0055071894163575275,-0.030111141742958814,0.012355521263608282,-0.019985229407519567
2021-09-29,-0.018246624802307765,-0.006128537775361764,0.014010169535229655,-0.04255266861735241,0.0015746394146145537
2021-09-30,-0.004243985541977764,0.02834959214405819,-0.0009820616018921813,0.039286460812022805,-0.01266714151452486
2021-10-01,0.01134639602692289,0.01468214446931071,0.00041620366575445544,-0.017588699307584832,0.011967425118528885
2021-10-04,-0.05985107389235108,0.011675612270440172,-0.011748246232275772,-0.0434010188637724,-0.012301942811161815
2021-10-05,0.013201527551673994,-0.006116124536345524,0.022636980866665213,-0.005800681994803547,0.009715733158048634
2021-10-06,0.0032603992770224113,-0.015215842395320478,0.001331341437960376,-0.0312452436402747,0.004446538953563062
2021-10-07,0.025982462065063345,0.0234507476214314,0.022568603677581733,0.06096640304160672,0.008604216104274753
2021-10-08,-0.008944066946985981,-0.026491375217011004,0.00020065869431590277,-0.03967038814888607,-0.001884670718649284
2021-10-11,-0.01293754947723813,0.014994330959731128,-0.006565472682170392,-0.021439702217910472,-0.0072796127361219876
2021-10-12,0.0007345432098856038,0.07311984005037508,-0.009959696963366182,0.015149252765313592,-0.002002344171934678
2021-10-13,0.014928950808519451,0.035623097448276075,-0.002247366744274837,-0.005084855046955716,0.0032101130515937992
2021-10-14,0.027647852294958808,-0.0022543505024483768,0.004585762785371816,0.0014959043100222225,0.01679843171541817
2021-10-15,-0.004397194149341921,0.015395625633299603,0.001101258292713625,-0.04857817048855406,0.007793110589700891
2021-10-18,0.010489953709477732,0.03422766797225196,-0.005037980664303887,-0.008768981825096889,0.0030493628150738417
2021-10-19,0.013790962495781933,-0.011604817709711945,0.012500880712126516,-0.002096004563968301,0.0077822365024229345
2021-10-20,-0.01089360633439159,-0.014419617280787,0.01876591441230846,0.022300068305690313,0.003885497169656693
2021-10-21,0.019259704038567065,-0.007415606263776686,-0.009418231080948525,-0.005215669849783555,0.002452051752734219
2021-10-22,-0.007082791826184172,-0.004703896167824073,0.006266709408085602,0.003370652755843251,-0.0010073138107852264
2021-10-25,0.02226960368266802,0.023957749319269306,0.003530533397301361,0.026985876529497188,0.005185157201432089
2021-10-26,0.020205070436122814,0.002430160150632299,0.004591254862302996,0.02136458911985817,0.0009550965069309303
2021-10-27,-0.012732727251703047,-0.03187533856143043,-0.00783352909513746,-0.02657833594038428,-0.004342013803551592
2021-10-28,0.03333875127403544,-0.005700047480965809,0.022553151565999796,0.039174282214717415,0.009776399941414882
2021-10-29,0.00783610186121697,-0.028562516873763433,-0.0008858917642806663,0.025430078945260504,0.001779589392754577
2021-11-01,0.027131945065075175,0.02666495338276953,-0.0028331678415550177,0.03160199639200478,0.0021082321756231703
2021-11-02,0.002750072951121766,0.0012742261148203093,0.011096291434204653,0.004764486330907369,0.003876564900566981
2021-11-03,0.006155300332384502,0.04261318966733696,0.04696000644892462,0.03201865020088723,0.0060279233917701625
2021-11-04,0.04382712223380562,-0.0010669467018489809,0.004546027565343724,0.04483200111267238,0.004681317564378951
2021-11-05,-0.004798230033962218,0.007709887062481047,-0.008935502542938456,-0.01853318369886653,0.003401143471235324
2021-11-08,0.018236988606577225,0.021351712428444802,-0.008953007173224226,-0.034371956551699445,0.001207398219445821
2021-11-09,-0.02975780375164257,-0.011723387106930439,-0.0049586412305283045,0.02546683021943974,-0.0035016768630754536
2021-11-10,-0.03789612983425309,-0.03542696904387066,0.013991707731115688,-0.030458407158402256,-0.008051605161792708
2021-11-11,0.024678705634315994,0.02080312275335433,-0.007767121101570795,0.01113298204145785,0.00032815294930155225
2021-11-12,-0.003237560453459835,0.0007947478758436599,0.0019794256507782992,0.019330750963472587,0.00743446828022476
2021-11-15,0.005231738967664268,-0.012341613628434667,0.001831103574561288,-0.015624037840101412,0.0004654058220192603
2021-11-16,-0.002520844629530431,-0.0011951189197521028,-0.005738781368748169,0.03964068152032735,0.003816254245146977
2021-11-17,-0.019210875145226347,-0.009012983705362076,-0.0027097381457628633,0.010603258984883401,-0.002410650912832213
2021-11-18,0.011040650714354339,0.01984452266357095,0.008310722962629358,-0.034082072453464396,0.0034619391912289466
2021-11-19,0.007773733571222315,-0.039235798512969766,-0.004857533843578343,-0.005677751867104841,-0.001875567898551922
2021-11-22,-0.02046251346991083,-0.01907541943159108,-0.006017370886848505,0.005113095305496751,-0.002644530540154011
2021-11-23,-0.004400919091011479,0.02594337162409699,0.009629606475365149,-0.07963278065580648,0.0013022270239069211
2021-11-24,0.019149191019734484,0.014754329981807479,-0.0033962677586493184,0.04329898238994834,0.002462563774189519
2021-11-26,-0.021909229053745594,-0.03198256215667722,-0.019445975831573425,-0.0019342494755406059,-0.021759742354263367
2021-11-29,0.017740406219986626,0.018691783561720743,-0.00970907784673608,-0.02309235572537427,0.01208117998524827
2021-11-30,-0.01175928679363858,-0.0444246953531342,-0.024920578947021876,-0.007294619086039067,-0.01914596506598676
2021-12-01,-0.043515739202595626,-0.03106396182680138,0.0012473802820403557,-0.04471671398985033,-0.011502001460920397
2021-12-02,0.01750127337944085,0.03175795310822971,-0.002112225121583544,-0.01514256388130003,0.015256700019563807
2021-12-03,-0.029491477056004006,-0.032491933080279534,-0.013356186925110092,-0.07170058303463583,-0.008845127354057847
2021-12-06,-0.0007742242498305352,0.012629358751827247,0.008866187039119566,-0.07206459692023504,0.011947157472311565
2021-12-07,0.05698560831938101,0.03459292045934503,0.0020011553464005516,0.07690699613814134,0.020553675365390767
2021-12-08,0.0038627002071189485,-0.008060329573137015,0.007658006587616728,0.01231463859078974,0.0028107381452844304
2021-12-09,-0.025246495197478607,-0.029883791821213923,-0.02069517519545383,-0.04007838445128764,-0.0068103493591307185
2021-12-10,-0.008126780710185652,-0.009907731029926425,0.006642580656829988,-0.008540706169565426,0.009539158350500676
2021-12-13,-0.03298705445771962,-0.015421356905582995,0.015990870724900685,-0.05124006348225302,-0.008871428555264238
2021-12-14,-0.002131331747457795,-0.0071546529863287245,0.008822580420780657,0.023262306228500174,-0.006806245385436727
2021-12-15,0.057881249021633975,0.020060131547006144,0.056286107789141115,0.008403464033594266,0.01563026713066784
2021-12-16,-0.04363895145759596,-0.012388669841391142,0.0074428508370737445,-0.023175348918054228,-0.0090350198598107
2021-12-17,0.006940318938442862,-0.01557624790797496,-0.02031082593933564,0.005584073625658437,-0.01037688413132909
2021-12-20,-0.02599150408872623,-0.0054479274426038615,0.008342710892647043,-0.030335168576002047,-0.010815753505546977
2021-12-21,0.0416655631314217,0.05763174559201101,0.009827235956616831,0.029899544270335143,0.017747091942497573
2021-12-22,-0.00041850757262192523,-0.010299695671681486,0.014392822110844583,0.011746197071827114,0.010101403790890418
2021-12-23,0.004587337725877901,0.0019781296440056773,0.022560441155280886,0.00021232033278667517,0.006163017055560882
2021-12-27,0.022157179196372462,0.015725614597868365,0.011240134794938128,-0.027128773076646462,0.014261158992030065
2021-12-28,-0.019267535909424094,-0.01623134169862217,-0.0056053209269675275,-0.024591714200164205,-0.0007520477063953646
2021-12-29,-0.005969219197390907,-0.005514928437884703,0.006428995764215406,-0.03263634653628078,0.0012086038347982608
2021-12-30,0.0001590269047052987,-0.015514936757720976,-0.001729054974478672,0.05470097763738857,-0.0028243040279957166
2021-12-31,-0.00989700825295207,0.000722854150553065,0.00023379239490256554,-0.001894339168261372,-0.0027411208781098484
2022-01-03,0.029514969646808293,0.025907899050059857,-0.020738619028972616,0.014374928944018317,0.006138683317668425
2022-01-04,-0.0018784485405786884,0.03145219318563863,-0.03647076988259618,-0.03957263415507006,-0.00040979017084241676
2022-01-05,-0.05073766767729163,0.0138560246556646,-0.027090418510309133,-0.0854828548737705,-0.01915407840211003
2022-01-06,-0.0005232938093423881,-0.009715285279063068,0.005710873588318233,0.010111663323155162,-0.0013468060776011814
2022-01-07,-0.01427219582835452,0.01616047421785005,0.007646673066736609,0.013232989176523935,-0.0034645579473828736
2022-01-10,-0.0018897225292599702,-0.011498307443890077,0.001929248536969963,-0.04589607167445198,-0.001306629432712314
2022-01-11,0.019689553630684104,0.020505885725889073,0.02184015516329929,0.0333048238386644,0.008761097870730428
2022-01-12,-0.006356644336698729,0.02109581221826784,-0.012344361621376754,0.004405296691695482,0.002987701105119367
2022-01-13,-0.03707087714589078,-0.024782712155524744,-0.007821717137721784,-0.06427289698333405,-0.013785313263921628
2022-01-14,0.008303326461055324,-0.008282823868953904,0.0032123129086231716,-0.010338358079418297,0.0003042985309502644
2022-01-18,-0.046799715274915776,-0.024516611776678632,0.0015319045579095247,-0.04574289435339807,-0.017531553277923884
2022-01-19,-0.03191927930622984,-0.012201023219012064,-0.020500658457283605,-0.01760259049939794,-0.010506485812314614
2022-01-20,-0.020017814876371515,0.01111622772078539,-0.01635232894250216,-0.003616148064103486,-0.01100318499026931
2022-01-21,-0.040915554289697766,-0.024771465438460167,8.098679148199617e-05,-0.0777427295139751,-0.01964663709818637
2022-01-24,0.00025472687682026596,-0.016265779182025097,-0.00020732323872374447,-0.0209126785600266,0.004172005681915891
2022-01-25,-0.035426734766139854,0.007370784673456199,-0.008006893555399908,-0.03304367829470389,-0.012142452759528077
2022-01-26,-0.004584945106233418,-0.000490223702803864,-0.006219861051570741,-0.009987473435893901,-0.0022529646715202523
2022-01-27,-0.03251503737661424,0.004418805278963396,-0.010957558815840707,-0.031026271047052245,-0.005068046834009299
2022-01-28,0.029100324123122762,0.026601122267724486,0.03237967405539788,0.022287148079667807,0.02451198924160436
2022-01-31,0.06884387182474587,0.012905008124359315,0.00300576112648121,0.09408450118089984,0.018288737174745773
2022-02-01,0.015349731810906228,0.03564044921688788,0.008613007693276553,0.04575891540112986,0.0065265593549344025
2022-02-02,-0.010181819420740737,0.020766959342941854,0.0030415906526436998,-0.017878361042550805,0.009534240119531079
2022-02-03,-0.05446031311010439,-0.014339495771415356,-0.02043576140224801,-0.05248762677498792,-0.02324203292931537
2022-02-04,0.023629567864750678,-0.009693614519761954,0.0020590250744780825,0.05024129756194329,0.0047004786842304025
2022-02-07,0.011844796365367912,-0.019059114042533836,-0.0017731953473293371,0.005089105114370773,-0.0032966677654771015
2022-02-08,0.01932152745701754,-0.010717150873149284,-0.007898273211095819,0.014262539243310224,0.008099013045535175
2022-02-09,0.056604707273191446,0.06605322659731445,0.02027660355731431,0.0865306921452833,0.014668622880719129
2022-02-10,-0.017958485635858706,-0.007708743672779887,-0.01036415786347783,-0.04571733205029521,-0.017571241079998856
2022-02-11,-0.042673088785009416,0.017797090596295233,-0.008578931247847421,-0.045197098568366345,-0.019943040804694445
2022-02-14,0.012322095458228674,-0.01693863388696541,-0.0019420470154476455,0.009663798668482937,-0.0032597218643825032
2022-02-15,0.07309044947429315,-0.0053504728657752425,0.02306798195382387,0.09235741626588223,0.01605465580746568
2022-02-16,0.00550167087352597,-0.009599488988820534,0.00422871141412684,0.009627759347817788,0.001194828523227054
2022-02-17,-0.07954289439064692,-0.018202703797093916,-0.020751779827523076,-0.0799278370055147,-0.021262010188530245
2022-02-18,-0.04041114759015111,-0.011705384775062999,-0.009898363332080828,0.016104706765154575,-0.006395359850708049
2022-02-22,-0.026670756405695384,-0.006675508473428238,-0.009630617896540739,-0.03948109216572354,-0.010944371651072649
2022-02-23,-0.027599192942970457,0.003034944129626793,-0.0031861305366364667,-0.004140044363924844,-0.018003640713716962
2022-02-24,0.07655928675736796,0.06418082808896974,-0.05575755925963938,0.11097585506314922,0.015368567192287408
2022-02-25,-0.0019798102156049304,0.008407519543571737,0.016846904234287585,-0.01048002350269367,0.021839914322757448
2022-02-28,0.008482163989880035,0.05099301001370171,-0.007151033794724815,0.013382594318043672,-0.002509948350560287
2022-03-01,-0.009895760149838987,0.002128848020990559,-0.0010205031040847468,-0.021648346698670662,-0.014999102723780466
2022-03-02,0.020647331673738594,0.031038225290270487,0.03701275194199183,-0.006268369771835758,0.018363865441317184
2022-03-03,-0.029596290381131502,-0.006135149798511967,0.007681346647822662,-0.030782545618635804,-0.005017352093483085
2022-03-04,-0.045280970470076766,0.010453084285879063,0.006919941811760422,-0.021005930212434798,-0.008088125418244885
2022-03-07,-0.03443368362850482,0.010008418906968871,-0.007124126369802253,-0.04058509370587543,-0.029521438429156333
2022-03-08,0.006593783952796898,0.010901260535177296,-0.004338151685722491,0.04407749203039768,-0.007546569702696293
2022-03-09,0.05444869507268827,0.01639341415140949,-0.0019195784851758768,0.2432458163341934,0.02665289781344371
2022-03-10,-0.00661699528162174,0.0021453150092449005,-0.00015164926256416855,-0.015321210828162846,-0.004454063234565875
2022-03-11,-0.014111461101808423,-0.025800859566535512,0.016082439146775984,-0.023676279862483496,-0.012757273384924495
2022-03-14,-0.052984707802115096,-0.008080061783529416,0.01084973389668642,-0.03319199399509093,-0.007302798534166488
2022-03-15,0.04509783320612715,-0.012616827931954103,0.022921724170381408,-0.05811854006509798,0.021938788239952656
2022-03-16,0.06989385110623451,-0.0013381525572975228,0.01220836098332767,0.09515019374632672,0.022361437562863573
2022-03-17,0.02602662237759586,0.032542359145498446,0.02171883053773993,0.015406959469115078,0.012234214814448308
2022-03-18,0.04310631382874219,-0.00034938578213087695,-0.0051863273172168545,0.056621027183049844,0.01105046458268677
2022-03-21,-0.011150511681063327,0.03426776662923873,0.006153115570551648,-0.020700518369412224,4.8890681547231196e-05
2022-03-22,0.028971970496908694,0.008385398737548807,-0.015770429875312686,0.02630979273849865,0.011612318389124354
2022-03-23,-0.026267817191296117,0.011408209629069854,-0.005777668287405835,-0.03388126901885763,-0.012877681987430112
2022-03-24,0.054455510182899104,0.012634144018258317,0.009223316804425119,0.027844535431604978,0.014864501205897884
2022-03-25,-0.011090002390534667,0.02428247920326143,-0.008953500060511488,-0.04555411825627176,0.005071829777476555
2022-03-28,0.018044899097879652,-0.009846458285045748,0.005682412912956014,-0.0017430664955551678,0.006897239545835543
2022-03-29,0.029164496744971125,-0.01311845569805096,0.003610639010797556,0.05325691173216518,0.012649427671125979
2022-03-30,-0.02367153287567103,0.020178768192829672,-0.005328252689683177,-0.04156904659660576,-0.006222249188910567
2022-03-31,-0.01250862867937789,-0.001220277229186754,0.004690088478212395,-0.018620443156865507,-0.015368160951915844
2022-04-01,-0.007389331766304112,0.01795730480795273,0.025603003082823705,0.022486613146700807,0.002770050436472271
2022-04-04,0.022962574221092085,-0.0063459525277228535,-0.003814349617548285,0.017852034757555535,0.008479169202629366
2022-04-05,-0.04512592299200432,0.0008821811805693377,0.003683415080492969,-0.014628340284540686,-0.012361799980014188
2022-04-06,-0.044300544273961906,0.002924125226378823,0.024905598564321285,-0.001240800483026383,-0.010128788668404942
2022-04-07,-0.014524406984746477,0.040925388222624814,0.016715368811534126,-0.014775978046986105,0.005043227039690956
2022-04-08,-0.02435590318283128,0.015454582378166956,0.003075544534173469,-0.021316208118816293,-0.0024240379810487322
2022-04-11,-0.026455745286454408,-0.025338301823363385,-0.014232918840782094,-0.003066979008704729,-0.01732566710755501
2022-04-12,-0.013066140519295147,0.007002874919719034,0.001594162015120304,0.01455447231635304,-0.0036596876894394725
2022-04-13,0.028341553979339462,0.015797502878681053,0.0006753383067985008,0.00943560122356707,0.011292505522047414
2022-04-14,-0.039315391010694443,-0.0030476819649687035,0.0031838378391373934,-0.02644964024529317,-0.012148080718784038
2022-04-18,0.00211522401645999,-0.00511140019067724,-0.01311218105003098,-0.08077308021574314,0.00017390721586862945
2022-04-19,0.0364200341400327,0.013474693500708438,-0.015130643415770528,0.034343509594399024,0.015971393653369415
2022-04-20,-0.013797920063851388,0.005443194028438625,0.0013104745665136197,-0.008523867573950128,-0.0007577403625913526
2022-04-21,-0.037099036762509474,-0.051811985185735376,0.002253327912872305,-0.050959078939342206,-0.01482716384331384
2022-04-22,-0.02553466163584032,-0.009904731054711643,-0.02559161927619602,-0.03574062780407794,-0.027294135646516282
2022-04-25,0.013312966621371899,-0.021092261314798577,0.00790204429529423,0.028671577507225487,0.00546411762261334
2022-04-26,-0.05853012017071343,-0.009116567013247331,-0.034841263696468006,-0.06484250389676188,-0.028593275180077815
2022-04-27,-0.022684659265288214,0.010918913122103321,0.011117315566928965,-0.0033670470469303604,0.0025878851580085627
2022-04-28,0.04782540236952726,0.011533561676326206,0.02711453374306516,0.06311744124073493,0.025056619468981634
2022-04-29,-0.04338485433350484,-0.03198909971902627,-0.013607826027745296,-0.032072847846652874,-0.03672986641885556
2022-05-02,0.03161323492869824,-0.009746325917851332,0.0019653166288048918,0.033972493592782316,0.006284588503031818
2022-05-03,0.0001920306545416898,0.023325259677512644,-0.0029621291783908377,0.011089311980396255,0.004329809106382365
2022-05-04,0.045128524515902546,0.0337956470112463,0.030443416753329955,0.020573109335531636,0.030334806102355172
2022-05-05,-0.06446848020722995,-0.04088080080816384,-0.002599365709230028,-0.04505421391741776,-0.035122002477147585
2022-05-06,-0.03262759800186077,0.0023291081479122435,-7.349595722849767e-06,-0.0026451482482564015,-0.006281268616519786
2022-05-09,-0.1105998711163545,-0.0826689375642885,-0.027882369230877335,-0.12918403541750845,-0.032266697834763436
2022-05-10,0.020695163265742018,-0.0034655483825375053,-0.0046183335868872355,-0.058014973786933044,0.00256893552530979
2022-05-11,-0.04014967177998533,-0.005694527263340706,0.002793229761407723,-0.0265426664268944,-0.016110625487771535
2022-05-12,0.014876942962327777,-0.026450440331976893,0.014149090640843354,0.04395703710866661,-0.0007756965076409772
2022-05-13,0.08416050184791923,0.03898363429094472,0.007099268848812623,0.06848939031577317,0.023596513119852336
2022-05-16,-0.02881705252977988,0.023313372250039082,0.017893852522250397,-0.08142068943680669,-0.0035759558403047897
2022-05-17,0.046102675204851305,0.03184064820838454,0.019200098473984295,0.05448906765857009,0.020008899033693295
2022-05-18,-0.04440921496064776,-0.030296270639079654,-0.024988330293823025,-0.09621502874955845,-0.03960541490732761
2022-05-19,-0.009597018661785158,-0.004188092956843044,-0.01260066337018223,-0.006356659636322481,-0.006688388731136197
2022-05-20,-0.015266766796240986,0.0015933719011513487,0.02739342632449293,0.04149529257111201,0.0002516439971176343
2022-05-23,0.016701262624965334,0.010898515380517634,0.06417771116604942,-0.012622081822315445,0.018965271631524283
2022-05-24,-0.05834862904353588,-0.006044149515530413,0.02651410268108767,-0.06469955266133526,-0.007209374025971993
2022-05-25,0.030910739215152416,0.03428887694235557,0.023273329879239912,0.03805269678926848,0.008338492763608096
2022-05-26,0.04385156843265259,0.026041070675376532,0.0026013397450375675,0.025104711117350242,0.01987964980025536
2022-05-27,0.05938067461628712,0.035087290093003265,0.04056246978546707,0.08271586081597726,0.025076374014084468
2022-05-31,-0.006610971733884548,-0.03655088053181632,-0.02715836482502204,-0.020977048799061093,-0.005552747492019949
2022-06-01,-0.017825862012827653,0.013665135521397587,-0.001702645788994539,-0.008256882575760682,-0.008375500897719768
2022-06-02,0.0665230937613616,0.02493356378318164,-0.02051810982292207,0.05070891571839087,0.01899106332283451
2022-06-03,-0.03567689243432578,-0.0020043589494072034,-0.00039144456345452383,-0.016906673715201714,-0.01618695961597183
2022-06-06,0.012830791464544985,0.0012612291096130897,-0.003288725446489338,-0.037827295413608075,0.0027289428232875057
2022-06-07,0.009350008965681722,0.042758632163226507,0.0205600973976634,-0.0147055460051424,0.00977640015262704
2022-06-08,-0.00941360270250354,-0.014342033325282869,0.002467432999967434,-0.019773220675629977,-0.010937704806768478
2022-06-09,-0.046490986664518674,-0.043825973924673245,-0.03288002705305337,-0.060585528720103976,-0.02351909427452259
2022-06-10,-0.04097501100673536,-0.020271393710880974,-0.01144155287903531,-0.07371844566429286,-0.029341665792626315
2022-06-13,-0.06396535425396684,-0.07328530736030703,-0.01914093446120957,-0.005644800188105481,-0.03854635308167298
2022-06-14,0.006941511922257559,-0.012484681295474198,0.0032705634413272566,-0.039333271080093324,-0.0024966213157092687
2022-06-15,0.029242141761460266,0.026486822235864887,0.008021197458310425,0.055860405206318964,0.014318937961774525
2022-06-16,-0.0557800500924196,-0.034165312694617346,-0.013893915783403599,-0.04007876313413805,-0.03285330282929544
2022-06-17,0.02275160682923764,-0.005404915778926915,0.008839945417934314,0.02774414802640046,0.002610996195471449
2022-06-21,0.04036644943426452,0.05093766155047078,0.03262994329842228,0.00814861195682054,0.024500881497155902
2022-06-22,-0.002250820668175687,-0.032357149874191436,0.02330426837683086,-0.00264175698709207,-0.0021086190235699576
2022-06-23,0.02311899083655311,-0.008065924025054313,0.02823319019214776,0.011948958584686808,0.010506439730496364
2022-06-24,0.06300056251686947,0.02866583937846327,0.01666034970708158,-0.0022055398897413703,0.0311345856186942
2022-06-27,-0.021314735991472305,0.01929419401471999,0.007116256755735351,-0.01835808241468445,-0.003749983113052524
2022-06-28,-0.04502155348063711,-0.0031193113562117958,-0.029506368308517994,-0.026694892737290477,-0.021608873859535693
2022-06-29,-0.020798447775942013,-0.01755616245856051,0.017592331747073975,-0.025571174643053418,0.0004922114718628468
2022-06-30,-0.020030965778088494,-0.015269831691848998,-0.003656419377415343,3.36021858295954e-05,-0.007893858750778415
2022-07-01,-0.01854194092959416,0.011959466467960792,0.0057477939983933135,0.005300128776756785,0.010262848178676842
2022-07-05,0.033528503262297095,-0.027538903783861996,0.002017754663411253,0.03500665011927406,0.0017692395937043415
2022-07-06,-0.013445364227165801,-0.010112953697735905,0.014553572126981384,-0.02332012119708382,0.003617495621274891
2022-07-07,0.04006327631411769,0.0559945606229697,-0.006845727207921648,0.057128886833298975,0.014673617924309879
2022-07-08,-0.0008846949428067777,-0.007287088257399025,0.01210604079848332,0.005514319168696269,-0.0005871927489778939
2022-07-11,-0.040454529290210726,-0.016615582643152587,-0.003966012553006992,-0.013798754117885503,-0.011307277361287671
2022-07-12,-0.009696615064092065,-0.00891450970374045,-0.015577194152013363,-0.013705318713586878,-0.009228674110862922
2022-07-13,-0.004783750833779872,-5.779232920318419e-05,-0.007773888641197768,-0.02340835285753623,-0.004657271794004991
2022-07-14,-0.00638842508648015,0.004032954548389219,0.007502481671017747,-0.0020186747316500164,-0.0026410165856064483
2022-07-15,0.02640479584677946,-0.008462153596524913,0.013424432197421954,0.011414291209285388,0.018909869701772664
2022-07-18,0.002946425192968838,0.004859566113632141,-0.02725548740051209,0.00381520039931621,-0.008276838497802252
2022-07-19,0.038097982913375704,0.031277807733318085,0.0011599692855555621,0.026710476462847077,0.027144899385173726
2022-07-20,0.05588562884284731,0.005965999527390853,-0.017842277834291875,0.03954084904226762,0.006406100628638001
2022-07-21,0.02229096294682324,-0.0029882642059543643,0.007747198813666367,-0.0011441364195137194,0.010112306265841253
2022-07-22,-0.03928723766375456,-0.020131822182869907,0.0011410648097921472,-0.057322220471670904,-0.009111207592185644
2022-07-25,-0.015281328922579976,0.026953428586477795,0.009869567989789663,0.00909162341801717,0.0009912534836324927
2022-07-26,-0.01821289829730292,0.015502747613861464,0.007603386076961538,-0.027216906719107647,-0.011990806128016507
2022-07-27,0.0520724200466276,0.03457549500530536,-0.004901454864756072,0.04752881051547475,0.026193380067324412
2022-07-28,0.009472559307271089,0.0588692135716159,0.0006410734252667027,0.09198161232860358,0.012640344134363213
2022-07-29,0.012275621089795777,0.018781057136542767,0.0006701472711270751,0.005483742723774165,0.014652481349335167
2022-08-01,0.010739629836526468,-0.02213877118587933,-0.020887117838870872,-0.002110899522331511,-0.0030097221373306393
2022-08-02,0.015107149045839688,0.005188982939746197,-0.007313463095972139,-0.017699655423791205,-0.006461117649799952
2022-08-03,0.01786508714270818,-0.0013451524235317258,-0.0015598899714720504,0.09270658021083844,0.015618109809308
2022-08-04,0.01031713911527432,0.0017946580912037158,-0.028497353141788417,0.06469389970802752,-0.0007875430918006243
2022-08-05,-0.0026517769081904805,0.051550000802331075,-0.0066312993530071584,-0.004983159964375539,-0.002074633023418926
2022-08-08,-0.067126360165551,0.011576153807557388,-0.004628863462905364,-0.01245639076651317,-0.0008947524202462809
2022-08-09,-0.04675353315369779,-0.00807447086077854,0.0018652012260628181,0.04808919764419739,-0.003951102375679749
2022-08-10,0.03989381176475678,0.015237217047857484,0.007916376898449706,0.08464196074851393,0.020944588365383376
2022-08-11,-0.00627109229555356,0.014402992544729395,-0.008084617204797862,0.09938553486325952,0.0
2022-08-12,0.03412631845514347,0.02192877771280921,0.0056330890738989225,0.14076063839393316,0.017121828242062875
2022-08-15,0.007706737655241547,-0.009078338887462086,0.012412268452304587,0.013644300767631734,0.0042785261390654306
2022-08-16,5.283101156442852e-05,0.01532550747295954,0.0017749791365466172,0.0462745217715993,0.0017495972372625346
2022-08-17,-0.028822238589058597,-0.02025235622137256,0.010421859751566287,-0.06580668027140596,-0.006834946720144286
2022-08-18,0.020876780561697394,0.020769397312802623,0.0039254686942755135,-0.04551420381044646,0.003084210282006783
2022-08-19,-0.0454698637877737,-0.033298208243714655,0.011788872913174875,-0.016736534351212973,-0.013797544878676571
2022-08-22,-0.03836356597327865,-0.004653967173687305,-0.00868951936862522,-0.05676478544895769,-0.021075848945558584
2022-08-23,0.005137562400744959,0.0253291767220812,0.0016911308513722911,0.031431500622298825,-0.00236889126404094
2022-08-24,-1.2228996309593398e-05,0.05301411855773567,-0.0028917958578240643,-0.0028134926521461434,0.0030340614825319356
2022-08-25,0.023688319035334304,0.009451824500139927,0.0028527692017569772,-0.03153011106016679,0.014571591011589335
2022-08-26,-0.06520051413695323,-0.019226612430648382,-0.02413921040378747,0.009909850205350623,-0.0342726995408843
2022-08-29,-0.025209556778126602,0.026781159940844734,-0.003486005129031078,-0.002979594929189644,-0.006603754367244252
2022-08-30,-0.024054547684015975,-0.007160203704185575,-0.001611355679776716,-0.00862069100514451,-0.010863366900282445
2022-08-31,-0.01530528128595221,-0.00040139355846931696,0.008006788306240131,0.03815092884981597,-0.007868209302659968
2022-09-01,-0.054678682961063006,-0.010199253154804447,0.011899532070710594,-0.04545152734015817,0.0030839478836548473
2022-09-02,-0.019179156782975104,0.00922492673870845,-0.019605188014966635,-0.01625354533030826,-0.01048667571670625
2022-09-06,-0.023365372119156902,-0.004602543188645207,0.007853630343684637,-0.0038126098763316962,-0.003356899354474141
2022-09-07,0.01370258406092025,0.0051966539428114356,0.00718235633536024,-0.0022981475851490685,0.017926493072939698
2022-09-08,0.023432514869786703,0.027860423522179916,0.00992790435780122,-0.014390687749835207,0.006536186649896081
2022-09-09,0.028442829024158584,0.011238517241130527,0.0029724825545630607,0.04016039722798559,0.015431805792011088
2022-09-12,0.017121736474650096,0.0021694500573052147,-0.007348495931502497,0.015345342739277568,0.010996522721193669
2022-09-13,-0.06343285997239541,-0.0019864802173263176,-0.02596123537063233,-0.05035095818312446,-0.04361405138743901
2022-09-14,-0.0024192086360631158,0.0312698848427746,0.011131993361086612,0.018326938317930752,0.003735787294677495
2022-09-15,0.009032006993966668,-0.02586916169267058,0.0031044833922512782,-0.10962810540773277,-0.011165471350695788
2022-09-16,-0.0051715256769681766,-0.025074478807809036,-0.006670195036541315,-0.031568574062084354,-0.007862175519386394
2022-09-19,0.003763397383590957,0.021429098163639287,-0.008947996671451963,0.016467895471914296,0.007671678371331314
2022-09-20,-0.01870664948643112,-0.005718045963334917,-0.027891077017858257,-0.018381327253989888,-0.011266464422906908
2022-09-21,0.004150172322643512,-0.01801343175354449,-0.012585294814312253,-0.0234844678565006,-0.017599599124441756
2022-09-22,-0.04966599116911404,-0.011129044487980652,0.030129694287314046,-0.08970272756064057,-0.008440839724909943
2022-09-23,-0.009722911068308063,-0.04933935975568241,8.357424883942421e-05,-0.06859789303109387,-0.01661989697890942
2022-09-26,-0.007444376547609544,-0.019320012267241338,-0.01676082513240218,0.011943062743945299,-0.00968718794308343
2022-09-27,0.00683375951622008,0.02957263605990697,0.012223648946317445,-0.016716849481779483,-0.0028243022481515556
2022-09-28,0.02294967267615718,0.03842968475939516,0.050019326875975545,0.05807764489424827,0.0196425088233827
2022-09-29,-0.016678524970484054,-0.009829762764179203,-0.013972395787660297,-0.04670660757524808,-0.02085306580112123
2022-09-30,-0.005973410534444075,-0.0014724620392689847,-0.006628015614731586,-0.0016494528399486619,-0.015237934698312694
2022-10-03,0.027856387654746628,0.029050245979153216,0.008081996842898398,0.025328879310465013,0.026439408509636442
2022-10-04,0.04641209892206125,0.02231555959681016,0.016918417635596872,0.05830925204834603,0.030357696710580084
2022-10-05,-0.0005995373350762648,-0.004038637883172602,-0.005413971305282983,-0.024477939764714907,-0.0017279695228472614
2022-10-06,-0.0036609909268156735,-0.017162186627931713,-0.0035420539131936213,0.02773254571087258,-0.010530272934694218
2022-10-07,-0.049271658074266846,-0.005914197889772321,-0.016667105762865342,-0.05010923372397147,-0.02807925969886671
2022-10-10,-0.03524602103153348,-0.02675600974940695,-0.00622271340881192,0.002172205804680194,-0.007470228266673207
2022-10-11,-0.011032210665215425,-0.0010979418641783683,0.019152828548678946,-0.024418624918220444,-0.006589302200972091
2022-10-12,-0.013663868011196198,-0.041459359084943435,-0.0051682758874633805,-0.02827527320324147,-0.0031033080236432253
2022-10-13,0.016513941998927233,0.020672607434525148,0.017540697903707936,0.02933077227087877,0.026187203771239842
2022-10-14,-0.06355207846411204,-0.040671211185801824,0.005199794101865274,-0.019464730004020048,-0.022515047402892896
2022-10-17,0.04795470513939929,0.03946654643491132,0.014865007893686721,0.05272113638289033,0.0254068122440243
2022-10-18,0.013237519873118053,0.007237990831108025,-0.002445562728780659,-0.00910047671196429,0.011780724925272157
2022-10-19,-0.014039675010625788,-0.004518551512827244,-0.014925240208045365,-0.04206764567093585,-0.006921640635320081
2022-10-20,0.007729757870412968,0.007750432180311943,-0.0020422582202784256,-0.012964247102850268,-0.008210050133601321
2022-10-21,0.029360944878390176,0.02296561123548191,0.025769039578547814,-0.01679907553808152,0.0240300938590281
2022-10-24,0.002752105649709217,-0.01095759078607598,0.01682264997349714,-0.028694949868800612,0.012183599462391559
2022-10-25,0.05009733703008856,0.012434971650239582,0.015414693483666753,0.07229786259362747,0.016260332301654135
2022-10-26,-0.0103740296650597,0.008358553973562518,0.011394944289471853,-0.006991212323638807,-0.007462883928375907
2022-10-27,0.0022422313714129207,0.011258550856298863,-0.006287948829539591,-0.008068673141241545,-0.005354505474180149
2022-10-28,0.027862926897989155,0.00767291925727102,0.01904779134506418,0.08709807927489976,0.02333700212615697
2022-10-31,-0.010177242486928528,-0.0006546440897942837,-0.00044656882980204093,0.050549224172815266,-0.006799566438356219
2022-11-01,0.0036619276432756274,0.00870949602401542,-0.017773679110801077,-0.014090807794677473,-0.004028635474653708
2022-11-02,-0.04043636562595365,-0.018536446958439663,0.05867527022310293,-0.06910899582107205,-0.02551473995819664
2022-11-03,-0.011979612425575437,0.0022300552699793252,0.03266719829380582,-0.004366169980699719,-0.010653187585354051
2022-11-04,0.01575419535979457,-0.014711107416982413,-0.00727819474726249,0.06454912323416573,0.014640744573178655
2022-11-07,-0.036504225388967325,0.0105077178220081,0.014701800038038226,0.04496402315004816,0.00960050662264833
2022-11-08,-0.0036502245850254336,-0.0067485961740664235,-0.005243699418688297,-0.008802515532185085,0.005441807794737352
2022-11-09,-0.0043362414800055165,-0.03521473556981828,-0.001636121653401379,-0.0802200541412218,-0.02042495841229286
2022-11-10,0.10908727095230468,0.04780132752030234,0.005553507670488567,0.1212125707705739,0.05473000831146391
2022-11-11,0.08047948195350181,-0.015586394280716545,-0.037320489482008334,0.12354581203410975,0.009567373601977014
2022-11-14,-0.02025395953388272,0.009933025920788189,0.005160477733234969,-0.08930582578603247,-0.008029307953008935
2022-11-15,0.048784634061441734,0.0065848387580441274,0.00021683623366564042,-0.024536469316770948,0.008259373757241395
2022-11-16,-0.056388167314963024,-0.012208895897809416,0.007981828201516827,-0.10487613041052796,-0.007590991869647512
2022-11-17,-0.03068041959561929,-0.014747701525525589,0.018193818722847754,-0.013131744437005044,-0.0028890398179746146
2022-11-18,-0.01919689381166793,0.019138819885202125,0.0010018694927557137,-0.002984793988999479,0.004415046875773543
2022-11-21,-0.01878036444168681,-0.016703319039280278,0.001141552296078041,-0.037252911567163094,-0.0035165472653400087
2022-11-22,0.01998251943025786,0.03820861362370224,0.00965166563890979,0.002325461531766604,0.013316507841146796
2022-11-23,0.027683863333814118,0.006033724540763637,-0.006347450857847159,0.01847602705071072,0.006257782209655449
2022-11-25,-0.011521517858451902,0.002403169388861167,0.00714656843382977,-0.02800303001023996,-0.00010813756001681885
2022-11-28,-0.022537268312526337,-0.028730729282460416,0.005598609276467825,-0.040727629309546265,-0.015819349710005204
2022-11-29,-0.01491811955631269,0.007778048627462046,-0.0018598419876385552,-0.00702181945422875,-0.0017584666898337042
2022-11-30,0.0615492547751452,0.026498796104426143,0.026140368913883827,-0.015912287675153458,0.030772556620352054
2022-12-01,0.025447985885061142,-0.01373902382183112,-0.008656519212876801,0.0018468197474543202,0.00013366523289159993
2022-12-02,-0.008866892378174543,-0.010112371100586492,0.01131492477309548,0.009641498854015551,-0.0014418808622547186
2022-12-05,-0.03338455676444877,-0.027417543127216153,-0.01596796528910205,-0.032383272057543044,-0.017807729439281106
2022-12-06,-0.04065452207926601,-0.026791634151656012,0.004245396926913003,-0.08169237620401193,-0.014454974623452022
2022-12-07,0.00515164752139378,0.010010140919243274,0.00552114348590016,-0.04138088930132111,-0.0019337644815879962
2022-12-08,0.043668099953648655,-0.007682647346964962,0.004810741904325511,-0.0015317860518556103,0.007887510464526626
2022-12-09,-0.01599151624437371,-0.01809725188630647,-0.013541741589963407,-0.020924943751827352,-0.007303971376638518
2022-12-12,0.019474600597678398,0.020942605050671654,0.007921671830967258,0.031630589673359744,0.01427300776731344
2022-12-13,0.04795678787826163,0.004812295145046812,-0.0180876181017946,-0.04553557673525821,0.007390772914258603
2022-12-14,-0.024077084984404234,-0.004449870978299926,0.007253802683189092,-0.005995226597130032,-0.0060370575156253325
2022-12-15,-0.05123490366260197,-0.01615440553827796,-0.006354480650826444,-0.026073821709140133,-0.0245943611595425
2022-12-16,-0.012722376132607405,-0.011626429813706726,0.005442555382147163,0.007566938406429857,-0.011922844074449879
2022-12-19,-0.04378281212511018,-0.017676044010754437,-0.0160059957985883,-0.027361207313584546,-0.008619210946534173
2022-12-20,-0.004673477882755739,0.008089341988756512,0.00701690502004515,-0.04013728251148896,0.0015238356376292561
2022-12-21,0.017965908673519104,0.021013081018822932,0.01108923394438377,0.01491641844465541,0.01495694860606589
2022-12-22,-0.03448716647739325,-0.020301565272466626,0.00272430564121684,0.0013156202603316625,-0.014060283317093414
2022-12-23,-0.008257052538964582,0.016352277175819108,0.0063763360594626395,0.029108636046951575,0.005601465316553034
2022-12-27,-0.039757150792238995,0.0034074205562834394,-0.013196243155000176,-0.0681537223904985,-0.003978785750171077
2022-12-28,-0.006291946306742642,-0.021854248205927445,-0.00024648430570223256,0.017877464516873665,-0.012269243020243015
2022-12-29,0.056002728959463864,0.0032880227845031307,0.0072747759130499245,0.09116101112167907,0.017737023805045382
2022-12-30,0.0063052594746102475,-0.0007483306463016796,0.0021969538536676936,0.06742211366746265,-0.0027534091351827383
2023-01-03,-0.010656788709818307,-0.0336171785848887,-0.009738091014789452,-0.024081823971897676,-0.0038424484136296844
2023-01-04,0.03053554293303118,0.00986872214106053,-0.003485477945394666,0.03765888695835318,0.007200212532428862
2023-01-05,-0.030598514921553743,0.001266682709030224,-0.0033919105674587446,0.009567390180261037,-0.010921615644304272
2023-01-06,0.03227994569199518,0.02305032946370278,0.009339474372772494,0.030321995311227368,0.022744060084799456
2023-01-09,0.04032302384907623,0.00955676780764847,-0.03833841690929363,0.0019758566757443474,-0.0007290368700638705
2023-01-10,0.019003969507231044,0.009257144431040828,0.0012299244076228733,0.02941762594346109,0.007128133643706125
2023-01-11,0.01841879986866683,0.011502364931043877,0.011578847102114542,0.029184443603628263,0.0127623683811664
2023-01-12,0.022561006694820234,0.013006905401938754,-0.006016498668885761,0.0663531712118467,0.0037419743778723813
2023-01-13,0.010957807655034624,0.008152309703334063,0.0024866880569583416,0.0013595441124011898,0.0038924726467428616
2023-01-17,0.031044424157077605,-0.022063603628192114,-0.00524979545240839,0.08117299167380887,-0.0015292503641624045
2023-01-18,-0.013507349425014747,-0.01336269854097453,-0.010957667644862334,-0.06464831124695825,-0.016244121012961577
2023-01-19,-0.02284951472323275,0.0037857468927863978,-0.00043500647561595107,-0.04459362400621836,-0.007199693248559846
2023-01-20,0.040299023142676006,0.02433151486487417,-0.0039043750670352817,0.011904403157181054,0.018395752816713573
2023-01-23,0.0578221945313806,0.01878875911481437,-0.011041301372672119,0.020688957714963596,0.012180481196744974
2023-01-24,-0.018360964319956485,-0.008165144621605114,0.009159567039890848,0.0014623729802788477,-0.0010596369995828914
2023-01-25,0.00959755263177342,-0.0021393846510599688,0.015380983101664802,-0.0012006496009093204,0.0003535000023926482
2023-01-26,0.015522633852528944,0.012184221964429032,-0.005636829185093228,-0.015507035787194812,0.010682747102941814
2023-01-27,0.02456402176655133,0.007326471600805795,-0.017101059451445244,0.03168778490305535,0.0028509899509703285
2023-01-30,-0.04240650982946662,-0.01735988602966902,-0.004206181251622254,-0.0285027541830985,-0.012497624135947016
2023-01-31,0.027075896084484796,0.023516659720567528,0.013979549385689682,0.03612931014866294,0.014204190958438279
2023-02-01,0.051584171646490574,0.010483073016584132,-0.008337265797825844,0.018183397718463445,0.0109520014352944
2023-02-02,0.0563249595144942,-0.012654483072805034,-0.018305597911391858,0.053034348209884064,0.014329917876484188
2023-02-03,-0.043754412332877766,-0.019871409302870496,-0.000201948999800583,0.025418781735733975,-0.010680390157968733
2023-02-06,-0.017404651344658295,-0.0035745933073750105,0.002732179171622884,-0.04082825753436631,-0.0057807251618927635
2023-02-07,0.02730367377685794,0.020229130242256737,0.003794218210133038,-0.0012046848333861493,0.012902870675084666
2023-02-08,-0.01303236230544839,-0.014096994057508083,-0.004087163363174329,-0.022794779144273747,-0.010956303851986648
2023-02-09,-0.0077183810993221025,0.012133819229297349,0.002485180935417497,-0.021668076759984778,-0.008559816710420054
2023-02-10,-0.03817902979456419,0.027649723753256177,0.008563649919702265,0.01745311722663956,0.0024323469299873945
2023-02-13,0.01680522929820098,-0.01406865862020131,0.009393736022664578,0.003932153324691101,0.011546345909524858
2023-02-14,0.10042760308731087,0.0037258283067611955,-0.008033836957462459,0.04406849712964522,-0.0003690057441753103
2023-02-15,0.03975102664694041,0.01008294567983418,-0.01761982092086234,0.04354836535751516,0.0033489402335120655
2023-02-16,-0.026527639664158498,-0.016185248013545633,-0.01711233082350533,-0.036130392727320826,-0.013903460454946837
2023-02-17,-0.03083567098354789,-0.01254412392946743,0.01214315808557942,0.010736915484819864,-0.002585584871851121
2023-02-21,-0.05595127549925464,-0.03786107393442062,-0.0023520959086504867,-0.07919991177527713,-0.01985473819427197
2023-02-22,-0.0024179397547507975,-0.0015612713558741387,-0.020145297816630325,0.02349945271467535,-0.0012539658031530676
2023-02-23,0.05505009955056461,0.037063763833759235,0.007101405291782159,-0.010442215096318597,0.005022859565971816
2023-02-24,-0.023006526007914974,-0.0044797364599736085,-0.006158132715528342,-0.02005001870869333,-0.01070170646601476
2023-02-27,-0.0010343369823800168,0.0034985160694079496,-0.013469244507561262,0.04760958035605156,0.003459531901141233
2023-02-28,-0.006828927404849268,-0.022284314851482783,-0.010329716697281444,-0.001917510244151377,-0.0037759772977385975
2023-03-01,-0.013969554552461627,0.011854962984084838,0.002402466828356653,-0.04604901061596961,-0.003652590055949645
2023-03-02,0.019482270643387218,0.012493991223173628,0.0011350518083862449,-0.027363796277016517,0.007470164850051697
2023-03-03,0.032151666260158564,0.020164287207572833,0.013392410003800759,0.06952735878224225,0.015841718679405092
2023-03-06,-0.016227868077932122,-0.02888284028994792,-0.000514784432250559,0.043977570198626637,0.0012119135505688217
2023-03-07,-0.014853329053122422,-0.016841166756881742,-0.03573765635978349,-0.016279944983315364,-0.015468204323178525
2023-03-08,0.007791528795952425,-0.002937318803017804,-0.026764657626327293,-0.00514708094324573,0.001557571936288582
2023-03-09,-0.04020607966164299,-1.4809518196175672e-05,0.012778973356092238,-0.060707412696393515,-0.018305829576684363
2023-03-10,-0.0335232171035745,-0.013042554863598621,0.00490320276936812,-0.05130205296985846,-0.01433967686422466
2023-03-13,0.010450784423815418,-0.003587267425635865,0.006179121906817686,-0.0019873279546419043,-0.00169154259374793
2023-03-14,0.01343765454088138,-0.0027163050029671934,-0.005057896823531249,0.013015099257691731,0.01660630826817444
2023-03-15,-0.00702352469168932,-0.031267901244144726,-0.0034914636436584323,-0.005868426513762459,-0.00616737401900358
2023-03-16,0.024906388602345286,0.014755133488462505,0.005953053997576174,0.024936727053972207,0.01710720669434207
2023-03-17,-0.015498508027872263,-0.009416549571241606,-0.0012580013992192773,-0.022819589272258967,-0.010938126673125215
2023-03-20,0.015369526692041946,0.004998193730765266,0.018955876814595873,-0.011206964779914397,0.009030671957956038
2023-03-21,0.020733473969132055,0.011783740032288326,-0.009951806768806193,0.026232052451569565,0.013080697371683492
2023-03-22,-0.016675175881259625,-0.023070455241091452,-0.021170912085877458,-0.036045340220331346,-0.016581319147537132
2023-03-23,0.020546094459764557,-0.009177733128375812,0.009635861332885631,-0.00846022903675342,0.002377189242358524
2023-03-24,-0.009868203857118804,-0.0030561113744231503,0.014319119413004677,0.02157724923406501,0.006664502074743783
2023-03-27,-0.00642189360968896,0.019447925886966273,-0.006663411090965687,-0.008417500308860404,0.0016504717793515145
2023-03-28,-0.002132179577694182,0.021209592047302255,0.0066446941020394945,-0.023924692392696012,-0.001757479855264532
2023-03-29,0.03035161204639906,0.01341754788183754,-0.00649563542774606,0.07394404271918531,0.01422212474856921
2023-03-30,0.008462002248026401,0.011767378401944306,0.011249415075582747,0.004249199576716156,0.0059670056333109844
2023-03-31,0.0238542092689793,0.007909128301570312,0.015330783593808128,-0.09296898729897402,0.013966320377480024
2023-04-03,-0.00024263300215806213,-0.006564972795972013,0.01369372277704517,-0.024606299582147995,0.003962019518284121
2023-04-04,-0.01306891652367459,-0.022465893832725386,0.009658724156178744,-0.056236317323788865,-0.0056416578795766
2023-04-05,-0.028480253790699257,0.00455221595761864,0.023531050373214235,-0.05256580318390969,-0.0024236174325611426
2023-04-06,-0.027176597208212565,-0.0030139512640300348,-0.004096018670765533,0.026565157103739634,0.003818207806749019
2023-04-10,0.03622528110106379,0.0024746336292997087,-0.010818667272975258,0.04426543580834785,0.001090496365704352
2023-04-11,0.0005170980979067504,-0.001404629741004119,0.0032072043490927182,0.00875002145767212,0.00013300976372954132
2023-04-12,-0.02114769783118579,-0.0009407067714649978,0.005776335767199714,-0.02579032990898983,-0.003985021587720516
2023-04-13,0.009015374596360334,0.014226745998291953,0.02137338844933001,-0.015385505157549717,0.012962893709320245
2023-04-14,0.01098812912454187,-0.004768341729889085,-0.007033047225338929,-0.03551898199824349,-0.002053669785236467
2023-04-17,0.006397691829813275,-0.013856962523680738,0.00038763002112413014,0.07048095559800105,0.003403734464150432
2023-04-18,-0.0020268238923453565,-0.0023729524379524727,-0.008420857313185703,0.009032683385816864,0.0006835825557909292
2023-04-19,-0.003993021088131228,-0.0035757618215328155,-0.0020942161996652664,0.0003312397856319871,-5.2586000300447466e-05
2023-04-20,-0.025196841342617977,0.008222599881521889,0.0025267828414090587,-0.01728756322697239,-0.005650026453488999
2023-04-21,0.002306944884998311,-0.002042296118708283,0.02632656593373539,-0.00947223213302456,0.0005815949698857459
2023-04-24,-0.0014277747803865444,0.009041986069944071,-0.007804885890508373,-0.0018414622250489954,0.0013204110141198377
2023-04-25,-0.03708873505374507,-0.0012657206222280355,-0.0023933010520124087,-0.0048563261053628515,-0.01580075443582185
2023-04-26,0.01092242437561001,-0.0008864296795048077,-0.01210653592220129,0.07470561931567271,-0.0044491956431618185
2023-04-27,0.01379839529279625,0.011292522947620842,0.022783169454505536,0.01918314026047796,0.01984170047894085
2023-04-28,0.009990465490210801,0.01690256297604546,0.012371459757583025,0.01610373878138427,0.008552872366904829
2023-05-01,0.014650981193305213,0.0015241231495211431,0.016869576281951848,-0.06254084376920926,-0.0006803322510181564
2023-05-02,-0.026285915589740583,-0.01906107520693312,-0.009135442842458263,-0.02055824741447676,-0.011210381141107284
2023-05-03,0.0007198149331612743,-0.015314440193785214,0.010680422744684948,0.029343505366627998,-0.006966761498760632
2023-05-04,-0.03374116708980923,0.010469718997705471,-0.009324362722044899,0.00038314236904302135,-0.007308887471845882
2023-05-05,0.01933319421340755,0.022441087868777004,-0.004443710007607071,0.0254226674068464,0.018353192654236183
2023-05-08,0.023670151929100196,-0.0012101048032191475,-0.0028081166675267277,-0.0009881178021500792,0.0005540199744842322
2023-05-09,0.06872590194312504,0.014617614513853608,-0.007057927157310018,0.022579386499661402,-0.004324912758026267
2023-05-10,0.00066152484234272,0.00038167772641328757,0.015098324853510037,0.020904634772500874,0.004370200799328261
2023-05-11,-0.018201951704500157,-0.013560500146609625,0.0024967624072336214,-0.0033999207697099076,-0.0013976498776131496
2023-05-12,-0.031028624672321592,0.0050187081704885506,0.0012763651152940536,0.0034136568014094815,-0.001346843110828111
2023-05-15,0.01941849204389016,0.00432853683759112,0.000979812013839454,0.01016208944254815,0.003464298104233876
2023-05-16,-0.011617992251950482,-0.026981509198715965,-0.003017841538194177,-0.010936576762434369,-0.006614714205902983
2023-05-17,0.06088121726413761,0.0075561364161341,0.010700807573835958,0.05916951043538354,0.011937939149664345
2023-05-18,0.07654124478910644,0.0031343805858702334,0.0018677026834360566,0.016666677263047935,0.009778544674411416
2023-05-19,-0.0035709085336140443,-0.00247483716782256,0.011515468945429541,0.0040516743280065715,-0.0015836419048375072
2023-05-22,0.01709924952801419,0.0242285344364499,-0.011691782762720038,0.06975124540627409,0.0005459524326203447
2023-05-23,0.01626344568178051,0.010315482811109833,-0.01790933519026411,-0.06536415306365972,-0.011175193612537715
2023-05-24,-0.024454462752436013,-0.013258014411909916,-0.0018323590346166485,-0.006180450583189945,-0.007490749310265277
2023-05-25,0.11552158745792473,-0.008432072625520074,-0.0027456151538842177,-0.013843450642529398,0.00871250047886174
2023-05-26,0.07622843208996681,-0.006128243794046677,-0.01313896748615373,0.015817349406698877,0.01299493821036335
2023-05-30,0.04993699777478907,-0.011643695854389438,-0.003434307277926152,0.012988170284427392,0.00031082738798882126
2023-05-31,-0.03217268326082404,0.020785625820085436,0.013685361521322936,-0.002927583036888892,-0.005440348229837411
2023-06-01,0.01663179253975326,0.05460180726431944,0.01710044939534694,0.03407238252320044,0.009585906693500457
2023-06-02,0.010468695107823667,0.0008508823692244075,0.015449346033729272,0.01866338476242324,0.01468120763984837
2023-06-05,0.005372602545677914,0.0034194001176045172,0.006002764453437948,0.004448415636390091,-0.0019325803257310703
2023-06-06,0.0027033901447484077,0.0009448774928141704,0.001790206051002441,0.042680734564620404,0.002063619123081617
2023-06-07,-0.018072085413644356,0.004170934184060671,-0.00663013882102359,-0.008256755875842736,-0.0032798894345739127
2023-06-08,0.020210622321723475,0.019211548232340208,0.02387755499486266,0.015483469639200886,0.005994579201251016
2023-06-09,-0.00258998691704034,0.004778842745362777,0.004819342311947139,-0.009992218820970566,0.0016737549089538284
2023-06-12,0.0383501360917593,0.008671815583101261,-0.0021093789577761313,0.020013353642853615,0.009189180773954808
2023-06-13,0.0349138552288993,-0.00021467798310933114,0.0040364384181937885,0.06423320008866118,0.006597075628978599
2023-06-14,0.061581121512733615,-0.0038581085458666564,-0.0048360222563219035,-0.022727270902826946,0.0007725393046940088
2023-06-15,0.027873449713628373,0.0059305276042259285,0.014249026922770858,-0.014392255177814117,0.012823663205314473
2023-06-16,0.017686104097179745,0.0026285737120570474,-0.005392217070778915,0.006846628073576166,-0.003687773714807996
2023-06-20,0.0009571754062122814,-0.000675093277099581,-0.010160917539123737,0.035641879290124856,-0.004614395451291942
2023-06-21,-0.08094746236060202,-0.0089506977210837,0.00042301166357816555,0.02163417537094936,-0.005478894116212163
2023-06-22,-0.00014694529099283185,-0.011128569962185622,0.010007114581514487,0.03360323038497026,0.0036393845604438813
2023-06-23,-0.02081066823320706,-0.008424331930063015,-0.005103972209837493,-0.02012481913825881,-0.007500642035964344
2023-06-26,-0.018303013505251615,-0.001427910284042248,-0.010178255673629455,-0.024102083136377628,-0.00412907938163487
2023-06-27,0.04022665731914817,0.0016081903659344032,0.0001467763955217416,-0.014641629694728875,0.01108156695621143
2023-06-28,0.0049507271474509285,0.005173936486076595,-0.006987027567150139,-0.10215642935401142,0.0004474387733492957
2023-06-29,0.002177726439634172,0.013416029470781687,0.01792667497298317,0.013680028716499537,0.003830658503123141
2023-06-30,0.03263193953229434,0.009887003942607627,0.007017211208660168,0.003808989379930794,0.011850519841195117
2023-07-03,0.004090547424640841,-0.0031197352363892352,-0.0012649778434462577,-0.005921980340645783,0.0019153270664307165
2023-07-05,0.0016036005703637946,-0.004714122300073546,-0.005015817560057201,-0.041149311969580105,-0.002230185788663741
2023-07-06,-0.02419398920359957,-0.02024594045342276,-0.017325014025864616,-0.041635129519006775,-0.008154256709097862
2023-07-07,0.024313854917455302,0.008321106726439487,-0.014783939240295085,0.005654806109852362,-0.0023276640454934494
2023-07-10,0.020529646132353235,0.018248167618555078,0.027915321440523333,0.05106286957055428,0.002680518229847939
2023-07-11,-0.0003853332889321622,0.02425694489883871,-0.018532031273552407,0.023269729058532418,0.006411488351255379
2023-07-12,0.007890375350598963,0.00562209764415859,0.020009867514483526,-0.015641215739085834,0.007871064467766198
2023-07-13,0.03458139547262603,0.007477335785521159,-0.006912883602185282,0.051508002036694256,0.008151038324186954
2023-07-14,-0.022364839871238534,-0.01649899867819904,0.02174206168904047,-0.04554106559544602,-0.0007989939084686037
2023-07-17,0.032089531789671444,0.007452359288272777,0.002289760223608772,0.020330810792488885,0.003488656694542902
2023-07-18,0.002383092880251292,0.018547047583721093,0.012330514792644354,0.08186240891166452,0.0075807917923618184
2023-07-19,0.005134319698012331,-0.004794721858468261,0.011610214312801848,0.0015547765901449129,0.0021564347999218914
2023-07-20,-0.04763008204075244,0.005701109216380414,0.01574925627229118,-0.018541767704406686,-0.006527325287065899
2023-07-21,-0.027414241697413317,-0.00023138436323115,0.006061791947908957,-0.02483390317330353,0.00012046112856123337
2023-07-24,0.00019263792882969386,0.006084595575455413,-0.007999092962131304,-0.016149454669852292,0.004235184206568876
2023-07-25,0.021722220125578673,0.012186171911061713,-0.0042368922022195665,0.006587190497635398,0.0029473575011629283
2023-07-26,-0.005201414775321027,-0.0008868471057674373,-0.007914280614395475,-0.01713573368462562,0.0002388690619141709
2023-07-27,-0.002253680856003748,-0.016459308165109432,0.001399136679635482,-0.031249543053937512,-0.006783625926069403
2023-07-28,0.03640444099968957,0.012635383250994373,0.008778155068041138,0.06830513409977224,0.009739853549546984
2023-07-31,0.04349839441320794,0.01975622537565373,-0.00928233232933029,0.024910332644938693,0.0019291051768643985
2023-08-01,-0.002019490003829986,-0.01040055626847558,-0.0069413934692069135,-0.012124663648559297,-0.003090026416311731
2023-08-02,-0.03901412884393226,-0.017643902943572282,0.003033167163202788,-0.028695516128260767,-0.013853955849616684
2023-08-03,0.003935909338097954,0.036436368808804076,-0.024495278018374256,0.014373060549232819,-0.0028291030071163625
2023-08-04,0.014409496833156399,0.003878445454511733,0.010071120458043259,-0.016572242433372575,-0.004898075603733787
2023-08-07,0.005041345509761245,0.0012599794508408497,0.008130663426421214,0.00011916188561306162,0.009016103660016928
2023-08-08,-0.028128502146436363,0.007175415633270399,0.0722035127305613,0.032645935121038194,-0.004322936220881313
2023-08-09,-0.0687953807177835,0.012184676762306538,0.0007005881887163778,-0.0362841331943386,-0.006645779695859666
2023-08-10,-0.0016157634248321988,0.00019827103115262665,-9.326692226141464e-05,-0.035072248408484774,0.0005860529473495912
2023-08-11,-0.02269742696602776,0.009713989319043511,0.008026452365779702,0.003718428953077224,-0.000927283313168048
2023-08-14,0.048278458338548415,-0.0034536628387286847,0.0007453890744328895,0.013326476268428755,0.005642203602318041
2023-08-15,-0.010197661131224148,-0.015600331873128407,0.013305474440311604,-0.09580791167243258,-0.01146408715197822
2023-08-16,-0.10126243857350296,-0.006359839577650184,-0.01086798651191112,-0.024704045401422958,-0.007395657045959347
2023-08-17,-0.024384172205024607,0.005379188198725182,-0.013595497671703205,0.009979180423757283,-0.008094218640854134
2023-08-18,0.015611004356328265,0.007250244636780849,0.011838154558421743,0.020568153989557858,0.0009232421864016072
2023-08-21,0.04255069933834429,0.0179990650997659,0.006227927671004108,0.00820001440044471,0.006607010405936586
2023-08-22,0.0023473195725671006,0.00744323276761268,0.003108449806147273,-0.020918397747498763,-0.0027989295782619994
2023-08-23,0.035018224248042275,0.0036898480201191055,0.0005946642601755703,0.008576321264254783,0.010779986498606897
2023-08-24,-0.044432994507634306,-0.017701196632643874,-0.006852043898978533,-0.03421881665039633,-0.013294302623349408
2023-08-25,0.0008189264867074127,0.0032668803590695608,0.001858296191801112,0.020519441927707938,0.0066247429235501976
2023-08-28,0.01381026931864208,0.0032329537108543027,-0.006306190786725341,0.045423131900515945,0.006580830430834128
2023-08-29,0.03951811926212515,0.0020763989200606923,0.007769360589189145,0.023986135408407883,0.014206398242542884
2023-08-30,0.019701959908577555,0.007163949210457303,-0.007709313550430585,0.008332946712506895,0.004168030383154608
2023-08-31,-0.01614987422936387,-0.008035658245783414,-0.0032640768784694685,-0.01053640695692698,-0.0012789153915047091
2023-09-01,-0.0020605841824380042,0.021625628882958974,0.010848793754370867,0.0113057584672962,0.002126534232399724
2023-09-05,-0.015766481151433125,-0.008037375046532938,-0.005213456328619248,0.0011997833073105757,-0.004364510147910838
2023-09-06,-0.015501915962958987,-0.009703899188034345,-0.0025748506510135383,-0.006611071808536262,-0.006902396036656988
2023-09-07,-0.020479145683110895,0.004396809840662004,0.010224066931092735,-0.019840786532793364,-0.0029752247538203935
2023-09-08,-0.010053178927208991,0.005716793605687036,0.01715470050254042,-0.0042305463573582,0.0013697357115789455
2023-09-11,0.007943892591484128,0.0057546705108058776,0.008180213909411371,-0.006392772250471912,0.006570591468751941
2023-09-12,-0.007205337576207782,0.006534533254992499,-0.0002774090371663873,-0.04027881912087439,-0.00536294482183175
2023-09-13,0.004375647320666531,0.0064870593076485905,-0.0035678796704751714,0.001951307771195565,0.0011712683120541634
2023-09-14,0.016111081325554128,0.02376893541772322,-0.012478744646798101,-0.032173673582968354,0.008651135009947408
2023-09-15,-0.03605627726861086,-0.008301036370069551,-0.011771613410776816,-0.013308016847036808,-0.012466869110527412
2023-09-18,-0.0008889402994617379,0.003141564739816971,-0.010070278628789175,-0.011718739086063357,0.0011010462929434972
2023-09-19,-0.023190283978006154,-0.01462862985011526,0.010554889248169719,0.005608652915239598,-0.0020041995263703205
2023-09-20,-0.025230249917094993,0.0015408822034506848,0.0027601670944138457,-0.0378283328041088,-0.009354200172049132
2023-09-21,-0.03997672529700058,-0.01214397117797287,-0.01768309239231125,-0.021678025437329385,-0.016388612979709283
2023-09-22,0.03500066465384729,0.01392184325396791,-0.0017062010342948075,0.01443571327643578,-0.0024124072584391643
2023-09-25,0.016726257488105672,0.02697348004178986,0.004529769785168503,-0.03364160613514461,0.00415660165651599
2023-09-26,-0.01290060371969041,-0.022365907230169808,0.010990544823439474,-0.029885056739510474,-0.014676003591484243
2023-09-27,0.027885296931782877,0.011826506482465268,0.005340134779932393,0.015317271707441571,0.00022902331496132966
2023-09-28,0.026984920145885754,0.009315648807823762,-0.018680626835836156,0.006002508193878708,0.005833586488617648
2023-09-29,0.013535211731411886,-0.01884325497424122,-0.00707639866717491,0.016737658735756056,-0.0023878406882045233
2023-10-02,0.004165777575624603,-0.03758896170043783,-0.007177114761234227,-0.009384781706696765,-7.625046740655783e-05
2023-10-03,-0.04070969011129647,-0.003674109004001077,-0.013631242957101386,-0.03580960230887936,-0.013446470707079383
2023-10-04,0.018320769723959907,-0.01173706572044427,0.0069625645825796,0.036017304764010216,0.007356797796086667
2023-10-05,0.0028154089877958643,0.017802650394858732,0.023755675384308783,0.012273033816789791,-0.0008455009988417306
2023-10-06,0.0321908755151612,0.017721031002392824,0.03517211010040289,0.0016180030144680724,0.011925691894487
2023-10-09,0.014263427231488582,0.011869936706234449,-0.0011063182305205976,-0.04715055629399095,0.006665667608559467
2023-10-10,0.029612453594593486,0.012752368069292771,0.004914945389834835,0.0779618082157919,0.005161206811522545
2023-10-11,0.027026740097052526,0.004135724990060652,0.03164052179282906,-0.026632125853993993,0.004233025487014208
2023-10-12,-0.006494731141804951,-0.0038924828437273407,-0.0007609853777865161,-0.07005933598409997,-0.006011177710069426
2023-10-13,-0.033579504817173866,0.0010357010793033232,0.0010025873497740978,-0.043936673078823596,-0.005269264309557098
2023-10-16,0.01707736740866328,0.0019321694634830688,0.005548820202928573,0.037787407243103144,0.010468807142238967
2023-10-17,-0.0059887606460028815,0.013260996313026685,0.0015539795122285205,0.025901433169905896,2.4864832010473847e-05
2023-10-18,-0.0396921366305372,0.003295166767487793,-0.01452153236459941,-0.06030820266247072,-0.013380656904634303
2023-10-19,-0.009207153867808312,-0.0011647552961043806,-0.02328439028534085,-0.020887092656365902,-0.008476239416101428
2023-10-20,-0.03392074062756434,-0.01473623506027677,-0.006076764669771639,-0.024285202967403108,-0.01245305343690073
2023-10-23,0.014329514487571063,-0.004218713627710684,-0.009672200070664938,-0.029978231864855542,-0.0017573315360203123
2023-10-24,0.018478599127168982,0.008605122477200985,0.020552798756128032,0.027372207463678966,0.007481234095052081
2023-10-25,-0.04498290845095487,-0.0028543160470756814,-0.011045571767213436,0.002672221985819734,-0.014105885129505835
2023-10-26,-0.03004471865326171,-0.005788771278793699,-0.015876044688864888,0.07973422476631231,-0.012274874318896845
2023-10-27,-0.005742102015966181,-0.011353561360231024,-0.018446268011889533,-0.04478797134277418,-0.0044328875639708665
2023-10-30,-0.0025074322469828734,0.006135100155397755,0.008083889455948956,0.03595523875003526,0.012032245543184494
2023-10-31,0.0040925306348365,0.025669786385003352,-0.0053580038052531975,0.014373912512772424,0.006049549519337338
2023-11-01,0.01251614610691861,0.011264592098349699,0.0032155671221715254,0.025351201455664607,0.011010445746301167
2023-11-02,0.0964086726610709,0.037713509155780534,0.032441421050748764,0.08450129059709965,0.019001187029764388
2023-11-03,0.048215253783098655,-0.013540352437220182,-0.01897050159062702,0.051250250194886604,0.009247500440201284
2023-11-06,-0.0009552349688725462,0.00789371160835813,0.03246477849441476,-0.043900029998763246,0.0019276871909572613
2023-11-07,0.006160914933475518,-0.014260273955012467,0.008934091253798293,0.012253834791197682,0.0028235520170605266
2023-11-08,0.01768119343422503,0.0012854121868145867,0.005782335787939241,-0.0004421750892782961,0.0008222742812977746
2023-11-09,-0.014065901400346989,0.013954172323167499,-0.031341238043809394,-0.004284332192113771,-0.007543483644620319
2023-11-10,0.041776555779130455,0.007216184547735501,0.007928869620131063,0.03230572646498775,0.015602990452870946
2023-11-13,0.0013675874608945666,0.008150657726337532,0.018157213845643838,-0.0405395256636209,-0.0010125608307731682
2023-11-14,0.026654415296317586,0.01827182457623448,0.0061241913419538,-0.02990470818336266,0.01921117042617726
2023-11-15,0.001315237424697117,-0.019574527407802262,-0.016311336934676846,0.12729636822922874,0.002183181357462871
2023-11-16,-0.004788191151139228,0.009799782989068992,-0.0055573917502381165,-0.03011119757628955,0.0014040136543849169
2023-11-17,0.016552020398752587,0.004428869774144324,0.007610276025458718,0.027261556496069816,0.0014745779189810904
2023-11-20,0.02438965231840662,0.0076441658907928645,0.005086392990557909,0.006700519225261825,0.007530620572925084
2023-11-21,-0.038851480368574144,0.0008154257990178696,-0.0010392882986096086,-0.06076412285503807,-0.0026113281831423585
2023-11-22,-0.0015055357049263234,0.007020595967225596,0.0022095425451365003,0.010578631744976752,0.004323458292730731
2023-11-24,-0.013616551778633412,0.005293916434947921,0.0064596373693343034,0.07040636166933412,0.0005499780137347976
2023-11-27,0.0022747426585504327,0.004492800797482525,-0.008025254501084933,-0.020821547206611335,-0.0017447083227083438
2023-11-28,0.006534562316703981,-0.0017626898251687322,-0.0014769345133408551,-0.0036850982681591593,0.0009816515352065736
2023-11-29,0.015228428123685708,-0.015481614137754729,0.0038656638231079343,0.04689855192372827,-0.000645850841357043
2023-11-30,-0.010162686918144296,0.017480295561451403,0.016392621549049524,-0.018071202537389863,0.0038777607740385633
2023-12-01,0.01657831004421347,-0.007957349474770262,-0.004400876120190134,0.04315302250366382,0.005865342743856861
2023-12-04,-0.031149990972161756,-0.01221333766891534,-0.00023682965581650617,-0.008747872924117106,-0.005025328639718718
2023-12-05,0.001956401978355745,-0.011297302484859384,0.0028796528303381974,-0.02631335349653624,-0.0003096852848716303
2023-12-06,-0.026683053389167693,-0.016801721668380343,0.00024852576691819506,0.02907393029686256,-0.004170554944683991
2023-12-07,0.02198344130648115,-0.0129653656539603,0.003523017369710668,0.02788621832147664,0.007825620435691683
2023-12-08,0.02507334641460009,0.017105653719206915,0.007444885748536301,0.046841849247173384,0.004250330812371805
2023-12-11,-0.0023815951800926216,0.00838024824871079,-0.005071139485771037,-0.03648120128305132,0.0038778836002413275
2023-12-12,0.0020597586348031216,-0.0024691918262193338,0.014583453779771549,-0.01597973836127803,0.004969835494430974
2023-12-13,0.013409912414611647,0.0022833669515293455,0.021302577856164517,0.0455971751030575,0.013617153660725911
2023-12-14,0.0229150150840373,0.004534623909645023,-0.02548747536995094,0.0481957596602538,0.0029365349472516566
2023-12-15,0.001499542399236553,-0.0025375960120757788,-0.016454706357770577,-0.0587123092120847,-0.0015216670250804976
2023-12-18,-0.0034426406106867016,0.0188374670944275,0.006646436639673015,-0.02404462444050881,0.00565708810470289
2023-12-19,0.0067790068686854514,-0.015089559161071872,-0.012416407458540502,0.04482811665547792,0.006084376005710768
2023-12-20,-0.03388915214263174,-0.02328382564215507,-0.038974488296035614,-0.06492269907238274,-0.014434413530693191
2023-12-21,0.022324246876018822,0.012527930981187133,-0.014482866194754807,0.06416310904351696,0.009742108679643424
2023-12-22,4.4711045054583266e-05,-0.006879399201059695,0.00010453006495558803,0.13637075064167203,0.0023258151120555404
2023-12-26,0.014361712466086788,0.006123042494882935,-0.005829514007908321,0.028267004258679673,0.004158103270041957
2023-12-27,-0.007574915455797249,-0.0024174086304911877,0.00628413040332626,0.022597071543035918,0.0018300753793949465
2023-12-28,0.002425483484397454,-0.007043504243915977,0.009577588705986628,-0.009795549605893294,0.00015999997698878943
2023-12-29,-0.016924880857510427,0.0003236531194149572,0.0032642838581079525,-0.034588374857287385,-0.002671392417731955
2024-01-02,-0.03136505469569036,-0.015413205885142056,0.02492301257939933,-0.11773565896300736,-0.006387278732337132
2024-01-03,-0.023967942110572554,-0.002565430937225277,0.02335526763991902,-0.011526600127283848,-0.007419216610477952
2024-01-04,0.004199810600768239,0.006680158888861569,0.0016387470339758736,0.025118347081259984,-0.003157056430464933
2024-01-05,0.006773482951933918,-0.003052415751836938,0.0017527314471607602,0.013311038975092504,0.001280754402914086
2024-01-08,0.045131016320933005,0.0046612826409257275,0.009620965306506246,0.006902852717091568,0.01430301753801122
2024-01-09,0.0004533375177473801,0.015005844046993974,-0.014895759116498597,-0.014069791057508774,-0.0024305336192048665
2024-01-10,0.011162114534091697,0.0009001316759068937,-0.0022519633600856515,-0.0039567483330505415,0.006596734224632694
2024-01-11,0.006374185263709105,-0.002257175884387156,0.0013197339115981754,-0.08554081467118513,-0.00034247646507912233
2024-01-12,-0.0049646477470406776,0.02409870809102414,0.0028258431381759097,-0.011326069800373317,0.00045667184693232166
2024-01-16,0.03283824258533319,-0.012141556324498945,-0.007246982874809793,-0.02644537764233268,-0.0034017990078589744
2024-01-17,-0.012592276445088979,-0.009397628950857792,0.003609900947206479,0.016135527793877613,-0.005567027935415303
2024-01-18,0.018791760955060004,-0.002550768251720107,-0.011484389238792525,-0.02113257171074684,0.008892588017984648
2024-01-19,0.024846186046123615,0.0006075383742584947,0.0012969961877637437,-0.12757481447290936,0.01223933748882855
2024-01-22,0.023194919298728855,0.004879728127991423,-0.0018428289472220416,0.02116545193188335,0.0022784001218405514
2024-01-23,0.0008618241979655439,0.012786770242357562,0.0026328570763032855,0.006196073953503856,0.0029709069693204526
2024-01-24,-0.0005586952099749798,-0.0017684357604285477,0.005533789271211509,-0.011331482288840566,0.000830376385003051
2024-01-25,-0.0062608835260255695,0.001606836634841328,-0.0036318625158312523,-0.032038282954302666,0.0056279793393638755
2024-01-26,-0.008330914848300694,0.011808579575977696,0.006278712754894944,-0.0311836948876712,-0.0006019852031279305
2024-01-29,0.03433274398549383,0.0023279615265348053,0.0019747081150051082,0.07681852526065835,0.007273135505565076
2024-01-30,-0.006812601910401302,0.008010237333863893,-0.004372338061632786,-0.03999413255544604,-0.0007088241880971458
2024-01-31,-0.027437631506938936,-0.005839300562661243,-6.959948259360749e-05,-0.02161389654739887,-0.016290999524974925
2024-02-01,0.021863083677197803,0.03298631173372083,0.014247770292049489,-0.08034048652983938,0.013158482882456912
2024-02-02,0.032977019858778954,-0.007220089200065487,-0.00046055144585832597,-0.01594188292829385,0.01027443618789814
2024-02-05,0.012073557555161374,-0.014798121627475883,0.027346983503899636,-0.0003742128715821247,-0.0036541960591910394
2024-02-06,0.1552109720706781,0.006537716471987236,0.004318274875470818,0.04319714929124596,0.003115270432578532
2024-02-07,0.057890231978222996,0.006426650924474475,0.004685506440695597,-0.046569390460871274,0.0082152153242121
2024-02-08,0.010244351724198427,-0.029786103783197865,0.009424765702695681,0.11387759679108667,0.0006773777234150291
2024-02-09,0.01307205279307951,-0.0033810523907837897,0.004461499286714576,0.04395933342413105,0.005675960906283972
2024-02-12,0.007286093993712013,-0.010509233091804737,0.007247928254877911,0.05689827931399627,-0.00045593260946907854
2024-02-13,-0.021554627275390408,-0.018110394849844374,-0.00190789472716818,-0.07937688579445046,-0.014094607112168478
2024-02-14,0.03249597268173776,0.0010856886770612324,0.012134433803855038,0.06419983791447925,0.009516123930606524
2024-02-15,-0.010754263805253609,0.015103532433663394,0.0005669069753636569,0.022929205971623956,0.006764156156334522
2024-02-16,-0.01728301166610613,0.000992079466524835,0.016463227486642085,0.002932548449136152,-0.005114925262509784
2024-02-20,-0.045105037623539866,-0.002466923793759679,-0.018205811391828752,-0.022169968215293545,-0.005489847106519896
2024-02-21,-0.014971275991090197,0.008195881316052164,0.00526889303187944,-0.04376510634075331,0.0010076396579046243
2024-02-22,0.0846517547824639,-0.014280864531470039,0.012302449159184103,-0.032627680432605666,0.02100792910402771
2024-02-23,-0.016451644978934737,-0.005378356210758402,0.02160313844827899,-0.029410450933759213,0.0004500996779448485
2024-02-26,0.008082611298607842,-0.0020661240152892724,-0.006051623794431471,0.06406238435322431,-0.0036634002741748883
2024-02-27,0.008945859137557854,0.058703734534188166,0.002606865202736619,0.04344228148073592,0.0018492007933057497
2024-02-28,-0.0061784694465404355,0.024653237318070714,-0.003641775511677603,-0.040845357639960445,-0.0015453089448685953
2024-02-29,0.0239108489839092,-0.0014885503426717017,-0.00622125785366906,-0.003679467950031823,0.0036973562647082403
2024-03-01,0.03371081961076298,0.016995263616429,0.032783317653333754,0.001401827383120502,0.009637343884794314
2024-03-04,0.018044837351141412,0.00023340381425359288,-0.00036059883445843655,-0.026133267440728747,-0.0011879589522609812
2024-03-05,-0.005064417891392152,-0.001551968632713711,-0.006931873029086433,-0.03907289151209831,-0.01002396064379496
2024-03-06,0.03734119699236349,0.012747145176800275,0.016979893014430036,0.02202567346589701,0.005298789870961995
2024-03-07,0.01667792806248299,0.02055606233841552,0.006558939574419775,-0.009077289798453458,0.009901409908196657
2024-03-08,-0.026167228154823086,-0.036605617685749624,-0.0051104044942220095,0.009040841433297586,-0.006064273272291643
2024-03-11,-0.027883169276780622,-0.005733365389311684,-0.004929003773166185,0.013431835683453963,-0.0008291588649909087
2024-03-12,0.02273697166767859,0.01059986720945764,0.008721664908699522,-0.027100384103984243,0.01070211777796648
2024-03-13,-0.0054487872802706505,-0.019100906106366684,-0.009427994596062084,0.014373818422423745,-0.001515705935150491
2024-03-14,-0.029405742731444917,-0.0007275620498042498,-0.004641874490895592,-0.023663411195721407,-0.002192661716851396
2024-03-15,-0.018644570484018463,0.018422786792313166,-0.009204379034874921,0.010452165558459403,-0.006888192066156873
2024-03-18,0.014290791140869175,0.012215682859748648,0.0017903961386679934,-0.04163316825077501,0.006255141209658754
2024-03-19,-0.008118256124660808,0.002658715878190702,0.018238709381539375,-0.01101854796985785,0.005603180861777579
2024-03-20,0.02596771720178374,0.0154345769717427,-0.00552465484459691,0.012039744540063957,0.00872573622426942
2024-03-21,0.020776918614382096,-0.004044549645122279,-0.001259641856482252,-0.02136941053984559,0.0033350900026656305
2024-03-22,0.00650133868307734,0.012250700106501903,0.002274184930511347,-0.00848708961293998,-0.001306809684783805
2024-03-25,0.0008560368550137865,0.008183473334606117,0.015008438767404653,0.01819641041465858,-0.0025878242952066532
2024-03-26,-0.0164897149461302,-0.002947904530747706,0.008507454815357196,-0.0077326633640081854,-0.0028035805760970867
2024-03-27,-0.006709066706359216,0.006816317093306583,-0.007142774429682364,0.01874899634136118,0.008728449475237321
2024-03-28,-0.021431898265629374,0.004978298185711753,-0.027991084214410378,0.00336988598924165,-0.00012476787201831652
2024-04-01,-0.005556374927344805,0.024400147039327507,-0.014367327064762625,-0.050201379760596965,-0.0013105199688766556
2024-04-02,-0.011513044167532812,0.008957266714240094,0.002942723699663974,-0.14360604014812894,-0.006540798885243615
2024-04-03,0.0009441144833250981,0.018362876410102407,0.013604519041308771,0.07840643326621832,0.0009015807377759089
2024-04-04,-0.025178897509338067,-0.029419781383330568,0.0008072496255092654,-0.01250887588963645,-0.012317693643061678
2024-04-05,0.015682962823984292,0.02772786470997531,0.009709412516323013,-0.022820547801110702,0.01062600285976889
2024-04-08,-0.004179146820001052,-0.0056103408138272375,0.0028665145912478707,0.010791877804006533,0.00039880358923238823
2024-04-09,-0.009036600141791085,-0.0113557900682106,-0.012728553041586543,0.018094375180714106,0.0012378132387542706
2024-04-10,-0.008571341145537517,0.016214158804917906,0.0047117521399397955,-0.049817323822839155,-0.009680204681841276
2024-04-11,0.021017526280971383,0.013688719915656122,-0.0027246712242384175,0.009033370936737228,0.0072147374560094235
2024-04-12,-0.02587634265814757,-0.012225951538621124,-0.01503338490095607,-0.01209997393067469,-0.01363282088854223
2024-04-15,-0.028784976925867012,-0.02445809077621915,0.004774077914934116,-0.0385467910740635,-0.012692495732937958
2024-04-16,0.011124050823323092,0.0010052473626947316,-0.009702794750043153,-0.010173775930491624,-0.0017902428716790597
2024-04-17,-0.02936384119266962,0.0047775555430048895,0.010313362655322122,0.008830228627800474,-0.0060288446101537385
2024-04-18,-0.005504207710143964,0.0032736786193241865,0.0002323269186190191,0.01915013941014565,-0.002282538871057005
2024-04-19,-0.055132957740548716,-0.002650989421921731,-0.011054194446968812,-0.011682286982201362,-0.008367049022507178
2024-04-22,0.037881746936938944,-0.004445901701765731,-0.004676756718422492,0.02238025075806216,0.008679250982847275
2024-04-23,0.028263531741210397,0.015708035153204996,0.010693507213843212,0.010220027977732915,0.012613243529632223
2024-04-24,-0.013467332583047109,-0.006257591276523589,-0.0036501330614424066,-0.0009668847425727267,-0.0007315696477060429
2024-04-25,0.01920553641680593,0.01015491816887315,-0.007220702198867446,0.0062621823294012335,-0.004133549671758829
2024-04-26,0.046763770086541166,0.0014664242642938863,0.0015096405744246533,0.025570751201400954,0.01000912721227687
2024-04-29,0.00939415822153363,0.006259670403036728,0.011944409373722098,0.02640027915558929,0.0034888042504694905
2024-04-30,-0.024926394322550616,-0.038280265654752954,0.021527569325428486,-0.03101420218787576,-0.015805045376196536
2024-05-01,-0.012460153103901916,0.005281103643961023,0.04161865642941581,0.023280279934221326,-0.0032506812131822826
2024-05-02,0.023879767170237393,0.021224186520865107,-0.007555349978549064,0.0218365810066542,0.009327417022138462
2024-05-03,0.02999824752182989,0.00905941338190471,-0.005579949361115721,0.038937824872003146,0.012408062289068988
2024-05-06,0.04775848135110546,0.019309463961565448,0.017971113721389265,0.01362243586905254,0.010085549955700213
2024-05-07,-0.07119273604314906,0.010440256736981865,0.018191700988066883,-0.04334181500090256,0.001432357554213226
2024-05-08,-0.0016471242332604108,0.006449002110653394,-0.011415573849349325,0.012062439396516522,4.212422288074613e-05
2024-05-09,-0.013728970874531917,0.02599429699612917,0.0072727924876968,0.03255570121046347,0.005742121616620022
2024-05-10,-0.009341257876988954,-0.011437225908199808,-0.010830283022899512,-0.038792065465016845,0.0012339422409735068
2024-05-13,0.011655679841096722,-0.019659560740024284,-0.0013806260882467947,0.0016579154976618105,6.267994668540666e-05
2024-05-14,0.02546635554755679,0.01905521019333234,0.01443387835108223,0.10834478893159993,0.004741545670591707
2024-05-15,0.01805195036521286,0.0057075027414242125,0.021350235059984346,-0.048027144078891915,0.012181829784685183
2024-05-16,0.006037426071381839,-0.007451965312459952,-0.010963205838139256,0.3315754603263331,-0.0019101915368154865
2024-05-17,-0.006090591904136485,0.021248479025420486,0.003020741526644999,0.06445467252272874,0.001481679938273306
2024-05-20,0.010507224461754524,0.008285627220595818,0.009305885213284681,0.09914489539268911,0.0009863037093094107
2024-05-21,-0.0097840097646514,0.010092820118792792,0.013708647255484374,-0.04715911167014336,0.0026889966463408133
2024-05-22,-0.007003597928531002,-0.01557998880064763,0.0021093443073298412,-0.019291524772038215,-0.002906943494683456
2024-05-23,0.035663584802868464,-0.005020981922022753,0.0035584643153073747,-0.06914182402837327,-0.007432419151577774
2024-05-24,0.01668244968916821,0.02238079051952731,-0.007176997803613305,0.07127895413154633,0.006805492206280794
2024-05-28,0.020327498841435736,0.006397545404224732,-0.006568213770052844,0.0836139576488093,0.000801140569312242
2024-05-29,-0.004741073390503336,-0.01832782936269432,-0.00038502816548890983,0.3222359006915534,-0.007041339152841997
2024-05-30,0.006742114303541584,0.012476329901161062,0.007273463130692215,-0.01587118346907307,-0.006719234979840727
2024-05-31,-0.01537765932988507,-0.0019464267690349295,0.011891297646309806,-0.003407239766704595,0.008700368633776323
2024-06-03,0.08696016233315829,-0.01630326094516854,0.008709363982530083,0.0017677863388829707,0.0010936940757741986
2024-06-04,-0.0036586906932988272,-0.01061282901279581,-0.004756366696990977,0.011529460992985963,0.001216073389860961
2024-06-05,0.03450727072625267,0.012457439109661239,0.0059805934885935885,0.02561197860727904,0.011961021253497517
2024-06-06,0.004528752343366915,-0.00217962994753181,0.0027279389896734396,0.02226497816456463,-0.00022368810407125128
2024-06-07,-0.0077858092641702,-0.02208310712874051,0.005051451287156561,-0.029544465897065053,-0.0013023182734287486
2024-06-10,0.003657316748709468,0.025861338144012553,0.00928411765180126,0.005392830777770863,0.0032803785804893515
2024-06-11,0.009345821800986457,-0.012901539775640384,0.0014004071003672625,0.08305408817561832,0.002274599336367533
2024-06-12,0.028349688610377382,0.012727305565717365,0.01191500304367965,0.0020861852342973775,0.008327842007021413
2024-06-13,0.007048726998399572,0.00740052472246755,0.019405894355520648,0.0015722151619848024,0.0018887082570182567
2024-06-14,0.014036475322219818,-0.02104087578277399,-0.00194511524373836,-0.005558367517190355,0.0008023084120374335
2024-06-17,0.028591545877050335,-0.010074294170921575,0.019355573594777797,0.06915848553545845,0.007936259310771687
2024-06-18,0.01988660937629298,0.03334317701323064,0.01875879534352276,0.050349030970991304,0.0026643455137691507
2024-06-20,-0.026234037876990673,0.007562928223695568,0.001735401666389469,-0.01866428440581369,-0.002776214238937813
2024-06-21,-0.028747600262748252,-0.008403608138315496,0.010233892387728871,-0.02892715002355395,-0.0021874195009962127
2024-06-24,-0.018640049549523436,-0.008304020924047547,0.00811223841540365,-0.005563307747608992,-0.0026904596463581676
2024-06-25,0.027436192848365886,0.014700552794296828,0.008301884724069342,0.02214495749751144,0.00415634193236869
2024-06-26,-0.00882120645648802,-0.012547736790978167,-0.0019926556925890515,0.013494088659979253,0.001114534730939809
2024-06-27,0.010828270777622348,0.0018215170453422431,0.0011494131817219033,0.02029939489782706,0.001550550207915169
2024-06-28,0.005904927276126941,-0.018736563206057766,0.0005426307350482329,0.0008140595667666117,-0.0038561393814440237
2024-07-01,0.010576488213870064,0.01152992130722171,0.005686913981916231,-0.06024440376735196,0.0022993507384476697
2024-07-02,-0.004465261244429771,0.001174234134123986,-0.0072606885676057,0.0021742200775361487,0.006483523703505911
2024-07-03,0.020077260132329505,0.011175822537283664,-0.014225964597734564,0.031401717405359464,0.004518982391745974
2024-07-05,0.014587754346355656,-0.0020070665056708035,0.014827755249575358,0.07343317732390675,0.005978620119714284
2024-07-08,0.020928438747021366,0.00132811807346415,0.005578843481530038,-0.002875465765100671,0.0009609453385654998
2024-07-09,-0.0017324746696016173,0.0032361733919124003,0.01698583996401848,0.012719303223095446,0.0010974928781248838
2024-07-10,0.027881787520761314,0.03571671550156397,0.01413137590547675,-0.00578713241131662,0.009630109513874663
2024-07-11,-0.02678960735610092,-0.0012750113987212892,-0.011155626779966843,0.02033488832489716,-0.008568967041538866
2024-07-12,0.01712166722589366,-0.0026401871557966508,0.003773244648814955,0.07665746086135916,0.006179201428535563
2024-07-15,0.009483497687784484,-0.010449892909940917,0.010234123921941785,0.024257664886959907,0.0030317541538908976
2024-07-16,-0.0010342631516531142,-0.01603862076786844,-0.0032400313821541737,0.000664071141820155,0.0056769624384540585
2024-07-17,-0.04661260066856517,-0.04954232999472141,-0.014170330993088343,-0.027291448796517015,-0.013967968431469413
2024-07-18,0.008047482931845948,-0.005228645535711303,-0.03547874102015153,-0.055490838845535295,-0.007522600282748426
2024-07-19,-0.020622955636394158,0.0047039069151016966,0.005793091681528306,0.01287489185729529,-0.0066740078597934405
2024-07-22,0.022464347697357428,0.007090533249917448,0.010227445156843373,0.01190394107233994,0.01038553060406966
2024-07-23,-0.0012210838671028457,-0.010120572492325194,0.013291475609439551,0.046242969914362386,-0.0016673399179435444
2024-07-24,-0.061782669496672216,-0.03580085029500054,-0.018127476360367767,-0.034933655767174,-0.022890834718138797
2024-07-25,-0.018292735666675553,-0.019803580468693682,-0.015289610144273269,0.1265932520829378,-0.005047371706188963
2024-07-26,0.024273031113631365,0.014276850972747853,-0.007339080904526951,0.08039151794870547,0.01121712631946381
2024-07-29,-0.01165963350372575,-0.006740358321260631,-0.0023912065231022628,-0.006611203651757214,0.0007395965594849674
2024-07-30,-0.05177238618396729,-0.0025109650349404156,-0.007496205588961524,-0.04141016588430657,-0.005232693606290195
2024-07-31,0.07245740303524066,0.052215171261556025,-0.027025182080027188,0.08828145757551126,0.015760435898545255
2024-08-01,-0.0523796059356603,-0.05948942231052708,0.04065419305524509,-0.03252023524991837,-0.013638132293314342
2024-08-02,-0.0563916505490056,-0.04994128363254524,-0.016973833155351226,-0.06233233376445535,-0.018275465673857516
2024-08-05,-0.045109575976684156,-0.012276138356873911,-0.021139565195498533,-0.013431533721800504,-0.03002589729491889
2024-08-06,0.057217202427014856,0.041458686564488145,0.005785602992276873,0.031183744545449477,0.009974722742633668
2024-08-07,-0.02471634939175556,-0.0009041561620669972,-0.01284368561763316,-0.011499889602441138,-0.0069384438916205715
2024-08-08,0.08576544414832066,0.027723662907831386,0.06105159005267402,0.08897048046678246,0.023331456250394123
2024-08-09,0.014926147142133694,0.01459225440774555,0.026249686065753675,0.0380274666053258,0.004285188799177497
2024-08-12,0.024272548478420124,-0.00757799263126117,0.0012357128504833503,-0.03302699826412098,0.0005103274256166301
2024-08-13,0.03452811232823875,0.0023722242411577943,-0.0018822407172400246,0.01632850823235621,0.016609858515089337
2024-08-14,0.012408127991125895,0.003666909799283302,0.013444000868106154,-0.008358368271170868,0.0031915191485498706
2024-08-15,0.03720575275971857,0.016312977012765312,-0.000574710082842822,0.3162252599979748,0.01716693424716431
2024-08-16,0.03886741408918729,-0.004354440027221962,-0.00831190488561423,0.057345728298735965,0.0021047209734306183
2024-08-19,0.02247657677952038,0.014861304400069683,0.042808391077940045,0.16999699373486687,0.009618037559339099
2024-08-20,-0.004206850685732751,-0.007677529055103549,0.012835783321682892,-0.09299255370741738,-0.001652497451170909
2024-08-21,0.012587744235097675,0.008541775169644125,0.007870562721849717,0.057201547525106644,0.0035053778465359287
2024-08-22,-0.02667781165354936,-0.011374805606052382,-0.0055849098963525745,-0.042987277924320444,-0.00809235419022103
2024-08-23,0.01834505313538933,0.022407631079572592,0.0009227814446232108,-0.009974399799672573,0.010819088013125588
2024-08-26,-0.0170424884574345,-0.001709111850143737,-0.003113620499852865,-0.0018058622045536432,-0.0024578867223022938
2024-08-27,0.004951875709882018,-0.0014832017535745996,0.005770038242482345,-0.0855144589673591,0.0013388104340674722
2024-08-28,-0.015070759346563803,-0.016517032180316193,0.012288411009952815,-0.05452424225341285,-0.0057164425814548725
2024-08-29,-0.018782830455072452,-0.00011186825018246378,-0.004077116449628604,0.036252029912483774,0.00015604237525757014
2024-08-30,0.011193532810397441,0.01124385209455451,0.01516255019737367,-0.0003794581378924744,0.009411361037909849
2024-09-03,-0.06797792786669266,-0.05993256806101269,-0.017152607508908624,-0.010375909751494994,-0.020230112266747424
2024-09-04,0.004716818003367355,0.005454362738166241,-0.0039659857666779486,0.08549610543236497,-0.0024825425238471643
2024-09-05,7.666516626632831e-05,-0.010046857447470766,-0.022486201254787508,-0.09048662384144396,-0.0024688906801276778
2024-09-06,-0.03741482928509713,-0.01675451345241108,-0.01175682500870373,-0.0633287279736931,-0.016651651927822475
2024-09-09,0.06971876162163866,0.00023947927982263342,0.007535199976630214,0.02514384618183141,0.011255536938587385
2024-09-10,0.006927038699808079,0.014751945474011671,-0.012826025416698528,0.004091144905276511,0.004121550394471596
2024-09-11,0.04924486407237927,0.030929027209971816,0.01634185254560383,0.0773674431073399,0.010232091219964268
2024-09-12,0.009614690352117409,0.012239765940188052,0.00033488450277979753,-0.006419373065646161,0.008597249648754524
2024-09-13,0.015200228474977817,0.01072434952318957,-0.00896493193820519,0.10046933882602138,0.005312961906871472
2024-09-16,-0.011419323936752565,0.014226617082713963,0.008548004490113004,-0.005864561447665395,0.001509949421114376
2024-09-17,0.009715764848782818,-0.00228284354150321,-0.009340660001978973,-0.04439960989677072,0.000464006319433663
2024-09-18,0.006048265546238052,-0.004334600849411767,-0.004189234104082951,0.0018703656207536556,-0.0032458731050583056
2024-09-19,0.03826468071542447,0.025301591234739112,0.01831952373415613,0.008988305618663484,0.01744489315466735
2024-09-20,0.0017787356001029986,0.0986664015644337,0.005901144227824728,-0.01595474641706429,-0.001962170917778727
2024-09-23,0.011949338868820917,0.018040992637433046,0.0020570054684296846,0.008099589982299982,0.0024622821621800295
2024-09-24,0.009815586823920475,-0.0023082435166887536,0.006423132554274735,-0.012296208832454025,0.002875393728830611
2024-09-25,0.01279694707492777,0.016431249756433213,0.002361618213066574,0.03961255443418327,-0.002031590429469099
2024-09-26,0.007646917199109445,-0.007138529043694904,-0.010731204463705901,-0.007419796961863012,0.003976241569826344
2024-09-27,-0.01877191420841891,0.0022867099533528203,-0.016205000879455034,0.09397888607519933,-0.0012943618857544914
2024-09-30,-4.665740939076753e-05,0.0027781436550984306,0.004391277710412311,0.013833957022321042,0.004358391045209187
2024-10-01,-0.01923035699591887,0.016014129492922802,-0.0015495543939350043,-0.06479507239980364,-0.009342776918407014
2024-10-02,0.02467234178582663,0.011095528876780558,-0.003764187140107955,0.020505422657370986,0.00017220272274753867
2024-10-03,0.03701961044233756,0.023389757151951907,-0.006501950610437013,-0.03669029579440708,-0.0018934863532711343
2024-10-04,0.01590560301060225,0.024581540169813138,0.00927879918156127,0.09196060529506589,0.009217291723641274
2024-10-07,-0.0023840020455439723,-0.007995866239322432,-0.0022061775622126967,-0.02910215835841662,-0.009000312838133406
2024-10-08,0.04485605420769138,-0.001652937701843123,0.017015644462044066,-0.028197590604379263,0.009465242533024387
2024-10-09,0.01570103872349571,-0.021484248330814082,0.004727571234932726,-0.0307258452666343,0.0068330723590275255
2024-10-10,0.009590401344535667,0.0008587394253392425,-0.008395117786785034,0.006997894546315664,-0.001677835385444859
2024-10-11,0.018714537738691694,0.008977941128402963,0.017222154633994458,0.04056412392825037,0.005948356120861087
2024-10-14,0.0007435900033924506,0.006753726055345781,-0.002931172851768804,0.028715928922288247,0.008184664824647747
2024-10-15,-0.02976414583836388,-0.016743202976267486,-0.005250478474742415,-0.014280484922253256,-0.007615453889737056
2024-10-16,0.008364610334033054,0.04113724246904479,0.01614483441781356,0.14473292218130362,0.004202757790692679
2024-10-17,0.006793024937430984,-0.00518248156066714,0.004233743202846529,-0.018004322747800505,0.0001496034634367316
2024-10-18,-0.00223720907995865,0.006205608182481874,-0.005410931214800407,-5.6365380744494153e-05,0.003848218068719378
2024-10-21,0.012410400961115897,0.0017688225376870648,-0.003504035951700124,0.011929900556590378,-0.0015445039727255416
2024-10-22,-0.004059790133400891,-0.014107625282571293,0.001207637508283732,8.191717431765833e-05,-0.0006897035076898206
2024-10-23,-0.008455392823589277,-0.014368934810343292,-0.027119889869927694,-0.04042264594197548,-0.009120395619186095
2024-10-24,0.005839517432177217,0.0030387752498387912,-0.009993203970972697,-0.009825793085763812,0.0022587409271226377
2024-10-25,0.009631907397754805,-0.00306036244501214,-0.001424673507851193,0.010522513801399624,-0.0003944444698193994
2024-10-28,0.0002932917387491833,0.009358307621023335,0.0031388717757714346,0.025240551465808836,0.0031188405973692213
2024-10-29,0.00887106163486103,-0.006795351369644487,0.00887863856338944,0.014001439554706452,0.0015922973593418543
2024-10-30,-0.01827399677575566,-0.00997230076121832,-0.019214638801559214,-0.056516581739936234,-0.0030109115808848452
2024-10-31,-0.04825022343072357,0.007967924587471495,0.007300053708429066,-0.038124749237313627,-0.019675177574395963
2024-11-01,0.008938822872384863,-0.01104407788591244,-0.00644716058982675,0.03448487533567579,0.004343048449908293
2024-11-04,-0.007403744922976426,-0.04792450288122729,-0.004092602355501684,-0.005556289980814588,-0.0021716969945143605
2024-11-05,0.09745253462931165,0.018951495770480237,0.00787237532707713,0.028857132736315738,0.012027415721775903
2024-11-06,0.06314078026294061,0.010686053817533514,0.0008176890003888104,0.019136935850570858,0.02490099210819019
2024-11-07,0.043178281618209434,0.03164337966533385,0.019959521029722094,-0.00793685350471135,0.0077859264498365555
2024-11-08,0.013909697506779617,-0.002617904602019383,0.030602542393169063,0.014325314881990292,0.004419658065047294
2024-11-11,-0.010999135214005825,0.009084083783606664,-0.011117287696742473,0.10998538666167468,0.0008184697948587782
2024-11-12,0.002661267934193782,0.0016321661120260271,-0.007619892748071289,-0.014156466560455272,-0.0029980351488775314
2024-11-13,-0.003941194299317312,-0.019106947145483406,-0.004828590712769643,0.21703823362333519,0.0005104746743991306
2024-11-14,-0.01599291745608959,0.0012004004771952737,-0.03346004714238515,-0.058574496478910554,-0.006356892122971636
2024-11-15,0.009929920129776523,0.0043098002302586575,-0.054468736215441516,-0.0007127530639106094,-0.012904629969806236
2024-11-18,-0.026312653629765315,0.027132564522508822,-0.018292159397426844,0.040029451254913306,0.004141148307074127
2024-11-19,0.05678830196433626,0.023737713162841418,0.0038274860862399507,0.03795252594540033,0.0036433897363710166
2024-11-20,-0.009872978116579426,0.002972733631317522,0.021242995966982314,-0.05667633894581564,0.00036827913559078773
2024-11-21,0.005249096167855072,0.04903066593938125,0.0018421343224223063,0.06701867315580246,0.005047184976802344
2024-11-22,0.004317692521919603,-0.010607936631879014,0.006253359047371954,0.01813627662860101,0.0033536831713425475
2024-11-25,-0.02990158228708765,-0.018930230347030747,-0.0009995655020997862,0.019479018719286256,0.0032147843401741927
2024-11-26,0.011967139079748815,0.03238211644258682,0.0340397361710858,0.011743181970992556,0.005607816198970106
2024-11-27,-0.01200677513934989,-0.02083174578374236,0.0007828625888317564,0.0023827980530677917,-0.0031863868646928584
2024-11-29,0.01939962044941083,0.01699317668328641,-0.005560318449535029,0.04252313345247705,0.005267361377372604
2024-12-02,0.009002336149978288,-0.014687682103813179,0.00229816793951626,-0.06966614720735287,0.0028186972381589737
2024-12-03,0.036257742329009725,0.0012170476219049615,0.006661699365847873,-0.03037637451169528,0.000234268662673065
2024-12-04,0.02352865974267278,0.011155846379653944,0.017755560469275955,-0.003719656796058457,0.006304675862150999
2024-12-05,-0.000519185796359419,0.014311849947089042,-0.0025827027013085035,0.014653862708288279,-0.0016648344631673417
2024-12-06,0.02262593625904689,-0.009525123937734858,-0.005617092801942669,0.07830298354898935,0.0019903092068349615
2024-12-09,-0.047281247600928444,-0.04891078806540957,-0.017600602575947255,-0.016041500462205593,-0.00520737665567772
2024-12-10,-0.02819637412925598,-0.019082667104545054,-0.00897385866572914,-0.03965873114998364,-0.002842232908967124
2024-12-11,0.03015578300837925,0.01803582864767132,-0.0023302694052678707,-0.005479465471496248,0.007576891919605755
2024-12-12,-0.0007713444545290141,-0.00790999757926473,-0.009351985077986513,-0.021369377125872002,-0.005156375520084078
2024-12-13,0.013768453011258841,-0.012547108879405503,0.00460322074131625,0.04395876157280554,-7.227588918978789e-05
2024-12-16,-0.0032066870410952797,-0.004235884382744508,0.008816763926792648,0.047764684183396744,0.003923607393235606
2024-12-17,-0.024143876001764857,-0.011563106949591803,0.00895605930003901,0.018949956119513556,-0.004195037551080971
2024-12-18,-0.035922353052195564,-0.02774099642332184,-0.03808788718695583,-0.09406739654743573,-0.029363564520994645
2024-12-19,0.01322394970555596,0.004274150228226414,-0.0010382621546182746,-0.001161006362271344,-0.0003708266531136095
2024-12-20,0.04389582507768419,0.004552539704676765,0.005940350747299594,0.03292103577355271,0.011318342722569597
2024-12-23,0.017485546511949,0.007081525567435465,0.02423295906279921,0.02256094009031573,0.00715822135979205
2024-12-24,0.010852532312074725,0.0007101307041440519,-0.004205475316146623,0.02489556095450185,0.010288860584519055
2024-12-26,-0.00226185045036272,-0.0023966083619464764,0.0035139262297817497,0.05991640778095697,-1.810352834397122e-05
2024-12-27,-0.028108624241365954,-0.003172640928831331,-0.012592095126372438,-0.05710509105296302,-0.010365188511180512
2024-12-30,-0.014230035470630287,-0.0035884277839144385,-0.009179114818426759,-0.04074662812275692,-0.011131747762799349
2024-12-31,-0.014839072717332128,-0.000638537885541357,-0.007899553507615842,-0.03242434044200759,-0.004029652358317537
2025-01-02,0.028659151644208698,0.04203017969170508,0.014389322103969482,0.00278440147049952,-0.0025054471006519252
2025-01-03,0.05440485295286209,0.022440919840826412,-0.0028869150752428574,0.12955665996776866,0.012912382172185044
2025-01-06,-0.021686537759848894,0.0284368696164284,-0.012112078771787826,0.004589933037047911,0.00582312533684104
2025-01-07,-0.05841416523850207,-0.031149280048200723,0.015116160857202354,-0.03836916810564189,-0.011249837946843866
2025-01-08,-0.021351613330511537,-0.014160777632661584,0.014913136055493825,-0.021206733096258423,0.0013482606828676413
2025-01-10,-0.028219545106754212,0.07002734197077316,0.0058170232447360415,-0.011333413390044678,-0.015217480788531024
2025-01-13,-0.00978666801429721,-0.02507585864402632,-0.004375985686045247,-0.084798157357387,0.001292386192006223
2025-01-14,0.0045329691183164655,0.03310229818913801,-0.0304522804409581,-0.008773014906083232,0.001272229421302562
2025-01-15,0.03497732488739813,0.021702034924886798,-0.0029669758762270737,0.040572669584228005,0.01829015986310223
2025-01-16,-0.0038471684211411525,0.02551000960374609,0.013838968956422226,-0.01715891368190714,-0.0014862633546441906
2025-01-17,0.03164010781359772,0.01427476685103568,-0.031220544942974437,-0.01822507981272281,0.00959148471331428
2025-01-21,0.03024126301008138,0.016003370219389024,0.02405053820491554,0.2072812403234725,0.009099875306050054
2025-01-22,0.047479300027929806,0.004545939265963657,0.012330855399556917,-0.039586584517183665,0.005681034674121621
2025-01-23,0.008872163466041472,0.01831012004720119,0.00919046030394588,-0.026887442216801838,0.005541700653631132
2025-01-24,-0.03339845670567121,-0.007324260630945416,0.010843233975784683,-0.005274830428210642,-0.003014280833102956
2025-01-27,-0.13465933342758143,-0.13067316105044538,0.012776917590500925,-0.04455455206368675,-0.013917465530759787
2025-01-28,0.055713468120573685,0.015238511136562938,-0.00022202078006050563,0.0179288281712231,0.008381189517254528
2025-01-29,-0.003136678788633144,0.028043611063461055,0.001996411950734689,-0.061977285853614394,-0.004389715676640593
2025-01-30,0.024631074943398962,0.023713867343804724,-0.015523269453790678,0.007937711172394502,0.0052224113266141625
2025-01-31,-0.004024773655624407,-0.02444196291937865,-0.008983158289219417,0.0648518153544746,-0.005338978183491494
2025-02-03,-0.015429641550142703,0.002425278453823898,0.0044544598243977385,0.01885352126095674,-0.006560131789053902
2025-02-04,0.08657005322757942,0.017932641076478257,0.008027553454483305,0.04301251434697184,0.006639863857743178
2025-02-05,0.018398243450670797,0.012131622217189367,0.010812055520000419,0.033685399108863645,0.004102307168646346
2025-02-06,0.08123136857730821,-0.03038308933489453,0.016129334342015855,0.03268180202087062,0.003599550609967972
2025-02-07,-0.013446768129373843,0.005276775563315257,-0.003975877045368448,-0.016123499434279265,-0.009719623584473203
2025-02-10,0.019265051438937936,0.022018101144750297,-0.008344827377911201,0.14551597246112502,0.00715306728721532
2025-02-11,-0.03536077921914408,-0.015396811589676282,0.008862570581606,-0.08288376495815164,0.0008988623389309947
2025-02-12,0.009189686017936424,-0.016261462169296692,0.029273564514274986,-0.024539164980077965,-0.0033054502966920474
2025-02-13,0.008817716678785984,-0.005080812742170611,-0.0010403211484695807,0.05649675393183551,0.010562101673365465
2025-02-14,0.014725805663453162,-0.0010153871696388188,-0.014799049525233365,0.02916283011062404,3.570012207898543e-05
2025-02-18,0.08948366073275904,0.017201085170421404,0.010693293837132023,-0.023688015139641583,0.0028896110699243582
2025-02-19,-0.03808306394738328,-0.0086737465111368,0.016407162699351163,-0.028255420285137056,0.002418426871743762
2025-02-20,0.0005403811404913195,-0.0004061099833920408,-0.014121377416604408,-0.0055405244451569025,-0.0042047499735328175
2025-02-21,-0.021214806806897357,-0.05728832561320485,-0.008199534104656514,-0.08111325246436135,-0.01701405316138549
2025-02-24,-0.0501433267231465,-0.023207229703860948,0.00041644360558357185,-0.023727358983278324,-0.004730128615334728
2025-02-25,-0.029843488102938548,-0.007530537575243949,0.010581437841006458,-0.09113502200041296,-0.004971646784418748
2025-02-26,0.012616634865838916,0.020545222428723992,-0.046675763997585495,0.04435841938385432,0.0006222856769062535
2025-02-27,-0.05262198632694881,-0.03298404339152342,0.0020338306670652506,-0.05470398120659403,-0.0160586290146999
2025-02-28,0.020624030668649374,0.018447583787727817,0.003029770930198128,0.03638839429887886,0.015540073897679196
2025-03-03,-0.03069501597197616,-0.05770814876724265,-0.010716947976433189,-0.07213655797108609,-0.01722402000981016
2025-03-04,0.003877608660189741,0.004092917363616093,-0.012357641352975235,0.0673292897577249,-0.012050233464300897
2025-03-05,0.026823908429961518,0.0017333910842349438,0.014113296440694256,0.12768590854259232,0.01121706700416314
2025-03-06,-0.07499052256880903,-0.04140316651786032,-0.014426850488165888,-0.06661153579298823,-0.018139688230989326
2025-03-07,0.048579313294610404,0.013461165103682745,-0.01027924098633004,0.022707215440541217,0.005392313943215932
2025-03-10,-0.04199256083288519,-0.034463635731355614,-0.01979397627027185,-0.10845329442195384,-0.026439365497959555
2025-03-11,0.020271087132341742,0.014730086209051807,-0.024591142933199805,0.012499859656852574,-0.008205452169871452
2025-03-12,0.02892113774216945,0.023745605993373015,0.0030504461422815043,-0.002364930534839993,0.004850556866931255
2025-03-13,-0.040573533378604615,-0.020256672165984552,-0.015063127338073412,-0.049456335029638976,-0.013060726096805864
2025-03-14,0.07449843091116592,0.02672694417160974,0.010407422785537745,0.0741465030170696,0.02053056368253703
2025-03-17,0.013064524372761316,0.016038993109971294,0.03248325684569919,0.005399646419055215,0.007633414930291238
2025-03-18,-0.02102721222341372,-0.011313660926184133,-0.015019825221088634,-0.06090398320526713,-0.010548228054220066
2025-03-19,0.027500236371045567,0.02471260374716729,0.016343480970395508,0.01081839474184837,0.010505670329288952
2025-03-20,0.0015634533050461474,0.011444755333062107,-0.00491136976973966,-0.025369449520211418,-0.0023018561509817737
2025-03-21,-0.0032549719979456104,-0.0026831238714576378,-0.003939744488367036,0.03171924261036918,0.00025001777731570307
2025-03-24,0.05032995341007915,0.02819094710966093,0.027289842810901077,0.10334408513298143,0.017548844333177938
2025-03-25,-0.00934285907010135,-0.014002841154128162,-0.012147963520413252,-0.011314187446164414,0.002380004067459751
2025-03-26,-0.03699241489322225,-0.0231168257808451,-0.024341055360698416,-0.04254012507734767,-0.01166465826547003
2025-03-27,-0.022372368318969965,-0.024832046968567296,-0.007582585662224306,-0.053533985852039,-0.002751549591184843
2025-03-28,-0.042189607795882295,-0.01314909076449955,-0.0011932208865739202,-0.028292024456601172,-0.01997272591889876
2025-03-31,-0.01711087410122142,-0.003823704716367208,0.004184251670136807,-0.04730256622656087,0.006088492428540704
2025-04-01,0.002764113954934838,0.013313230052558985,-0.014773981875987885,-0.012018679387739761,0.003677613058621132
2025-04-02,0.021574825368931766,0.022752893367983695,0.01683167161890975,0.045597017411545426,0.006029533002130272
2025-04-03,-0.13032393610262485,-0.0705605858960557,-0.025646861489243167,-0.05600560979396446,-0.047696112100194865
2025-04-04,-0.11576859037236947,-0.0934423939999185,-0.056478370301259406,-0.07746789802791054,-0.057956984441939974
2025-04-07,0.04426061914244528,0.019677916237779296,-0.011072662991815974,0.06651535633388561,-0.004210330212845226
2025-04-08,-0.0050062011157073205,0.010122102976339975,-0.018885031240129746,-0.03384761419243215,-0.014712202383736384
2025-04-09,0.18366807544491642,0.106201634760835,0.04231343154963374,0.19382458806737457,0.09274424088433175
2025-04-10,-0.09183688648198143,-0.03599510820956927,-0.04547989539893854,-0.0440248223104211,-0.03414141826610251
2025-04-11,0.013814083966346952,0.036442257388598374,0.012045681432297894,0.00302509292761044,0.017611932991037138
2025-04-14,0.027607437833907372,0.003382585334983923,0.02057978207370148,-0.020682362492150275,0.01004999679248697
2025-04-15,0.018362794694058465,0.006709675942512298,0.002772718872124269,0.05092396434428936,-0.0028054659796539205
2025-04-16,-0.04548302689981931,-0.002191871174851534,-0.014063004279112445,-0.03754676617710945,-0.0219797923873003
2025-04-17,-0.010789591782802616,0.009119442519823403,0.07067270459794411,0.016449030447540258,0.0013864707605040216
2025-04-21,-0.045384381053947376,-0.0470804835183275,-0.013903111587958705,-0.08372264536970841,-0.023827260045596543
2025-04-22,0.026735262598474113,0.028750455627344945,0.020893690920883445,0.023338049557901086,0.025234514674518538
2025-04-23,0.05316105185300879,0.02717098941575165,0.0022286915064620993,0.059116729127935086,0.016064704721360235
2025-04-24,0.059773937595601234,0.03449711604746408,0.023315154153204065,0.07597931157429627,0.021013365171746345
2025-04-25,0.030549352410568387,0.009585972941177578,0.005927480707382415,0.004986419922393348,0.007364405267680452
2025-04-28,-0.0041629495919342785,0.01913206521339439,0.005614176363362089,0.016790462699024178,0.0006126002758108928
2025-04-29,0.009091247077440967,0.0034748593974529562,0.010770026465550808,-0.013171519403592236,0.0060621306465391545
2025-04-30,-0.0034508551441973234,-0.015830626216743065,0.011640140421042777,-0.02805120055629262,0.0004906589085291735
2025-05-01,0.024034327268528888,0.02738562796475208,-0.07356104220853388,0.0034792448817770882,0.007081989964380808
2025-05-02,0.0466692003963613,0.02785697737974709,0.019863244204695985,0.09351425358412602,0.014337274603110073
2025-05-05,-0.0033923676811825065,-0.0032886498474959205,0.005647312670048643,-0.042696630289781046,-0.0052237282497824555
2025-05-06,-0.04045288611737788,0.04531523279544528,-0.03436596950482851,0.004220074706272281,-0.008513527807809895
2025-05-07,0.019286446905808607,0.010181759832168328,0.021200303789164043,0.0029965771444382394,0.004517301627689152
2025-05-08,0.035845938764958674,-0.002304351846419269,-0.014507749608732246,0.0167872695791228,0.006668062738206304
2025-05-09,0.0018788782588151087,0.006810622212825357,-0.021913394839549127,-0.04596159400429467,-0.0013286554261153771
2025-05-12,0.06497161178368283,0.01517816343051844,0.029853704189045094,0.04545766921124417,0.033297663088355245
2025-05-13,0.04248439069522947,0.015743107616875102,-0.010685086833256308,0.0021756880032062775,0.006568369414574171
2025-05-14,0.019755538939478373,0.005502138237946245,-0.034057820256086446,0.047030077843558615,0.0012419421609792813
2025-05-15,-0.019009817964225684,-0.011502342951370906,0.019463154780723357,0.02239551593759742,0.004906554114887607
2025-05-16,0.002474226284401193,0.00535564334056197,0.01984397195572385,0.014941995407138586,0.006448498184719265
2025-05-19,-0.013624632305926143,9.779512027585646e-05,-0.001570717188436821,-0.033949648628268214,0.0010250356364032154
2025-05-20,0.005586890516323717,0.00573759134282803,0.0016131234367010028,0.012409101850205051,-0.0035477563898868025
2025-05-21,-0.024257400488821107,-0.01270226994199497,-0.014587920268976096,-0.03993278609582446,-0.016719168090048697
2025-05-22,-0.0015599312548471023,0.007988270788974757,-0.008274578888739448,0.02508172208174142,0.00046653380184813464
2025-05-23,-0.005844191819395744,0.04488864986872798,-0.002774611154714113,-0.01419821072741756,-0.006753438085567831
2025-05-27,0.022912946418045366,0.026768967219250078,0.01974885122802661,0.08115596171336359,0.0205484002597478
2025-05-28,-0.006957106187697848,0.0014001588946670103,-0.002748964004758492,0.0017477763329481477,-0.005705332927758544
2025-05-29,0.009400788650378328,-0.014599137938185902,0.009702881548057873,-0.05172216188238077,0.003849995126733674
2025-05-30,-0.006081073563802386,0.007009301003858881,0.008076549268422939,-0.0208443536311555,-0.0010325969378931488
2025-06-02,0.006069430944690174,0.01470982753673459,0.016802081118562073,0.019860911625659006,0.005814361667703105
2025-06-03,0.030013049083540022,0.009676078719755399,0.00048307174367445693,0.02358068530098756,0.005670705726728453
2025-06-04,0.006450786121124291,-0.01755005661228341,0.009674880503104999,0.07325357615999983,-0.0006385707590434997
2025-06-05,-0.03328007207898989,-0.006153704124135924,-0.00667923754994143,0.02909678337543048,-0.004674533115084367
2025-06-06,0.019846765886453954,0.011329323068710076,0.012298242657655223,0.052202394379653794,0.010218376531065942
2025-06-09,0.03169629737303087,0.017141948907946476,0.006446663629268823,0.07063983454379996,0.0010715180052147666
2025-06-10,0.0049317693761880554,-0.022958816614207844,-0.0499840267149434,-0.02888665310630656,0.005696059787051677
2025-06-11,-0.004935701867998715,0.021420045826195427,-0.007810344828992677,0.014137820451631034,-0.002759716188811656
2025-06-12,0.006530294909239898,0.00844519237322594,0.019603149594033753,-0.01137446508289125,0.003780376262791263
2025-06-13,-0.00492957721915957,0.0034279033753438215,-0.00036187573662671557,0.0008870684579472821,-0.01113611278301574
2025-06-16,0.033098656812978966,0.019371081342402435,0.00200501673245318,0.06856190357779612,0.009657797054640538
2025-06-17,-0.010403120730429927,0.00036741794916950177,-0.013027674910484066,-0.024042103323428987,-0.008518828461238748
2025-06-18,0.027786366284634434,0.0015040043643294772,0.004511431596110949,0.08005535760551719,-0.00020015538823947576
2025-06-20,-0.011078402944328908,-0.008496800320417996,-0.01586588125797378,0.057243377057468625,-0.002767434345758435
2025-06-23,0.00558837918643984,0.014895283652681742,-0.0023124678510190733,0.09197067022778027,0.010297226876252896
2025-06-24,0.015450881573306208,0.02892621689100398,0.01102498823938125,0.04045186857572225,0.010987430206997884
2025-06-25,0.024204434980688416,-0.01497399719572919,0.0022915936663849834,-0.04712061236214854,0.0005004986716299342
2025-06-26,0.016925435895053687,0.030073849463476538,-0.0015074894813004724,0.06508194874417561,0.00791476920015488
2025-06-27,-0.027910729786899208,-0.01062351535892947,-0.012052395012519868,-0.02296029947707312,0.004963090589277908
2025-06-30,0.00718103127521208,0.011952824340510407,0.00804821853993165,-0.021129435676446595,0.004998237587227505
2025-07-01,-0.027116739579105154,-0.037060664961210965,0.0038662121658292192,-0.03746218733284401,-0.0004577096405283809
2025-07-02,0.021110138333530926,0.004530608369058349,0.009585903489197634,0.026312472950172694,0.004438335954132455
2025-07-03,0.01582984786375702,0.013131708155224612,-0.00034456703909702124,-0.0014835199747383898,0.008644694293159061
2025-07-07,-0.007117612195138512,0.013230212271862793,-0.011956833933481459,0.04613548703183268,-0.008014260935438
2025-07-08,0.015765244868821138,-0.022561516971616718,0.01003773734508595,-0.0043173608263363805,-0.0006659272525614268
2025-07-09,0.013132965751397885,0.0015882908893447567,0.016380967156046644,-0.027393491007021598,0.005927377148337243
2025-07-10,0.011597692068978038,-0.009513411125173565,0.0017046225662021852,0.016783134101384933,0.0029289454310712504
2025-07-11,-0.005152226144993471,0.018689698575798202,-0.006236739388565504,0.017412806864815666,-0.0035982919277495196
2025-07-14,-0.005197526726776702,0.0247281753902097,0.007645694849200413,0.07855951330792055,0.0019712323116187758
2025-07-15,0.014659109995143943,-0.013808919409837936,-0.024715689898321902,0.05014188326689395,-0.004335232768635233
2025-07-16,0.0014968762035596217,-0.013958108954036782,0.020083301789504793,0.04941045028306723,0.003287368915880995
2025-07-17,0.014734436968749376,0.007625616533312211,-0.01930789332112559,0.08395454153313597,0.005995847339681726
2025-07-18,0.0007233134055151524,0.03711225823864835,-0.002242359894961854,0.0051971257497952505,-0.00045045363141593686
2025-07-21,-0.007044780157858782,-0.03599260446220801,-0.004273974991204799,-0.05216100012484459,0.0017854994324508766
2025-07-22,-0.019486046128883966,-0.0020831774315276017,0.017491349522455235,0.00042111357268115324,0.0
2025-07-23,0.028483472118337128,0.012460904620885596,0.02741475826591655,0.040238063044016004,0.008495497832796461
2025-07-24,-2.36005618103885e-05,0.0048993916415308965,0.005402040387715634,-0.000702241201371967,0.0006862602788058059
2025-07-25,0.012107663125063284,0.003916434328738745,0.0013902291584535487,-0.05493267013296149,0.003977622314242035
2025-07-28,0.010147890373773116,0.004007526437302104,-0.013261180202584488,-0.025515321398154545,-0.0002391861596003908
2025-07-29,0.008279708209534414,0.009503218523549331,-0.028914424956790474,-0.025051417310913704,-0.0025963392386786355
2025-07-30,0.012411059087242993,0.008468067161710668,-0.028110845557160147,0.04155959355220695,-0.0012157237554113465
2025-07-31,-0.00420754016131164,-0.005908134050928567,-0.026020018904077846,-0.015913627226862403,-0.0037551708648805304
2025-08-01,-0.03271138956440606,-0.012238395128824778,0.050678012615585355,-0.018762891531448778,-0.016470962122335453
2025-08-04,0.03613734620203485,0.029636666239660547,0.001605239897289501,-0.013306263659624229,0.01520681534721846
2025-08-05,0.011124549140781481,-0.016877991221045274,0.018792629687643336,0.013937789062772876,-0.00480931311418431
2025-08-06,0.015356458573008935,-0.0013733980457265222,-0.016718408192428424,-0.01468125516956209,0.0074307249013412235
2025-08-07,0.012774369922670725,-0.0037070132183635676,-0.0756257019632352,-0.0381426880843963,-0.0006019097814852215
2025-08-08,0.035184353730458695,-0.0038326481573955165,-0.00839345068079822,-0.005889730328781095,0.0076555193703475855
2025-08-11,-0.016052787014919162,-0.002120295011603305,0.005873498112850817,-0.003921033769640148,-0.002048763567180756
2025-08-12,0.03384019281854339,0.009975306534287354,0.004911553080758635,0.024153030200502412,0.010675188448601824
2025-08-13,-0.010127816593369032,-0.02059339475352373,0.030287057840466702,-0.0020365020921528365,0.0034868027609673558
2025-08-14,-0.054736213217982665,0.0002660212068279118,0.021900519354047354,-0.017693794455862777,1.697967428815339e-05
2025-08-15,-0.014160855549658236,-0.007414233900083962,0.015112621519275615,0.01272220136274177,-0.002159090388250795
2025-08-18,-0.0045579513984125575,0.006050704512917522,-0.0007186183474861552,0.008737965802653402,-0.0003550419771108926
2025-08-19,-0.04484108504020515,-0.01806676752198651,0.0022952638851959084,-0.07835645528271284,-0.005462027613926335
2025-08-20,-0.007555471246634832,-0.010189086008329648,-0.009173668643356836,-0.0013642931891185706,-0.00263539086958553
2025-08-21,0.006011869970348499,0.009244993156819259,0.009923786236130772,0.009212783998525043,-0.003938158923863289
2025-08-22,0.02270513038143379,0.009497142736979547,0.0038370967992715777,0.05754512344448515,0.015301226379067279
2025-08-25,0.003962714522294047,0.003337473995335053,-0.022456392347142973,0.06322646419150135,-0.004231235500153252
2025-08-26,0.014640049762505714,0.016282993712745924,0.03555396046216042,0.013834925841142431,0.003995269868116935
2025-08-27,-0.0033030665548956784,-0.006005036368239273,-0.0075212645998153915,-0.041144570533882985,0.0022930716559641517
2025-08-28,0.025180541369871107,0.019387229536438493,0.0015897351455336772,0.025199838212818126,0.0035329818913640842
2025-08-29,-0.015098922004455062,-0.01776619633016933,-0.0036124176903498673,0.007098820704560471,-0.005766772198780856
2025-09-02,-0.018322426792791974,-0.010663486525348986,0.16592690194399862,0.005465567121602455,-0.0073683826898246485
2025-09-03,0.00768503358979164,0.007099888323819914,-0.014706065813556324,-0.09490904375475595,0.005112748702196468
2025-09-04,0.06848544562236308,-0.0064577132150962875,-0.010582291154883405,-0.04335429428880694,0.008230378801984184
2025-09-05,0.01839527551444181,-0.01175075295335611,0.015782415438101327,0.039716732734236704,-0.0027321748210950014
2025-09-08,0.016027201791756318,-0.00032089820217014636,0.0004933806618593328,0.0012801211610550256,0.0025883217033930705
2025-09-09,0.015111454042677497,0.004335138757136647,0.01973417900677399,-0.054671658783948696,0.0024308990040147194
2025-09-10,0.03921244955787068,0.033951842405127865,-0.006367937697988435,-6.694883647812011e-05,0.0028931703086136906
2025-09-11,0.03137391772461706,-0.0002794693859900684,0.011616922274132246,0.034985662242969395,0.008154496316399085
2025-09-12,0.01584211740983843,-0.0030605521769208797,-0.000366140419561678,0.055252602900579206,-0.00021512504781828756
2025-09-15,0.019206873229447974,0.03757056621874163,-0.007123603887893237,0.03561643807304227,0.005211519247566576
2025-09-16,-0.0057684976435777024,-0.028115379064305907,0.004664532357639528,-0.0694603124325448,-0.0013168597793354886
2025-09-17,-0.005323733091800176,0.005472674811306237,0.0041793090169657265,0.018235885180043043,-0.001153415450108386
2025-09-18,0.045820607391847235,0.0033602169988301567,0.009508716403307638,-0.006324699244482868,0.004702235561531376
2025-09-19,0.01916457809124844,0.018824969461410768,0.002223543505953718,0.05062484135472578,0.004663900117003239
2025-09-22,0.019941959291062766,0.015834162722718165,-0.00143250181142901,0.06270841364896307,0.0048708890864042065
2025-09-23,-0.0056946679443063974,-0.0018782825093869675,0.01802576758853447,0.09201895936289328,-0.00523774900152274
2025-09-24,-0.027913794714093526,-0.00971002124812855,0.001968648220415925,-0.04261627088405784,-0.003335919207619664
2025-09-25,-0.013351695942671632,-0.0008482271770222279,-0.033563826919515816,-0.06803495618751182,-0.0047743124159277395
2025-09-26,0.007028844710979559,0.005860801638739033,0.01547120706454752,-0.0070044766681272574,0.00588524310440941
2025-09-29,0.05140542642937074,-0.005490732662069564,-0.008290097216721026,0.005560012233855771,0.002810680098553009
2025-09-30,0.0080362296323149,-0.00822806105248671,0.019103424413586756,0.012029467601302524,0.003687648119826248
2025-10-01,0.04031023930441685,0.016570819979812135,0.06353021803903203,0.0806995024121786,0.003576256089057761
2025-10-02,0.0072193116339379915,0.008606696607013816,0.0026280664551220356,0.12786677675166136,0.0011064081694245331
2025-10-03,-0.010015521630061613,0.002954480415757299,0.023067882650526395,0.04725482257979807,8.137255176721148e-05
2025-10-06,-0.0049162811773457715,0.009717358641312698,0.0033155142737458787,0.05876131015873942,0.0034129655259655944
2025-10-07,-8.705340789710858e-05,0.0019886218689164994,0.003086764596617997,0.03841508518994363,-0.003563335683556268
2025-10-08,0.03684497382225965,0.011591111926716654,-0.007418633207251779,0.07403307323199204,0.0058029445241385424
2025-10-09,0.015175998100453503,0.006833984912519113,0.0017395871547903896,0.04291914591439261,-0.0026988789884324627
2025-10-10,-0.07334164052961978,-0.018905294482082818,-0.01881820123700667,-0.04368265931689119,-0.02688380259026757
2025-10-13,0.05648328247172563,0.031850540828886977,-0.00838421452306437,0.06065326296576978,0.015153735427828607
2025-10-14,-0.033538423418133984,0.010186195627468623,-0.011630534534562031,0.04204748086296728,-0.001410576861690771
2025-10-15,0.0353405805987779,0.011820054968774252,0.007115023967140699,0.015409920017990464,0.0044022921578728
2025-10-16,0.013179671746625876,-0.022069639590070838,-0.003770834360150299,-0.048729175604701136,-0.006607378691075305
2025-10-17,-0.004300316972245505,-0.026719114460400723,-0.00934799445008988,-0.03902321717443491,0.005548263760961403
2025-10-20,0.026363804616105296,-0.013293683480583315,0.0030677446615713366,0.004076151779452697,0.010495080191700756
2025-10-21,0.0012020563475877155,-0.020889511581460202,-0.017544273176452185,-0.039835830821217666,-0.000129511668173099
2025-10-22,-0.02464230587075153,-0.0016495815732171144,0.006988671159263382,-0.0831421974640883,-0.005056099886587728
2025-10-23,0.05723770446724413,0.02166424864329571,0.010718205166251993,0.02740093827941581,0.0056517869375618535
2025-10-24,0.056062574458702,0.025448327618496098,-0.006265355268866957,0.021590326031912688,0.008276145726866968
2025-10-27,0.01111544768412906,-0.0037137142143556976,0.0035200165823460194,0.0472189576660923,0.01196680788515514
2025-10-28,0.010261170790201696,0.06703415057171791,-0.01058671025584268,-0.02482141454608361,0.002682635737262906
2025-10-29,0.06779344058128312,0.006006448078355375,0.044123705029399996,0.03362489688988912,0.0004115789981629092
2025-10-30,-0.03050301838904476,-0.021213195101357368,0.017068598940371604,-0.060710158288457106,-0.010618013916404712
2025-10-31,0.010182712624231816,-0.012009027419879673,0.001940407048081183,0.04018598951390728,0.0028789620569129593
2025-11-03,0.02349586155268879,-0.007565431850853381,0.011911330874858683,-0.06974899447834976,0.001961690709285424
2025-11-04,-0.051008266385086404,-0.030579110684468613,0.004245101130277873,-0.04657715359655945,-0.011587433611977005
2025-11-05,0.03159553611849458,-0.007290019439179211,0.022018377612374462,0.0010296143465473029,0.0030112163495383815
2025-11-06,0.009409497245401355,-0.02457498101899125,0.013600224708868569,-0.09658279433745959,-0.010628332352743741
2025-11-07,0.03495498820672602,0.014871824826211855,-0.012576844412997334,0.05040751748235106,0.0010547446973221408
2025-11-10,0.08599098178937503,0.015368287055615104,0.028455549738693686,-0.0010235646367466877,0.015529487959131671
2025-11-11,-0.02049349906135403,-0.013926712508960382,0.017185148103807002,-0.012253558845751855,0.0022986673135896307
2025-11-12,0.0004235249553813103,0.004844733928044705,0.01728483003689185,-0.037433184208754966,0.0004935924675808501
2025-11-13,-0.08683906114857329,-0.041331854642789136,0.0033238287455009674,-0.0708754199971775,-0.016284044312597223
2025-11-14,0.016870697638102894,0.0009838834522090112,0.006348458636501797,0.0028789327587234737,-0.00025877928916706594
2025-11-17,0.002403242716699644,-0.006242171127160005,0.004171834462792234,-0.06357193638076303,-0.009371590619817738
2025-11-18,-0.03409562014347145,-0.0025061509848382326,0.009034158573777318,0.008192269670845798,-0.00823466687701735
2025-11-19,0.013978741935985528,0.025117507313357563,0.009437388299349314,0.008014145061680966,0.003624286340229599
2025-11-20,-0.08614441020424923,-0.029681167472523955,-0.004915530097851062,-0.11046164889240273,-0.01516733620827515
2025-11-21,0.00881587031314321,-0.021996981175218606,0.007969870197453766,0.016992478233191832,0.009950537782298596
2025-11-24,0.07243513850905714,0.03064125230953696,0.007441604122724321,0.06200687431427809,0.014869707886471684
2025-11-25,-0.01646488120387335,0.014213666484515719,0.02756540508661276,0.006403105839126733,0.009301775977488491
2025-11-26,0.009283022975239669,0.014108667626321125,0.00021526916995046053,-0.007773735450536168,0.0069120377563589575
2025-11-28,0.02575596663541907,0.008090845185296755,-0.01555869877913324,0.00862808469335452,0.005536426487820378
2025-12-01,-0.013136008587686404,-0.004340904666897664,-0.014397420034745867,-0.052940932264299634,-0.004598918292398113
2025-12-02,0.0033081790471326256,0.004724107721099584,-0.011615627196585487,0.05962641312852701,0.0016946482822168818
2025-12-03,0.0011659537173299428,0.0010941050879842429,0.00118878312088333,0.0736409935000697,0.003495109716155298
2025-12-04,0.041593476394914564,0.02318640862959494,-0.00596109769882508,0.14321737316635041,0.0008428465334728852
2025-12-05,0.028099662439881268,-0.02149136963102412,0.0033209777552837827,0.005550330896868516,0.001875187819684987
2025-12-08,0.006246573004683537,-0.01126758731132175,-0.01630919591621771,0.02607371415570292,-0.0029660867131074964
2025-12-09,0.0022776066199353684,0.006947330766298165,-0.010988210664690523,0.010296339145077604,-0.000811223469191602
2025-12-10,0.028124176421304214,-0.005607423198261611,0.01473520084790847,0.08090210422979993,0.0064638794826190615
2025-12-11,0.006354302764337821,0.019993732031277744,0.01168437087379337,0.08829579342111982,0.002451954749838059
2025-12-12,-0.07550906960280815,-0.04213128712956826,0.014589651837564555,-0.0635480277587509,-0.0107935606535432
2025-12-15,-0.0036935742633061597,-0.002276489732130201,0.023262467544642784,-0.10739200891168738,-0.0014517008859619152
2025-12-16,0.012827835335128795,-0.001422112910325568,-0.004018486107838282,0.004851130768710243,-0.0027956700463993567
2025-12-17,-0.03321992261100751,-0.02901744699685131,0.005011825086121302,-0.0613949047258146,-0.01098989235725989
2025-12-18,0.03952118968469731,0.02947949930013427,0.0033866881261811477,0.08812294695108769,0.007548387875458085
2025-12-19,0.05526180969339639,0.003798229520935855,0.01687833355725532,0.1636066958136404,0.008922605706582765
2025-12-22,0.015052882923403954,0.00794636822457421,-0.0008774159598554099,0.11999179268102222,0.006297721702520187
2025-12-23,0.01286398867919758,0.013559449976718133,-0.0055081200950416465,-0.007068768870085951,0.004668670924617757
2025-12-24,0.00389510513283689,-0.0002149806055296762,0.006605598501447041,-0.044472950157886715,0.003335033477966931
2025-12-26,-0.0040577256907273485,-0.006768408676071387,-0.006909717277687244,-0.08138124953372888,9.460787358062106e-05
2025-12-29,-0.01835191278257381,0.0038232696140499587,-0.00374527413358422,-0.007086496130275899,-0.003528597893055596
2025-12-30,-0.012484648884153793,-0.004949659509959255,-0.00619843927071273,0.02481003568405782,-0.0013911020720053235
2025-12-31,-0.011611415204366898,-0.0015187725847456053,-0.011356414972555462,-0.018622301540685393,-0.007265853666360345
2026-01-02,0.042332840075643974,0.043853566614787454,0.012360383798637797,0.119277905158238,0.0018656933806269205
2026-01-05,-0.003069096038889968,-0.0032980293068611832,-0.025056545192549684,0.058773401769361966,0.006621071261690981
2026-01-06,0.08628416706505773,-0.0008766345181949372,0.024110224455963558,0.08661696648763395,0.005929244996783822
2026-01-07,0.0048404379044155454,-0.006418565333262534,0.02167412287587589,-0.07164708976035616,-0.003206638474218093
2026-01-08,-0.04955909045973378,-0.009270611535881934,-0.023098933933728805,0.0222230833271736,-0.00017332413714843398
2026-01-09,0.03977311120454177,0.022386244149526724,-0.0177078633562896,0.04990810928491107,0.006702899305140342
2026-01-12,0.02066536699010252,-0.0008407723185420712,0.007329596717803144,0.0216587989938255,0.0016136770239001397
2026-01-13,0.007443509171685958,-0.004523090973891364,-0.007494166080274867,-0.036322425282615756,-0.0020490474772195677
2026-01-14,-0.013445613511008259,0.012952150499000004,-0.0029949733427056535,0.04362698590552194,-0.0048430594091642964
2026-01-15,0.03337934583512786,0.02212490471555058,-0.022714278691985224,0.025999016436569433,0.002645935033731117
2026-01-16,-0.013323608486323552,-0.015572527983432005,-0.004850574063279878,0.10222374433830539,-0.0008325157843777076
2026-01-20,0.012533820434915272,-0.02106947151472771,0.0047684430598824434,-0.051453586360496684,-0.02034301469097588
2026-01-21,0.03953868120671514,0.02462822766122526,0.019692768397522542,-0.04726914821455358,0.011457810652963252
2026-01-22,0.00557055938468537,-0.010022709150611023,0.0065448721427705525,0.06308490138979383,0.005203966452220765
2026-01-23,-0.012428599705060217,0.0088215994935578,-0.01392188975062647,-0.006802154497065449,0.000410459655692641
2026-01-26,-0.005296048207522608,-0.013191582669167312,0.003989252109191932,-0.08605517343327501,0.005143318075213843
2026-01-27,0.02628075086367787,0.015766452098330903,-0.007321396762599353,0.07181060832887698,0.004096664827313745
2026-01-28,0.02371244677925366,0.0242942995832028,-0.01749820160603721,0.05343652790660314,-0.00015637106998900308
2026-01-29,-0.007869933289471082,0.006308277363938057,0.0005940731153025736,-0.01276782810783933,-0.0020793212376579717
2026-01-30,0.002398794869714088,-0.0357865080248904,0.008265297491782397,-0.07729538257127033,-0.003211874729477593
2026-02-02,0.0454712977632227,-0.026154382278739563,0.009233083200281156,-0.06691097483789527,0.005438353742200475
2026-02-03,0.02897482805575366,0.018615071859016303,-0.016033483241371826,0.1016214616625486,-0.008644835724602395
2026-02-04,-0.09728256952650197,-0.04769381404262644,0.05616754566171345,-0.10315740125237466,-0.005109252342394233
2026-02-05,-0.02604572099875893,-0.02578289469294596,-0.042757984649491765,-0.09585718788613351,-0.012378942852334762
2026-02-06,0.06247440759878503,0.037603864566532565,0.025001744490895206,0.09090909802876324,0.01948321295033506
2026-02-09,0.029284083696181545,0.0383357320068208,-0.018992810354951872,0.025957253438947947,0.004706861750291003
2026-02-10,-0.0403443613726813,-0.004186628653612856,-0.009329881283221375,-0.053761458324879996,-0.002804613497801367
2026-02-11,0.01664776927684869,0.011684049375925895,-0.0019755342086009153,-0.01335318345116332,-0.0001414451857935095
2026-02-12,-0.011732555584018423,-0.01129535977312457,0.011651485291859442,-0.10176218778121154,-0.01549458828079553
2026-02-13,-0.001281246642698436,0.00961239972114932,-0.0009248525828799425,0.012595260847595435,0.0006385750494271036
2026-02-17,-0.00519348654666138,0.014280613198780748,0.00734815765543273,0.02131538367593877,0.0017545444091136009
2026-02-18,0.017122968230309454,0.00781901434129458,-0.014077693253894241,0.04083875838990636,0.005032057832192294
2026-02-19,0.01719559556729275,0.008209833786390841,0.005998076084089976,0.02617872930852183,-0.0025667688756069174
2026-02-20,0.0317111329794561,0.010543934445920389,-0.014082325233713056,-0.07322622824701863,0.007132329487871125
2026-02-23,0.000770468960108045,-0.01290984427749553,0.025450514612521014,0.01848084175158643,-0.01007851793166703
2026-02-24,-0.00616727290669547,0.02434855900339857,-0.008899637567420682,0.009733038918080805,0.007297253323045982
2026-02-25,0.02428150137472096,0.009907160145822233,0.058740408804019095,-0.018514934989483478,0.008414991558492124
2026-02-26,-0.01923646444770999,0.011248807799105975,-0.032743299157771744,0.03809127283024749,-0.005615481356488261
2026-02-27,-0.005670716875357917,0.011747740157846076,0.014959932653287877,-0.06273679787443098,-0.004590420858804234
2026-03-02,0.054200978366033964,0.03658132646995371,-0.006326095605254822,0.06233777352764003,0.00038047977234278996
2026-03-03,-0.03661044120394599,-0.027238177689216363,-0.019791614109957945,0.02721590786427336,-0.008807626233547694
2026-03-04,0.023870925248196756,0.008802596913058772,-0.010526887702046572,0.07856257527660748,0.007127868156814321
2026-03-05,-0.03349813109216759,-0.006364295144818732,-0.015371714068990794,-0.06585940094732079,-0.00534762745316808
2026-03-06,-0.03495935142128201,-0.0188710033203557,-0.0035173270350324914,-0.02257355105266995,-0.013369332601200212
2026-03-09,0.052343821490349524,0.018507939977545556,0.062458050401209886,0.011363024493584506,0.008683321639860964
2026-03-10,0.015498224317038733,-0.0014793179021269272,0.002783251644563889,-0.030259210420134797,-0.001731439882889374
2026-03-11,0.008386414137294879,-0.024074320830956397,0.007551233436341842,0.025863194434732395,-0.0011078780334262683
2026-03-12,-0.02479777584656312,0.00538071698659263,-0.022210899013154983,-0.03129289063546731,-0.015320975109708757
2026-03-13,0.010736693307917877,-0.023154150317822603,0.0071028818649581105,-0.004013357993892963,-0.005567154490291548
2026-03-16,0.027672141744077394,0.01029560040989493,0.0003531877714738618,0.037236943633453756,0.01001477460783784
2026-03-17,0.00639305711319238,0.006236574326209832,-0.02435539803387754,0.08802147692973172,0.0027635200973570306
2026-03-18,0.0174147698086885,0.023497198014324632,-0.015563831568529862,-0.0838732975233561,-0.013795148509844868
2026-03-19,0.026160818943431197,0.010275835154696026,-0.003457792987107744,0.03609027651711627,-0.0026791875755300953
2026-03-20,-0.056336442618577315,-0.05326731095703648,-0.008466171666973166,-0.05477710423136922,-0.014519979228690527
2026-03-23,0.01996923914505158,0.02986830109664555,-0.0007952938185459835,-0.002668845615350468,0.010853850478142801
2026-03-24,0.0068886847443596355,0.02221977192067211,0.006033640133204454,-0.022334103628755375,-0.003391493885852692
2026-03-25,-0.0037715082034483205,0.0010685662373653242,0.016553445378623577,0.1037321029537216,0.005444978741605766
2026-03-26,-0.07631523440870583,-0.014018390334523087,-0.018910104096505176,-0.0902941224205025,-0.017732708274993514
2026-03-27,-0.0076124770556088295,0.011028491072428167,-0.01956457006511836,-0.09028822152887578,-0.017010337742954462
2026-03-30,-0.05519407373885343,-0.010319535952408976,0.06744513621456416,-0.05995674023599351,-0.0034823390263478693
2026-03-31,0.07840299278680413,-0.014124590070808388,0.022614916407890262,0.12090042143734592,0.02860936196039754
2026-04-01,0.03494114961476874,-0.0013189149015227681,-0.0002584402496031424,0.01687896407345313,0.007949122664680175
2026-04-02,0.019344333975394645,0.0028281274097620526,-0.014708451686143209,0.06824032554889914,0.0011455948159597718
2026-04-06,0.002885870478146313,9.654940443970528e-05,-0.009121215940887384,0.011379498721501125,0.004444454821595389
2026-04-07,0.0013486804625242876,-0.0036215689589715514,0.007578721896419283,-0.021787956002638942,0.0006109465244419354
2026-04-08,0.04088904952576297,0.020817763160229912,0.0260597944692863,0.04181934234251017,0.025245926277871256
2026-04-09,0.009008413194439152,-0.017182901693894803,-0.004956894883128005,-0.042076859751955575,0.0059226779118535244
2026-04-10,0.022344033117285528,0.008587904836435753,-0.010873303369269116,0.027770803394969956,-0.000672047091481609
2026-04-13,0.03922973024500248,0.003023285350854351,-0.00011977359458686943,0.04032679396315586,0.009798277728187976
2026-04-14,0.018144377764149844,0.0013129873181855212,-0.003004456198868799,-0.04121295677063619,0.012097291936856491
2026-04-15,-0.0032388963498521106,0.0028860650647046424,-0.01029845538089963,0.00018302442553819187,0.007989368987907808
2026-04-16,0.024260016641970972,0.01601058482443755,0.0019618410703048927,0.08656806185106791,0.0021912780019623934
2026-04-17,0.023939781307128705,-0.016989485817400268,0.01952203329126423,-0.018470320643029947,0.01228178322550555
2026-04-20,-0.0007420008793489752,0.00014256604519805963,-0.01654148750454093,0.0009944613089206689,-0.0018996458489249912
2026-04-21,-0.007845766665501769,-0.023158946673584018,-0.009157465737177406,-0.021872330451240873,-0.006584374898709
2026-04-22,0.04043723696068746,0.039152383050809925,0.010944866222667993,0.04868030732131379,0.01027430944096297
2026-04-23,-0.04266409357638065,-0.0007688711093091216,-0.003331873483174097,-0.06511315263434636,-0.00403739238129297
2026-04-24,0.02772263694361865,0.01893126716020932,-0.023323056640248363,-0.04399862911953811,0.007923106689458947
2026-04-27,0.019477909491744078,0.007358364387059613,-0.009024683080906648,0.02161358784680134,0.0016453495794352957
2026-04-28,-0.036827886955629385,-0.02124648700638687,0.005169147056969803,-0.05693745347778839,-0.0049277543544711255
2026-04-29,0.005936796911422376,-0.006165928111926992,-0.0113157268614838,-0.024109295550440724,-3.0594284145646355e-05
2026-04-30,0.010205885760724703,0.04680775697723213,0.04922830470620354,0.06463084751963988,0.009690638349153069
2026-05-01,0.0357975487846485,-0.01806589055489956,0.014538909726095894,-0.0427869244487733,0.002936843819084878
2026-05-04,0.018237746642599695,0.011313889986526568,0.011872079867009,-0.007834259807041832,-0.00362258516650793
2026-05-05,0.014558145346426882,-0.015433147678438694,0.003057380533403209,-0.042968807378833795,0.007847086823611571
2026-05-06,0.017822887577375046,0.01952100213302847,0.020540771505415667,0.09070349775910935,0.014068752947129948
2026-05-07,-0.020390208411182636,-0.044144856118826126,-0.02923240511108166,-0.07355867478452766,-0.0031423033438270354
2026-05-08,0.05981823722084406,-0.022704956014553062,-0.017320094458447288,0.24531530658810952,0.008177920978619913
2026-05-11,0.03404066672734324,0.006946585155125325,0.014145977700792844,0.10628600568138824,0.0021828604960840714
2026-05-12,-0.01927264589468272,-0.010680612404133982,0.022236220994083178,-0.057191274983996176,-0.0012509763822469155
2026-05-13,0.013808553854606526,-0.03235855464508075,0.011181525980257678,0.040706427880481066,0.005510847708523059
2026-05-14,0.007662822722556667,-0.005503730485324228,-0.007690149212412789,0.08863558969953389,0.007795828918920167
2026-05-15,-0.0199488107014556,-0.023020416140535554,-0.006285830173530738,-0.02537203891944889,-0.012054062954770961
2026-05-18,-0.027257552682672992,-0.005703091810838094,-0.009772022878469844,0.04449087802220064,-0.0007801166562249051
2026-05-19,0.0013898113718800176,-0.008133246081484394,0.016693231024977273,-0.007363632433346978,-0.006363018251886676
2026-05-20,0.011852506573986787,0.023738631839170837,-0.00377512150766951,0.03577369663573993,0.01034700129968158
2026-05-21,0.03652259886867923,0.0052226293312978385,0.012899139559720774,0.004238602149866155,0.0018633212922920528
2026-05-22,-0.01631987016764655,0.008328487812818438,0.013470168851951958,0.09112841499983715,0.003968654522935822
2026-05-26,0.020188739027271002,0.009973308674369704,0.008674087639094719,0.09277064458480622,0.006505773459862363
2026-05-27,-0.010820699431065423,-0.020883737302950307,0.0018986672173523234,0.06589950840188219,-7.247856648218143e-05
2026-05-28,0.02837794688401571,0.0051399362697212014,0.012673553655278724,0.006142371707449246,0.005724890988149545
2026-05-29,0.01724960308920037,0.0010746306118802895,-0.014361311202449656,-0.08930342258636692,0.00227699184077923
2026-06-01,0.033006957048479835,-0.021391475288240147,-0.02127184126207421,-0.1077067120464304,0.0026024877526233947
2026-06-02,0.022773229599211436,0.044059218204345184,-0.012535052835766558,0.06305156252212929,0.00137682934216099
2026-06-03,-0.014203227685819803,-0.023975860863018728,0.015595432111714769,-0.0791233623841453,-0.007017487569555558
2026-06-04,-0.003156890635652526,0.0031957964476625467,0.01992776985190814,0.020843635963211093,0.003894049849806125
2026-06-05,-0.08146636544942298,-0.04633710599566384,0.00472285852096288,-0.10494118339141534,-0.025946051286182326
2026-06-08,0.03584358747271649,-0.00208120077164764,0.003125080083368703,0.00798897724403963,0.002477858400842914
2026-06-09,-0.03651405660870399,-0.004787837722214176,0.005811813800980559,-0.04203977806200282,-0.0029130344173057265
2026-06-10,-0.014175640506887521,-0.03262695801252905,-0.011801425741134908,-0.0225254505299764,-0.015715012568198405
2026-06-11,0.04968123201216529,0.017584989697133402,0.012009798409469585,0.10494615272722141,0.016760340465034496
2026-06-12,0.022346161520632485,0.017810106762580585,-0.011524152516538266,-0.1316173125867175,0.005484909819208905
2026-06-15,0.05680834483268199,0.022960990455572133,0.0016953108158676011,0.064806223123961,0.017420654817781323
2026-06-16,-0.041180305428884345,0.0036369942886778825,-0.00421543894170906,-0.05151987513373224,-0.005880436390790278
2026-06-17,-0.014939572066970414,-0.007066757422049467,-0.0017588345715151,0.03534013132266012,-0.012091355647161683
2026-06-18,0.03915648421946599,0.004873767374562317,-0.019529857411184515,-0.03134415940793761,0.009832548255431117
2026-06-22,0.013350514299553279,0.009212111348265495,0.003190894710185521,-0.07870942542178772,-0.0029210253870163294
2026-06-23,-0.07627925122549081,0.004156563670128732,0.007869431296909313,-0.027961331244067744,-0.014225285236405316
2026-06-24,-0.007013974810942819,-0.014493965850625937,0.00971409299871806,-0.084387843626893,-0.0009610842775608086
2026-06-25,0.04649323465695035,-0.0025472151288359703,-0.001251628177697417,-0.045202371263154684,2.9623965879022052e-05
2026-06-26,-0.033448349252670206,0.006407562521964727,0.03498967471599934,0.06827911162273814,-0.005176974399219714
2026-06-29,0.011481953854871996,-0.005973609976503609,0.011108789767685479,0.1868742765413478,0.016038551969942194
2026-06-30,0.037969300198586686,-0.0260387781999419,-0.015234326380756669,0.03061288647861804,0.008516743821379125
2026-07-01,-0.026640458142218132,-0.023710755653997162,0.0017035798085844878,-0.023301833932149907,-0.0019655735803734142
2026-07-02,-0.05564625714385907,0.0037681781953937676,0.01730661423224289,-0.0036843591788236485,-0.000904494933786526
2026-07-06,0.008861591679378333,0.012700560210941273,-0.013493702883367875,-0.0630527004115089,0.008439880899278274
2026-07-07,-0.029009528434997545,-0.005957740661447127,0.029820631475366288,-0.09186121172834871,-0.005125797185676739
2026-07-08,0.02437043861872812,0.014664621588749371,-0.016286550264402233,0.00462613644389831,-0.002648901552875116
2026-07-09,0.019355670161273875,0.012480249075877525,-0.001217123785686669,-0.011937103135643556,0.007923988848610009
2026-07-10,0.011388347358137568,-0.0016594276784875905,-0.016561327760641176,-0.012935897972699117,0.004589588525896193
2026-07-13,-0.04714958719472215,-0.005905358923580535,-0.01332426110258711,-0.06573525737982772,-0.007724880328481176
2026-07-14,0.03250452708641921,0.0057903693780092524,-0.02072655573264276,0.022728278087486342,0.0037762898851669835
2026-07-15,-0.028573778354891055,-0.01152839118867377,0.006644646698330536,-0.034794810233405304,0.0039068330233149595
2026-07-16,-0.055017665981373726,-0.017326657441714615,0.0028447421702485487,-0.14327670714387203,-0.005275256859219479
2026-07-17,-0.018753313812241518,-0.0011851249187121438,0.01050734663612618,0.02736352083366378,-0.010099445895528691
2026-07-20,0.018935388540744225,0.001451225778409689,-0.01956703812519911,-0.017188454714107404,-0.0014051567860325909
2026-07-21,0.06441279409037451,0.02354317615852482,0.018559426752421282,0.07725737138769673,0.008296525941036581
2026-07-22,-0.011904585662303152,0.02857704870537381,-0.01344900864104126,-0.006415252745598843,-0.00122111129468494
2026-07-23,-0.0037449692887558395,0.0027344844768790364,0.012161616751996895,-0.02063632793113468,-0.012255714577614318
2026-07-24,-0.05479585773623827,-0.009779088296504423,0.0032828463598925106,-0.06861218435973165,0.0007810514261743506
2026-07-27,-0.032336933635229076,-0.016736455150693847,0.00012565698193611752,0.04229953795785335,0.0002502914075004359
2026-07-28,-0.0759733934234616,-0.026304120539671388,0.005575478990197724,-0.03770700471992128,0.0024289711913449974
2026-07-29,-0.0501131202752865,-0.0030611777507425497,-0.0033365830584070055,-0.0725221921286211,-0.015169784945552323
2026-07-30,0.1005086975672505,0.020966479024792206,-0.02168030583981978,0.10288601272323128,0.016641028679415193
2026-07-31,0.010115981311054956,-0.0008965420602018807,-0.010365501208942862,0.006707303700509204,0.007128362902576679
2026-08-03,0.05167245668660925,0.019849855953383178,-0.01331201367608098,0.08067395595935534,0.014199373266344795
2026-08-04,0.13802198769787388,0.0036328912883218933,-0.0002374804395907093,0.08219968362504015,0.018064267107503307
2026-08-05,-0.007951578783180813,-0.0017091637499407897,0.024599255776710183,-0.01144246783207914,-0.0019464652329111987
2026-08-06,-0.01666884275093619,0.007053065640327705,0.022856780645879926,-0.0017780076885808294,-0.0016958044280334095
2026-08-07,0.056453516288520245,0.01733141353412874,-0.007012337455720108,0.06971227904569022,0.005166992147167315
